{"timestamp":"2025-09-01T00:29:47.993Z","type":"health_check","status":"warning","details":{"database":"warning","supabase":"warning","system":"healthy"}}
{"timestamp":"2025-09-01T00:29:47.964Z","type":"health_check","status":"warning","details":{"database":"warning","supabase":"warning","system":"healthy"}}
{"timestamp":"2025-09-01T01:20:40.202Z","type":"health_check","status":"error","details":{"database":"error","supabase":"warning","system":"healthy"}}
{"timestamp":"2025-09-01T01:20:40.206Z","type":"health_check","status":"error","details":{"database":"error","supabase":"warning","system":"healthy"}}
{"timestamp":"2025-09-01T01:21:26.202Z","type":"health_check","status":"warning","details":{"database":"warning","supabase":"healthy","system":"healthy"}}
{"timestamp":"2025-09-01T01:21:26.208Z","type":"health_check","status":"warning","details":{"database":"warning","supabase":"healthy","system":"healthy"}}
{"timestamp":"2025-09-01T01:22:12.717Z","type":"health_check","status":"healthy","details":{"database":"healthy","supabase":"healthy","system":"healthy"}}
{"timestamp":"2025-09-01T01:22:12.713Z","type":"health_check","status":"healthy","details":{"database":"healthy","supabase":"healthy","system":"healthy"}}
{"timestamp":"2025-09-01T01:22:58.065Z","type":"health_check","status":"healthy","details":{"database":"healthy","supabase":"healthy","system":"healthy"}}
{"timestamp":"2025-09-01T01:22:58.126Z","type":"health_check","status":"healthy","details":{"database":"healthy","supabase":"healthy","system":"healthy"}}
{"timestamp":"2025-09-01T01:23:43.457Z","type":"health_check","status":"healthy","details":{"database":"healthy","supabase":"healthy","system":"healthy"}}
{"timestamp":"2025-09-01T01:23:43.518Z","type":"health_check","status":"healthy","details":{"database":"healthy","supabase":"healthy","system":"healthy"}}
{"timestamp":"2025-09-01T01:24:29.160Z","type":"health_check","status":"healthy","details":{"database":"healthy","supabase":"healthy","system":"healthy"}}
{"timestamp":"2025-09-01T01:24:29.653Z","type":"health_check","status":"healthy","details":{"database":"healthy","supabase":"healthy","system":"healthy"}}
{"timestamp":"2025-09-01T01:25:14.523Z","type":"health_check","status":"warning","details":{"database":"healthy","supabase":"healthy","system":"warning"}}
{"timestamp":"2025-09-01T01:25:14.801Z","type":"health_check","status":"warning","details":{"database":"healthy","supabase":"healthy","system":"warning"}}
{"timestamp":"2025-09-01T01:26:00.049Z","type":"health_check","status":"warning","details":{"database":"healthy","supabase":"healthy","system":"warning"}}
{"timestamp":"2025-09-01T01:26:00.063Z","type":"health_check","status":"healthy","details":{"database":"healthy","supabase":"healthy","system":"healthy"}}
{"timestamp":"2025-09-01T01:26:45.716Z","type":"health_check","status":"warning","details":{"database":"healthy","supabase":"healthy","system":"warning"}}
{"timestamp":"2025-09-01T01:26:45.721Z","type":"health_check","status":"warning","details":{"database":"healthy","supabase":"healthy","system":"warning"}}
{"timestamp":"2025-09-01T01:27:31.005Z","type":"health_check","status":"warning","details":{"database":"healthy","supabase":"healthy","system":"warning"}}
{"timestamp":"2025-09-01T01:27:31.066Z","type":"health_check","status":"warning","details":{"database":"healthy","supabase":"healthy","system":"warning"}}
{"timestamp":"2025-09-01T01:28:16.335Z","type":"health_check","status":"warning","details":{"database":"healthy","supabase":"healthy","system":"warning"}}
{"timestamp":"2025-09-01T01:28:16.339Z","type":"health_check","status":"warning","details":{"database":"healthy","supabase":"healthy","system":"warning"}}
{"timestamp":"2025-09-01T01:29:01.938Z","type":"health_check","status":"warning","details":{"database":"healthy","supabase":"healthy","system":"warning"}}
{"timestamp":"2025-09-01T01:29:02.005Z","type":"health_check","status":"warning","details":{"database":"healthy","supabase":"healthy","system":"warning"}}
{"timestamp":"2025-09-01T01:30:41.411Z","type":"health_check","status":"warning","details":{"database":"healthy","supabase":"healthy","system":"warning"}}
{"timestamp":"2025-09-01T01:30:41.362Z","type":"health_check","status":"warning","details":{"database":"healthy","supabase":"healthy","system":"warning"}}
{"timestamp":"2025-09-01T01:31:11.369Z","type":"health_check","status":"warning","details":{"database":"healthy","supabase":"healthy","system":"warning"}}
{"timestamp":"2025-09-01T01:31:11.426Z","type":"health_check","status":"warning","details":{"database":"healthy","supabase":"healthy","system":"warning"}}
{"timestamp":"2025-09-01T01:32:11.675Z","type":"health_check","status":"warning","details":{"database":"healthy","supabase":"healthy","system":"warning"}}
{"timestamp":"2025-09-01T01:32:11.690Z","type":"health_check","status":"warning","details":{"database":"healthy","supabase":"healthy","system":"warning"}}
{"timestamp":"2025-09-01T01:32:56.966Z","type":"health_check","status":"warning","details":{"database":"healthy","supabase":"healthy","system":"warning"}}
{"timestamp":"2025-09-01T01:32:56.968Z","type":"health_check","status":"warning","details":{"database":"healthy","supabase":"healthy","system":"warning"}}
{"timestamp":"2025-09-01T01:33:42.751Z","type":"health_check","status":"warning","details":{"database":"healthy","supabase":"healthy","system":"warning"}}
{"timestamp":"2025-09-01T01:33:57.815Z","type":"health_check","status":"warning","details":{"database":"healthy","supabase":"healthy","system":"warning"}}
{"timestamp":"2025-09-01T01:34:28.025Z","type":"health_check","status":"warning","details":{"database":"healthy","supabase":"healthy","system":"warning"}}
{"timestamp":"2025-09-01T01:34:58.145Z","type":"health_check","status":"warning","details":{"database":"healthy","supabase":"healthy","system":"warning"}}
{"timestamp":"2025-09-01T01:35:28.285Z","type":"health_check","status":"warning","details":{"database":"healthy","supabase":"healthy","system":"warning"}}
{"timestamp":"2025-09-01T01:35:43.738Z","type":"health_check","status":"warning","details":{"database":"healthy","supabase":"healthy","system":"warning"}}
{"timestamp":"2025-09-01T01:36:28.553Z","type":"health_check","status":"warning","details":{"database":"healthy","supabase":"healthy","system":"warning"}}
{"timestamp":"2025-09-01T01:36:44.004Z","type":"health_check","status":"warning","details":{"database":"healthy","supabase":"healthy","system":"warning"}}
{"timestamp":"2025-09-01T01:37:28.861Z","type":"health_check","status":"warning","details":{"database":"healthy","supabase":"healthy","system":"warning"}}
{"timestamp":"2025-09-01T01:37:44.576Z","type":"health_check","status":"warning","details":{"database":"healthy","supabase":"healthy","system":"warning"}}
{"timestamp":"2025-09-01T01:38:10.437Z","type":"health_check","status":"warning","details":{"database":"healthy","supabase":"healthy","system":"warning"}}
{"timestamp":"2025-09-01T01:38:10.396Z","type":"health_check","status":"warning","details":{"database":"healthy","supabase":"healthy","system":"warning"}}
{"timestamp":"2025-09-01T01:39:33.894Z","type":"health_check","status":"warning","details":{"database":"healthy","supabase":"healthy","system":"warning"}}
{"timestamp":"2025-09-01T01:39:33.858Z","type":"health_check","status":"warning","details":{"database":"healthy","supabase":"healthy","system":"warning"}}
{"timestamp":"2025-09-01T01:40:03.869Z","type":"health_check","status":"warning","details":{"database":"healthy","supabase":"healthy","system":"warning"}}
{"timestamp":"2025-09-01T01:40:03.896Z","type":"health_check","status":"warning","details":{"database":"healthy","supabase":"healthy","system":"warning"}}
{"timestamp":"2025-09-01T01:40:49.282Z","type":"health_check","status":"warning","details":{"database":"healthy","supabase":"healthy","system":"warning"}}
{"timestamp":"2025-09-01T01:41:04.287Z","type":"health_check","status":"warning","details":{"database":"healthy","supabase":"healthy","system":"warning"}}
{"timestamp":"2025-09-01T01:41:49.721Z","type":"health_check","status":"warning","details":{"database":"healthy","supabase":"healthy","system":"warning"}}
{"timestamp":"2025-09-01T01:42:04.569Z","type":"health_check","status":"warning","details":{"database":"healthy","supabase":"healthy","system":"warning"}}
{"timestamp":"2025-09-01T01:42:35.346Z","type":"health_check","status":"warning","details":{"database":"healthy","supabase":"healthy","system":"warning"}}
{"timestamp":"2025-09-01T01:43:04.973Z","type":"health_check","status":"warning","details":{"database":"healthy","supabase":"healthy","system":"warning"}}
{"timestamp":"2025-09-01T01:43:38.858Z","type":"health_check","status":"warning","details":{"database":"healthy","supabase":"healthy","system":"warning"}}
{"timestamp":"2025-09-01T01:44:05.219Z","type":"health_check","status":"warning","details":{"database":"healthy","supabase":"healthy","system":"warning"}}
{"timestamp":"2025-09-01T01:44:39.434Z","type":"health_check","status":"warning","details":{"database":"warning","supabase":"healthy","system":"warning"}}
{"timestamp":"2025-09-01T01:45:05.531Z","type":"health_check","status":"warning","details":{"database":"healthy","supabase":"healthy","system":"warning"}}
{"timestamp":"2025-09-01T01:45:41.091Z","type":"health_check","status":"warning","details":{"database":"healthy","supabase":"healthy","system":"warning"}}
{"timestamp":"2025-09-01T01:46:06.244Z","type":"health_check","status":"warning","details":{"database":"healthy","supabase":"healthy","system":"warning"}}
{"timestamp":"2025-09-01T01:46:41.706Z","type":"health_check","status":"warning","details":{"database":"healthy","supabase":"healthy","system":"warning"}}
{"timestamp":"2025-09-01T01:47:06.558Z","type":"health_check","status":"warning","details":{"database":"healthy","supabase":"healthy","system":"warning"}}
{"timestamp":"2025-09-01T01:47:42.000Z","type":"health_check","status":"warning","details":{"database":"healthy","supabase":"healthy","system":"warning"}}
{"timestamp":"2025-09-01T01:48:06.868Z","type":"health_check","status":"warning","details":{"database":"healthy","supabase":"healthy","system":"warning"}}
{"timestamp":"2025-09-01T01:48:42.568Z","type":"health_check","status":"warning","details":{"database":"healthy","supabase":"healthy","system":"warning"}}
{"timestamp":"2025-09-01T01:49:07.184Z","type":"health_check","status":"warning","details":{"database":"healthy","supabase":"healthy","system":"warning"}}
{"timestamp":"2025-09-01T01:49:42.887Z","type":"health_check","status":"warning","details":{"database":"healthy","supabase":"healthy","system":"warning"}}
{"timestamp":"2025-09-01T01:50:07.497Z","type":"health_check","status":"warning","details":{"database":"healthy","supabase":"healthy","system":"warning"}}
{"timestamp":"2025-09-01T01:50:43.486Z","type":"health_check","status":"warning","details":{"database":"healthy","supabase":"healthy","system":"warning"}}
{"timestamp":"2025-09-01T01:51:07.850Z","type":"health_check","status":"warning","details":{"database":"healthy","supabase":"healthy","system":"warning"}}
{"timestamp":"2025-09-01T01:51:43.829Z","type":"health_check","status":"error","details":{"database":"healthy","supabase":"healthy","system":"error"}}
{"timestamp":"2025-09-01T01:52:08.383Z","type":"health_check","status":"warning","details":{"database":"healthy","supabase":"healthy","system":"warning"}}
{"timestamp":"2025-09-01T01:52:44.138Z","type":"health_check","status":"error","details":{"database":"healthy","supabase":"healthy","system":"error"}}
{"timestamp":"2025-09-01T01:53:08.726Z","type":"health_check","status":"warning","details":{"database":"healthy","supabase":"healthy","system":"warning"}}
{"timestamp":"2025-09-01T01:53:44.510Z","type":"health_check","status":"warning","details":{"database":"healthy","supabase":"healthy","system":"warning"}}
{"timestamp":"2025-09-01T01:54:09.011Z","type":"health_check","status":"error","details":{"database":"healthy","supabase":"healthy","system":"error"}}
{"timestamp":"2025-09-01T01:54:44.799Z","type":"health_check","status":"warning","details":{"database":"healthy","supabase":"healthy","system":"warning"}}
{"timestamp":"2025-09-01T01:55:09.297Z","type":"health_check","status":"error","details":{"database":"healthy","supabase":"healthy","system":"error"}}
{"timestamp":"2025-09-01T03:32:39.409Z","type":"health_check","status":"warning","details":{"database":"warning","supabase":"healthy","system":"warning"}}
{"timestamp":"2025-09-01T03:32:39.341Z","type":"health_check","status":"warning","details":{"database":"warning","supabase":"healthy","system":"warning"}}
{"timestamp":"2025-09-01T03:33:09.346Z","type":"health_check","status":"warning","details":{"database":"healthy","supabase":"healthy","system":"warning"}}
{"timestamp":"2025-09-01T03:33:09.427Z","type":"health_check","status":"warning","details":{"database":"healthy","supabase":"healthy","system":"warning"}}
{"timestamp":"2025-09-01T03:33:54.651Z","type":"health_check","status":"warning","details":{"database":"healthy","supabase":"healthy","system":"warning"}}
{"timestamp":"2025-09-01T03:33:54.660Z","type":"health_check","status":"warning","details":{"database":"healthy","supabase":"healthy","system":"warning"}}
{"timestamp":"2025-09-01T03:34:54.970Z","type":"health_check","status":"warning","details":{"database":"healthy","supabase":"healthy","system":"warning"}}
{"timestamp":"2025-09-01T03:34:54.968Z","type":"health_check","status":"warning","details":{"database":"healthy","supabase":"healthy","system":"warning"}}
{"timestamp":"2025-09-01T03:35:56.004Z","type":"health_check","status":"warning","details":{"database":"healthy","supabase":"healthy","system":"warning"}}
{"timestamp":"2025-09-01T03:35:56.037Z","type":"health_check","status":"warning","details":{"database":"healthy","supabase":"healthy","system":"warning"}}
{"timestamp":"2025-09-01T03:36:56.301Z","type":"health_check","status":"warning","details":{"database":"healthy","supabase":"healthy","system":"warning"}}
{"timestamp":"2025-09-01T03:36:56.371Z","type":"health_check","status":"warning","details":{"database":"healthy","supabase":"healthy","system":"warning"}}
{"timestamp":"2025-09-01T03:37:57.028Z","type":"health_check","status":"warning","details":{"database":"healthy","supabase":"healthy","system":"warning"}}
{"timestamp":"2025-09-01T03:37:56.896Z","type":"health_check","status":"warning","details":{"database":"healthy","supabase":"healthy","system":"warning"}}
{"timestamp":"2025-09-01T03:38:57.452Z","type":"health_check","status":"warning","details":{"database":"healthy","supabase":"healthy","system":"warning"}}
{"timestamp":"2025-09-01T03:38:57.427Z","type":"health_check","status":"warning","details":{"database":"healthy","supabase":"healthy","system":"warning"}}
{"timestamp":"2025-09-01T03:39:43.178Z","type":"health_check","status":"warning","details":{"database":"healthy","supabase":"healthy","system":"warning"}}
{"timestamp":"2025-09-01T03:39:42.979Z","type":"health_check","status":"warning","details":{"database":"healthy","supabase":"healthy","system":"warning"}}
{"timestamp":"2025-09-01T03:40:28.436Z","type":"health_check","status":"warning","details":{"database":"healthy","supabase":"healthy","system":"warning"}}
{"timestamp":"2025-09-01T03:40:28.432Z","type":"health_check","status":"warning","details":{"database":"healthy","supabase":"healthy","system":"warning"}}
{"timestamp":"2025-09-01T03:41:13.729Z","type":"health_check","status":"warning","details":{"database":"healthy","supabase":"healthy","system":"warning"}}
{"timestamp":"2025-09-01T03:41:13.734Z","type":"health_check","status":"warning","details":{"database":"healthy","supabase":"healthy","system":"warning"}}
{"timestamp":"2025-09-01T03:42:14.005Z","type":"health_check","status":"warning","details":{"database":"healthy","supabase":"healthy","system":"warning"}}
{"timestamp":"2025-09-01T03:42:14.458Z","type":"health_check","status":"warning","details":{"database":"healthy","supabase":"healthy","system":"warning"}}
{"timestamp":"2025-09-01T03:42:59.306Z","type":"health_check","status":"healthy","details":{"database":"healthy","supabase":"healthy","system":"healthy"}}
{"timestamp":"2025-09-01T03:42:59.626Z","type":"health_check","status":"healthy","details":{"database":"healthy","supabase":"healthy","system":"healthy"}}
{"timestamp":"2025-09-01T03:43:29.849Z","type":"health_check","status":"healthy","details":{"database":"healthy","supabase":"healthy","system":"healthy"}}
{"timestamp":"2025-09-01T03:43:29.773Z","type":"health_check","status":"healthy","details":{"database":"healthy","supabase":"healthy","system":"healthy"}}
{"timestamp":"2025-09-01T03:44:00.014Z","type":"health_check","status":"healthy","details":{"database":"healthy","supabase":"healthy","system":"healthy"}}
{"timestamp":"2025-09-01T03:44:00.118Z","type":"health_check","status":"healthy","details":{"database":"healthy","supabase":"healthy","system":"healthy"}}
{"timestamp":"2025-09-01T03:44:45.677Z","type":"health_check","status":"warning","details":{"database":"healthy","supabase":"healthy","system":"warning"}}
{"timestamp":"2025-09-01T03:44:45.680Z","type":"health_check","status":"warning","details":{"database":"healthy","supabase":"healthy","system":"warning"}}
{"timestamp":"2025-09-01T03:45:31.028Z","type":"health_check","status":"warning","details":{"database":"healthy","supabase":"healthy","system":"warning"}}
{"timestamp":"2025-09-01T03:45:46.003Z","type":"health_check","status":"warning","details":{"database":"healthy","supabase":"healthy","system":"warning"}}
{"timestamp":"2025-09-01T03:46:16.402Z","type":"health_check","status":"warning","details":{"database":"healthy","supabase":"healthy","system":"warning"}}
{"timestamp":"2025-09-01T03:46:46.331Z","type":"health_check","status":"warning","details":{"database":"healthy","supabase":"healthy","system":"warning"}}
{"timestamp":"2025-09-01T03:47:16.711Z","type":"health_check","status":"warning","details":{"database":"healthy","supabase":"healthy","system":"warning"}}
{"timestamp":"2025-09-01T03:47:32.056Z","type":"health_check","status":"warning","details":{"database":"healthy","supabase":"healthy","system":"warning"}}
{"timestamp":"2025-09-01T03:48:02.126Z","type":"health_check","status":"warning","details":{"database":"healthy","supabase":"healthy","system":"warning"}}
{"timestamp":"2025-09-01T03:48:32.529Z","type":"health_check","status":"warning","details":{"database":"healthy","supabase":"healthy","system":"warning"}}
{"timestamp":"2025-09-01T03:49:02.870Z","type":"health_check","status":"warning","details":{"database":"healthy","supabase":"healthy","system":"warning"}}
{"timestamp":"2025-09-01T03:49:18.195Z","type":"health_check","status":"warning","details":{"database":"healthy","supabase":"healthy","system":"warning"}}
{"timestamp":"2025-09-01T03:50:03.177Z","type":"health_check","status":"warning","details":{"database":"healthy","supabase":"healthy","system":"warning"}}
{"timestamp":"2025-09-01T03:50:18.508Z","type":"health_check","status":"warning","details":{"database":"healthy","supabase":"healthy","system":"warning"}}
{"timestamp":"2025-09-01T03:51:03.472Z","type":"health_check","status":"warning","details":{"database":"healthy","supabase":"healthy","system":"warning"}}
{"timestamp":"2025-09-01T03:51:04.463Z","type":"health_check","status":"warning","details":{"database":"healthy","supabase":"healthy","system":"warning"}}
{"timestamp":"2025-09-01T03:51:48.861Z","type":"health_check","status":"warning","details":{"database":"healthy","supabase":"healthy","system":"warning"}}
{"timestamp":"2025-09-01T03:51:49.641Z","type":"health_check","status":"warning","details":{"database":"healthy","supabase":"healthy","system":"warning"}}
{"timestamp":"2025-09-01T03:52:34.170Z","type":"health_check","status":"warning","details":{"database":"healthy","supabase":"healthy","system":"warning"}}
{"timestamp":"2025-09-01T03:52:49.795Z","type":"health_check","status":"warning","details":{"database":"healthy","supabase":"healthy","system":"warning"}}
{"timestamp":"2025-09-01T04:37:13.625Z","type":"health_check","status":"warning","details":{"database":"warning","supabase":"healthy","system":"warning"}}
{"timestamp":"2025-09-01T04:37:13.648Z","type":"health_check","status":"warning","details":{"database":"warning","supabase":"healthy","system":"warning"}}
{"timestamp":"2025-09-01T04:37:55.698Z","type":"health_check","status":"warning","details":{"database":"healthy","supabase":"healthy","system":"warning"}}
{"timestamp":"2025-09-01T04:37:55.741Z","type":"health_check","status":"warning","details":{"database":"healthy","supabase":"healthy","system":"warning"}}
{"timestamp":"2025-09-01T04:38:25.706Z","type":"health_check","status":"warning","details":{"database":"healthy","supabase":"healthy","system":"warning"}}
{"timestamp":"2025-09-01T04:38:25.748Z","type":"health_check","status":"warning","details":{"database":"healthy","supabase":"healthy","system":"warning"}}
{"timestamp":"2025-09-01T04:39:11.061Z","type":"health_check","status":"warning","details":{"database":"healthy","supabase":"healthy","system":"warning"}}
{"timestamp":"2025-09-01T04:39:11.064Z","type":"health_check","status":"warning","details":{"database":"warning","supabase":"healthy","system":"warning"}}
{"timestamp":"2025-09-01T04:40:11.873Z","type":"health_check","status":"warning","details":{"database":"healthy","supabase":"healthy","system":"warning"}}
{"timestamp":"2025-09-01T04:40:12.341Z","type":"health_check","status":"warning","details":{"database":"healthy","supabase":"healthy","system":"warning"}}
{"timestamp":"2025-09-01T04:40:50.088Z","type":"health_check","status":"warning","details":{"database":"healthy","supabase":"healthy","system":"warning"}}
{"timestamp":"2025-09-01T04:40:50.054Z","type":"health_check","status":"warning","details":{"database":"healthy","supabase":"healthy","system":"warning"}}
{"timestamp":"2025-09-01T04:41:20.061Z","type":"health_check","status":"warning","details":{"database":"healthy","supabase":"healthy","system":"warning"}}
{"timestamp":"2025-09-01T04:41:20.091Z","type":"health_check","status":"warning","details":{"database":"healthy","supabase":"healthy","system":"warning"}}
{"timestamp":"2025-09-01T04:42:20.398Z","type":"health_check","status":"warning","details":{"database":"healthy","supabase":"healthy","system":"warning"}}
{"timestamp":"2025-09-01T04:42:20.490Z","type":"health_check","status":"warning","details":{"database":"healthy","supabase":"healthy","system":"warning"}}
{"timestamp":"2025-09-01T04:43:20.807Z","type":"health_check","status":"warning","details":{"database":"healthy","supabase":"healthy","system":"warning"}}
{"timestamp":"2025-09-01T04:43:20.801Z","type":"health_check","status":"warning","details":{"database":"healthy","supabase":"healthy","system":"warning"}}
{"timestamp":"2025-09-01T04:44:21.483Z","type":"health_check","status":"warning","details":{"database":"healthy","supabase":"healthy","system":"warning"}}
{"timestamp":"2025-09-01T04:44:21.490Z","type":"health_check","status":"warning","details":{"database":"healthy","supabase":"healthy","system":"warning"}}
{"timestamp":"2025-09-01T04:45:21.809Z","type":"health_check","status":"error","details":{"database":"healthy","supabase":"healthy","system":"error"}}
{"timestamp":"2025-09-01T04:45:21.992Z","type":"health_check","status":"error","details":{"database":"healthy","supabase":"healthy","system":"error"}}
{"timestamp":"2025-09-01T04:46:22.435Z","type":"health_check","status":"error","details":{"database":"healthy","supabase":"healthy","system":"error"}}
{"timestamp":"2025-09-01T04:46:22.466Z","type":"health_check","status":"error","details":{"database":"healthy","supabase":"healthy","system":"error"}}
{"timestamp":"2025-09-01T04:47:22.802Z","type":"health_check","status":"error","details":{"database":"healthy","supabase":"healthy","system":"error"}}
{"timestamp":"2025-09-01T04:47:22.796Z","type":"health_check","status":"error","details":{"database":"healthy","supabase":"healthy","system":"error"}}
{"timestamp":"2025-09-01T04:48:23.414Z","type":"health_check","status":"warning","details":{"database":"healthy","supabase":"healthy","system":"warning"}}
{"timestamp":"2025-09-01T04:48:23.478Z","type":"health_check","status":"warning","details":{"database":"healthy","supabase":"healthy","system":"warning"}}
{"timestamp":"2025-09-01T04:49:23.694Z","type":"health_check","status":"warning","details":{"database":"healthy","supabase":"healthy","system":"warning"}}
{"timestamp":"2025-09-01T04:49:23.793Z","type":"health_check","status":"warning","details":{"database":"healthy","supabase":"healthy","system":"warning"}}
{"timestamp":"2025-09-01T04:50:24.209Z","type":"health_check","status":"warning","details":{"database":"healthy","supabase":"healthy","system":"warning"}}
{"timestamp":"2025-09-01T04:50:24.402Z","type":"health_check","status":"warning","details":{"database":"healthy","supabase":"healthy","system":"warning"}}
{"timestamp":"2025-09-01T04:50:55.911Z","type":"health_check","status":"warning","details":{"database":"healthy","supabase":"healthy","system":"warning"}}
{"timestamp":"2025-09-01T04:50:55.874Z","type":"health_check","status":"warning","details":{"database":"healthy","supabase":"healthy","system":"warning"}}
{"timestamp":"2025-09-01T04:51:25.878Z","type":"health_check","status":"warning","details":{"database":"healthy","supabase":"healthy","system":"warning"}}
{"timestamp":"2025-09-01T04:51:25.923Z","type":"health_check","status":"warning","details":{"database":"healthy","supabase":"healthy","system":"warning"}}
{"timestamp":"2025-09-01T04:52:26.559Z","type":"health_check","status":"warning","details":{"database":"healthy","supabase":"healthy","system":"warning"}}
{"timestamp":"2025-09-01T04:52:26.513Z","type":"health_check","status":"warning","details":{"database":"healthy","supabase":"healthy","system":"warning"}}
{"timestamp":"2025-09-01T04:53:26.791Z","type":"health_check","status":"warning","details":{"database":"healthy","supabase":"healthy","system":"warning"}}
{"timestamp":"2025-09-01T04:53:26.799Z","type":"health_check","status":"warning","details":{"database":"healthy","supabase":"healthy","system":"warning"}}
{"timestamp":"2025-09-01T04:54:27.372Z","type":"health_check","status":"warning","details":{"database":"healthy","supabase":"healthy","system":"warning"}}
{"timestamp":"2025-09-01T04:54:27.376Z","type":"health_check","status":"warning","details":{"database":"healthy","supabase":"healthy","system":"warning"}}
{"timestamp":"2025-09-01T04:55:27.711Z","type":"health_check","status":"warning","details":{"database":"healthy","supabase":"healthy","system":"warning"}}
{"timestamp":"2025-09-01T04:55:27.804Z","type":"health_check","status":"warning","details":{"database":"healthy","supabase":"healthy","system":"warning"}}
{"timestamp":"2025-09-01T04:56:28.278Z","type":"health_check","status":"warning","details":{"database":"healthy","supabase":"healthy","system":"warning"}}
{"timestamp":"2025-09-01T04:56:28.369Z","type":"health_check","status":"warning","details":{"database":"healthy","supabase":"healthy","system":"warning"}}
{"timestamp":"2025-09-01T04:57:28.631Z","type":"health_check","status":"warning","details":{"database":"healthy","supabase":"healthy","system":"warning"}}
{"timestamp":"2025-09-01T04:57:28.571Z","type":"health_check","status":"error","details":{"database":"healthy","supabase":"healthy","system":"error"}}
{"timestamp":"2025-09-01T04:58:28.950Z","type":"health_check","status":"warning","details":{"database":"healthy","supabase":"healthy","system":"warning"}}
{"timestamp":"2025-09-01T04:58:29.088Z","type":"health_check","status":"warning","details":{"database":"healthy","supabase":"healthy","system":"warning"}}
{"timestamp":"2025-09-01T04:59:29.299Z","type":"health_check","status":"warning","details":{"database":"healthy","supabase":"healthy","system":"warning"}}
{"timestamp":"2025-09-01T04:59:29.234Z","type":"health_check","status":"warning","details":{"database":"healthy","supabase":"healthy","system":"warning"}}
{"timestamp":"2025-09-01T05:00:29.566Z","type":"health_check","status":"healthy","details":{"database":"healthy","supabase":"healthy","system":"healthy"}}
{"timestamp":"2025-09-01T05:00:29.775Z","type":"health_check","status":"healthy","details":{"database":"healthy","supabase":"healthy","system":"healthy"}}
{"timestamp":"2025-09-01T05:00:59.840Z","type":"health_check","status":"healthy","details":{"database":"healthy","supabase":"healthy","system":"healthy"}}
{"timestamp":"2025-09-01T05:00:59.961Z","type":"health_check","status":"healthy","details":{"database":"healthy","supabase":"healthy","system":"healthy"}}
{"timestamp":"2025-09-01T05:01:30.360Z","type":"health_check","status":"healthy","details":{"database":"healthy","supabase":"healthy","system":"healthy"}}
{"timestamp":"2025-09-01T05:01:45.376Z","type":"health_check","status":"healthy","details":{"database":"healthy","supabase":"healthy","system":"healthy"}}
{"timestamp":"2025-09-01T05:02:15.617Z","type":"health_check","status":"healthy","details":{"database":"healthy","supabase":"healthy","system":"healthy"}}
{"timestamp":"2025-09-01T05:02:15.949Z","type":"health_check","status":"healthy","details":{"database":"healthy","supabase":"healthy","system":"healthy"}}
{"timestamp":"2025-09-01T05:02:46.090Z","type":"health_check","status":"healthy","details":{"database":"healthy","supabase":"healthy","system":"healthy"}}
{"timestamp":"2025-09-01T05:03:00.882Z","type":"health_check","status":"healthy","details":{"database":"healthy","supabase":"healthy","system":"healthy"}}
{"timestamp":"2025-09-01T05:03:31.344Z","type":"health_check","status":"warning","details":{"database":"healthy","supabase":"healthy","system":"warning"}}
{"timestamp":"2025-09-01T05:03:31.435Z","type":"health_check","status":"warning","details":{"database":"healthy","supabase":"healthy","system":"warning"}}
{"timestamp":"2025-09-01T05:04:17.065Z","type":"health_check","status":"warning","details":{"database":"healthy","supabase":"healthy","system":"warning"}}
{"timestamp":"2025-09-01T05:04:17.043Z","type":"health_check","status":"warning","details":{"database":"healthy","supabase":"healthy","system":"warning"}}
{"timestamp":"2025-09-01T05:05:02.478Z","type":"health_check","status":"warning","details":{"database":"healthy","supabase":"healthy","system":"warning"}}
{"timestamp":"2025-09-01T05:05:17.306Z","type":"health_check","status":"warning","details":{"database":"healthy","supabase":"healthy","system":"warning"}}
{"timestamp":"2025-09-01T05:05:47.832Z","type":"health_check","status":"warning","details":{"database":"healthy","supabase":"healthy","system":"warning"}}
{"timestamp":"2025-09-01T05:06:17.999Z","type":"health_check","status":"warning","details":{"database":"healthy","supabase":"healthy","system":"warning"}}
{"timestamp":"2025-09-01T05:06:48.183Z","type":"health_check","status":"warning","details":{"database":"healthy","supabase":"healthy","system":"warning"}}
{"timestamp":"2025-09-01T05:07:18.333Z","type":"health_check","status":"warning","details":{"database":"healthy","supabase":"healthy","system":"warning"}}
{"timestamp":"2025-09-01T05:07:33.803Z","type":"health_check","status":"warning","details":{"database":"healthy","supabase":"healthy","system":"warning"}}
{"timestamp":"2025-09-01T05:08:18.905Z","type":"health_check","status":"warning","details":{"database":"healthy","supabase":"healthy","system":"warning"}}
{"timestamp":"2025-09-01T05:08:34.093Z","type":"health_check","status":"warning","details":{"database":"healthy","supabase":"healthy","system":"warning"}}
{"timestamp":"2025-09-01T05:09:19.404Z","type":"health_check","status":"healthy","details":{"database":"healthy","supabase":"healthy","system":"healthy"}}
{"timestamp":"2025-09-01T05:09:34.375Z","type":"health_check","status":"healthy","details":{"database":"healthy","supabase":"healthy","system":"healthy"}}
{"timestamp":"2025-09-01T05:10:04.704Z","type":"health_check","status":"warning","details":{"database":"healthy","supabase":"healthy","system":"warning"}}
{"timestamp":"2025-09-01T05:10:05.725Z","type":"health_check","status":"warning","details":{"database":"healthy","supabase":"healthy","system":"warning"}}
{"timestamp":"2025-09-01T05:11:05.195Z","type":"health_check","status":"warning","details":{"database":"healthy","supabase":"healthy","system":"warning"}}
{"timestamp":"2025-09-01T05:11:05.876Z","type":"health_check","status":"warning","details":{"database":"healthy","supabase":"healthy","system":"warning"}}
{"timestamp":"2025-09-01T05:11:50.888Z","type":"health_check","status":"error","details":{"database":"healthy","supabase":"healthy","system":"error"}}
{"timestamp":"2025-09-01T05:12:06.048Z","type":"health_check","status":"warning","details":{"database":"healthy","supabase":"healthy","system":"warning"}}
{"timestamp":"2025-09-01T05:12:51.217Z","type":"health_check","status":"warning","details":{"database":"healthy","supabase":"healthy","system":"warning"}}
{"timestamp":"2025-09-01T05:13:06.339Z","type":"health_check","status":"warning","details":{"database":"healthy","supabase":"healthy","system":"warning"}}
{"timestamp":"2025-09-01T05:13:51.962Z","type":"health_check","status":"warning","details":{"database":"healthy","supabase":"healthy","system":"warning"}}
{"timestamp":"2025-09-01T05:14:06.641Z","type":"health_check","status":"warning","details":{"database":"healthy","supabase":"healthy","system":"warning"}}
{"timestamp":"2025-09-01T05:14:52.285Z","type":"health_check","status":"warning","details":{"database":"healthy","supabase":"healthy","system":"warning"}}
{"timestamp":"2025-09-01T05:15:07.001Z","type":"health_check","status":"error","details":{"database":"healthy","supabase":"healthy","system":"error"}}
{"timestamp":"2025-09-01T05:15:53.093Z","type":"health_check","status":"error","details":{"database":"healthy","supabase":"healthy","system":"error"}}
{"timestamp":"2025-09-01T05:16:07.333Z","type":"health_check","status":"warning","details":{"database":"healthy","supabase":"healthy","system":"warning"}}
{"timestamp":"2025-09-01T05:16:53.489Z","type":"health_check","status":"error","details":{"database":"healthy","supabase":"healthy","system":"error"}}
{"timestamp":"2025-09-01T05:17:07.641Z","type":"health_check","status":"error","details":{"database":"healthy","supabase":"healthy","system":"error"}}
{"timestamp":"2025-09-01T05:17:54.185Z","type":"health_check","status":"warning","details":{"database":"healthy","supabase":"healthy","system":"warning"}}
{"timestamp":"2025-09-01T05:18:07.966Z","type":"health_check","status":"warning","details":{"database":"healthy","supabase":"healthy","system":"warning"}}
{"timestamp":"2025-09-01T05:18:54.497Z","type":"health_check","status":"warning","details":{"database":"healthy","supabase":"healthy","system":"warning"}}
{"timestamp":"2025-09-01T05:19:08.238Z","type":"health_check","status":"warning","details":{"database":"healthy","supabase":"healthy","system":"warning"}}
{"timestamp":"2025-09-01T05:19:55.170Z","type":"health_check","status":"error","details":{"database":"healthy","supabase":"healthy","system":"error"}}
{"timestamp":"2025-09-01T05:20:08.499Z","type":"health_check","status":"warning","details":{"database":"healthy","supabase":"healthy","system":"warning"}}
{"timestamp":"2025-09-01T05:20:55.645Z","type":"health_check","status":"warning","details":{"database":"healthy","supabase":"healthy","system":"warning"}}
{"timestamp":"2025-09-01T05:21:08.759Z","type":"health_check","status":"warning","details":{"database":"healthy","supabase":"healthy","system":"warning"}}
{"timestamp":"2025-09-01T05:21:56.319Z","type":"health_check","status":"error","details":{"database":"healthy","supabase":"healthy","system":"error"}}
{"timestamp":"2025-09-01T05:22:08.978Z","type":"health_check","status":"warning","details":{"database":"healthy","supabase":"healthy","system":"warning"}}
{"timestamp":"2025-09-01T05:22:56.629Z","type":"health_check","status":"warning","details":{"database":"healthy","supabase":"healthy","system":"warning"}}
{"timestamp":"2025-09-01T05:23:09.227Z","type":"health_check","status":"warning","details":{"database":"healthy","supabase":"healthy","system":"warning"}}
{"timestamp":"2025-09-01T05:23:57.266Z","type":"health_check","status":"warning","details":{"database":"healthy","supabase":"healthy","system":"warning"}}
{"timestamp":"2025-09-01T05:24:09.509Z","type":"health_check","status":"error","details":{"database":"healthy","supabase":"healthy","system":"error"}}
{"timestamp":"2025-09-01T05:24:57.577Z","type":"health_check","status":"healthy","details":{"database":"healthy","supabase":"healthy","system":"healthy"}}
{"timestamp":"2025-09-01T05:25:09.861Z","type":"health_check","status":"healthy","details":{"database":"healthy","supabase":"healthy","system":"healthy"}}
{"timestamp":"2025-09-01T05:25:42.900Z","type":"health_check","status":"warning","details":{"database":"healthy","supabase":"healthy","system":"warning"}}
{"timestamp":"2025-09-01T05:25:55.190Z","type":"health_check","status":"warning","details":{"database":"healthy","supabase":"healthy","system":"warning"}}
{"timestamp":"2025-09-01T05:26:43.245Z","type":"health_check","status":"error","details":{"database":"healthy","supabase":"healthy","system":"error"}}
{"timestamp":"2025-09-01T05:26:55.498Z","type":"health_check","status":"warning","details":{"database":"healthy","supabase":"healthy","system":"warning"}}
{"timestamp":"2025-09-01T05:27:43.850Z","type":"health_check","status":"warning","details":{"database":"healthy","supabase":"healthy","system":"warning"}}
{"timestamp":"2025-09-01T05:27:55.799Z","type":"health_check","status":"warning","details":{"database":"healthy","supabase":"healthy","system":"warning"}}
{"timestamp":"2025-09-01T05:28:44.213Z","type":"health_check","status":"warning","details":{"database":"healthy","supabase":"healthy","system":"warning"}}
{"timestamp":"2025-09-01T05:28:56.099Z","type":"health_check","status":"error","details":{"database":"healthy","supabase":"healthy","system":"error"}}
{"timestamp":"2025-09-01T05:29:45.025Z","type":"health_check","status":"warning","details":{"database":"healthy","supabase":"healthy","system":"warning"}}
{"timestamp":"2025-09-01T05:29:56.432Z","type":"health_check","status":"warning","details":{"database":"healthy","supabase":"healthy","system":"warning"}}
{"timestamp":"2025-09-01T05:30:45.375Z","type":"health_check","status":"healthy","details":{"database":"healthy","supabase":"healthy","system":"healthy"}}
{"timestamp":"2025-09-01T05:30:56.729Z","type":"health_check","status":"warning","details":{"database":"healthy","supabase":"healthy","system":"warning"}}
{"timestamp":"2025-09-01T05:31:15.764Z","type":"health_check","status":"warning","details":{"database":"healthy","supabase":"healthy","system":"warning"}}
{"timestamp":"2025-09-01T05:31:57.062Z","type":"health_check","status":"warning","details":{"database":"healthy","supabase":"healthy","system":"warning"}}
{"timestamp":"2025-09-01T05:32:16.077Z","type":"health_check","status":"warning","details":{"database":"healthy","supabase":"healthy","system":"warning"}}
{"timestamp":"2025-09-01T05:32:57.375Z","type":"health_check","status":"warning","details":{"database":"healthy","supabase":"healthy","system":"warning"}}
{"timestamp":"2025-09-01T05:33:16.663Z","type":"health_check","status":"warning","details":{"database":"healthy","supabase":"healthy","system":"warning"}}
{"timestamp":"2025-09-01T05:33:42.743Z","type":"health_check","status":"warning","details":{"database":"healthy","supabase":"healthy","system":"warning"}}
{"timestamp":"2025-09-01T05:34:16.923Z","type":"health_check","status":"warning","details":{"database":"healthy","supabase":"healthy","system":"warning"}}
{"timestamp":"2025-09-01T05:34:43.023Z","type":"health_check","status":"warning","details":{"database":"healthy","supabase":"healthy","system":"warning"}}
{"timestamp":"2025-09-01T05:35:17.541Z","type":"health_check","status":"warning","details":{"database":"healthy","supabase":"healthy","system":"warning"}}
{"timestamp":"2025-09-01T05:35:43.320Z","type":"health_check","status":"warning","details":{"database":"healthy","supabase":"healthy","system":"warning"}}
{"timestamp":"2025-09-01T05:36:02.860Z","type":"health_check","status":"warning","details":{"database":"healthy","supabase":"healthy","system":"warning"}}
{"timestamp":"2025-09-01T05:36:43.651Z","type":"health_check","status":"warning","details":{"database":"healthy","supabase":"healthy","system":"warning"}}
{"timestamp":"2025-09-01T05:37:03.367Z","type":"health_check","status":"healthy","details":{"database":"healthy","supabase":"healthy","system":"healthy"}}
{"timestamp":"2025-09-01T05:37:43.901Z","type":"health_check","status":"warning","details":{"database":"healthy","supabase":"healthy","system":"warning"}}
{"timestamp":"2025-09-01T05:37:48.557Z","type":"health_check","status":"warning","details":{"database":"healthy","supabase":"healthy","system":"warning"}}
{"timestamp":"2025-09-01T05:38:29.492Z","type":"health_check","status":"healthy","details":{"database":"healthy","supabase":"healthy","system":"healthy"}}
{"timestamp":"2025-09-01T05:38:33.845Z","type":"health_check","status":"healthy","details":{"database":"healthy","supabase":"healthy","system":"healthy"}}
{"timestamp":"2025-09-01T05:39:14.793Z","type":"health_check","status":"warning","details":{"database":"healthy","supabase":"healthy","system":"warning"}}
{"timestamp":"2025-09-01T05:39:19.122Z","type":"health_check","status":"warning","details":{"database":"healthy","supabase":"healthy","system":"warning"}}
{"timestamp":"2025-09-01T05:40:04.349Z","type":"health_check","status":"warning","details":{"database":"healthy","supabase":"healthy","system":"warning"}}
{"timestamp":"2025-09-01T05:40:15.122Z","type":"health_check","status":"warning","details":{"database":"healthy","supabase":"healthy","system":"warning"}}
{"timestamp":"2025-09-01T05:57:40.388Z","type":"health_check","status":"warning","details":{"database":"healthy","supabase":"healthy","system":"warning"}}
{"timestamp":"2025-09-01T05:57:40.469Z","type":"health_check","status":"warning","details":{"database":"healthy","supabase":"healthy","system":"warning"}}
{"timestamp":"2025-09-01T05:58:10.481Z","type":"health_check","status":"warning","details":{"database":"healthy","supabase":"healthy","system":"warning"}}
{"timestamp":"2025-09-01T05:58:10.394Z","type":"health_check","status":"warning","details":{"database":"healthy","supabase":"healthy","system":"warning"}}
{"timestamp":"2025-09-01T05:59:11.094Z","type":"health_check","status":"warning","details":{"database":"healthy","supabase":"healthy","system":"warning"}}
{"timestamp":"2025-09-01T05:59:11.063Z","type":"health_check","status":"warning","details":{"database":"healthy","supabase":"healthy","system":"warning"}}
{"timestamp":"2025-09-01T06:00:11.760Z","type":"health_check","status":"warning","details":{"database":"healthy","supabase":"healthy","system":"warning"}}
{"timestamp":"2025-09-01T06:00:11.753Z","type":"health_check","status":"warning","details":{"database":"healthy","supabase":"healthy","system":"warning"}}
{"timestamp":"2025-09-01T06:01:12.724Z","type":"health_check","status":"warning","details":{"database":"healthy","supabase":"healthy","system":"warning"}}
{"timestamp":"2025-09-01T06:01:12.682Z","type":"health_check","status":"warning","details":{"database":"healthy","supabase":"healthy","system":"warning"}}
{"timestamp":"2025-09-01T06:02:13.281Z","type":"health_check","status":"warning","details":{"database":"healthy","supabase":"healthy","system":"warning"}}
{"timestamp":"2025-09-01T06:02:13.450Z","type":"health_check","status":"warning","details":{"database":"healthy","supabase":"healthy","system":"warning"}}
{"timestamp":"2025-09-01T06:03:14.297Z","type":"health_check","status":"healthy","details":{"database":"healthy","supabase":"healthy","system":"healthy"}}
{"timestamp":"2025-09-01T06:03:14.293Z","type":"health_check","status":"healthy","details":{"database":"healthy","supabase":"healthy","system":"healthy"}}
{"timestamp":"2025-09-01T06:04:00.029Z","type":"health_check","status":"warning","details":{"database":"healthy","supabase":"healthy","system":"warning"}}
{"timestamp":"2025-09-01T06:03:59.967Z","type":"health_check","status":"warning","details":{"database":"healthy","supabase":"healthy","system":"warning"}}
{"timestamp":"2025-09-01T06:04:45.925Z","type":"health_check","status":"healthy","details":{"database":"healthy","supabase":"healthy","system":"healthy"}}
{"timestamp":"2025-09-01T06:04:45.726Z","type":"health_check","status":"healthy","details":{"database":"healthy","supabase":"healthy","system":"healthy"}}
{"timestamp":"2025-09-01T06:05:31.510Z","type":"health_check","status":"warning","details":{"database":"healthy","supabase":"healthy","system":"warning"}}
{"timestamp":"2025-09-01T06:05:31.633Z","type":"health_check","status":"warning","details":{"database":"healthy","supabase":"healthy","system":"warning"}}
{"timestamp":"2025-09-01T06:06:17.222Z","type":"health_check","status":"warning","details":{"database":"healthy","supabase":"healthy","system":"warning"}}
{"timestamp":"2025-09-01T06:06:17.207Z","type":"health_check","status":"warning","details":{"database":"healthy","supabase":"healthy","system":"warning"}}
{"timestamp":"2025-09-01T06:42:53.559Z","type":"health_check","status":"error","details":{"database":"error","supabase":"warning","system":"warning"}}
{"timestamp":"2025-09-01T06:42:53.580Z","type":"health_check","status":"error","details":{"database":"error","supabase":"warning","system":"warning"}}
{"timestamp":"2025-09-01T08:23:03.706Z","type":"health_check","status":"error","details":{"database":"error","supabase":"warning","system":"warning"}}
{"timestamp":"2025-09-01T08:23:03.709Z","type":"health_check","status":"error","details":{"database":"error","supabase":"warning","system":"warning"}}
{"timestamp":"2025-09-01T08:24:06.341Z","type":"health_check","status":"warning","details":{"database":"healthy","supabase":"healthy","system":"warning"}}
{"timestamp":"2025-09-01T08:24:06.554Z","type":"health_check","status":"warning","details":{"database":"healthy","supabase":"healthy","system":"warning"}}
{"timestamp":"2025-09-01T08:24:52.417Z","type":"health_check","status":"healthy","details":{"database":"healthy","supabase":"healthy","system":"healthy"}}
{"timestamp":"2025-09-01T08:24:52.433Z","type":"health_check","status":"healthy","details":{"database":"healthy","supabase":"healthy","system":"healthy"}}
{"timestamp":"2025-09-01T08:25:37.654Z","type":"health_check","status":"warning","details":{"database":"healthy","supabase":"healthy","system":"warning"}}
{"timestamp":"2025-09-01T08:25:37.634Z","type":"health_check","status":"warning","details":{"database":"healthy","supabase":"healthy","system":"warning"}}
{"timestamp":"2025-09-01T08:26:37.937Z","type":"health_check","status":"warning","details":{"database":"healthy","supabase":"healthy","system":"warning"}}
{"timestamp":"2025-09-01T08:26:37.945Z","type":"health_check","status":"warning","details":{"database":"healthy","supabase":"healthy","system":"warning"}}
{"timestamp":"2025-09-01T08:27:38.572Z","type":"health_check","status":"warning","details":{"database":"healthy","supabase":"healthy","system":"warning"}}
{"timestamp":"2025-09-01T08:27:38.587Z","type":"health_check","status":"warning","details":{"database":"healthy","supabase":"healthy","system":"warning"}}
{"timestamp":"2025-09-01T08:28:38.949Z","type":"health_check","status":"error","details":{"database":"healthy","supabase":"healthy","system":"error"}}
{"timestamp":"2025-09-01T08:28:38.994Z","type":"health_check","status":"error","details":{"database":"healthy","supabase":"healthy","system":"error"}}
{"timestamp":"2025-09-01T08:29:39.606Z","type":"health_check","status":"warning","details":{"database":"healthy","supabase":"healthy","system":"warning"}}
{"timestamp":"2025-09-01T08:29:39.637Z","type":"health_check","status":"warning","details":{"database":"healthy","supabase":"healthy","system":"warning"}}
{"timestamp":"2025-09-01T08:30:39.921Z","type":"health_check","status":"warning","details":{"database":"healthy","supabase":"healthy","system":"warning"}}
{"timestamp":"2025-09-01T08:30:39.925Z","type":"health_check","status":"warning","details":{"database":"healthy","supabase":"healthy","system":"warning"}}
{"timestamp":"2025-09-01T08:31:40.502Z","type":"health_check","status":"error","details":{"database":"healthy","supabase":"healthy","system":"error"}}
{"timestamp":"2025-09-01T08:31:40.567Z","type":"health_check","status":"error","details":{"database":"healthy","supabase":"healthy","system":"error"}}
{"timestamp":"2025-09-01T08:32:40.882Z","type":"health_check","status":"error","details":{"database":"healthy","supabase":"healthy","system":"error"}}
{"timestamp":"2025-09-01T08:32:40.782Z","type":"health_check","status":"error","details":{"database":"healthy","supabase":"healthy","system":"error"}}
{"timestamp":"2025-09-01T08:33:41.203Z","type":"health_check","status":"healthy","details":{"database":"healthy","supabase":"healthy","system":"healthy"}}
{"timestamp":"2025-09-01T08:33:41.252Z","type":"health_check","status":"healthy","details":{"database":"healthy","supabase":"healthy","system":"healthy"}}
{"timestamp":"2025-09-01T08:34:11.536Z","type":"health_check","status":"healthy","details":{"database":"healthy","supabase":"healthy","system":"healthy"}}
{"timestamp":"2025-09-01T08:34:11.539Z","type":"health_check","status":"healthy","details":{"database":"healthy","supabase":"healthy","system":"healthy"}}
{"timestamp":"2025-09-01T08:34:41.814Z","type":"health_check","status":"healthy","details":{"database":"healthy","supabase":"healthy","system":"healthy"}}
{"timestamp":"2025-09-01T08:34:41.828Z","type":"health_check","status":"healthy","details":{"database":"healthy","supabase":"healthy","system":"healthy"}}
{"timestamp":"2025-09-01T08:35:12.831Z","type":"health_check","status":"healthy","details":{"database":"healthy","supabase":"healthy","system":"healthy"}}
{"timestamp":"2025-09-01T08:35:12.783Z","type":"health_check","status":"healthy","details":{"database":"healthy","supabase":"healthy","system":"healthy"}}
{"timestamp":"2025-09-01T08:35:43.129Z","type":"health_check","status":"healthy","details":{"database":"healthy","supabase":"healthy","system":"healthy"}}
{"timestamp":"2025-09-01T08:35:43.127Z","type":"health_check","status":"healthy","details":{"database":"healthy","supabase":"healthy","system":"healthy"}}
{"timestamp":"2025-09-01T08:36:13.512Z","type":"health_check","status":"warning","details":{"database":"healthy","supabase":"healthy","system":"warning"}}
{"timestamp":"2025-09-01T08:36:13.556Z","type":"health_check","status":"warning","details":{"database":"healthy","supabase":"healthy","system":"warning"}}
{"timestamp":"2025-09-01T08:37:13.705Z","type":"health_check","status":"warning","details":{"database":"healthy","supabase":"healthy","system":"warning"}}
{"timestamp":"2025-09-01T08:37:13.821Z","type":"health_check","status":"warning","details":{"database":"healthy","supabase":"healthy","system":"warning"}}
{"timestamp":"2025-09-01T08:38:14.274Z","type":"health_check","status":"warning","details":{"database":"healthy","supabase":"healthy","system":"warning"}}
{"timestamp":"2025-09-01T08:38:14.346Z","type":"health_check","status":"warning","details":{"database":"healthy","supabase":"healthy","system":"warning"}}
{"timestamp":"2025-09-01T08:39:14.544Z","type":"health_check","status":"warning","details":{"database":"healthy","supabase":"healthy","system":"warning"}}
{"timestamp":"2025-09-01T08:39:14.591Z","type":"health_check","status":"warning","details":{"database":"healthy","supabase":"healthy","system":"warning"}}
{"timestamp":"2025-09-01T08:40:15.128Z","type":"health_check","status":"error","details":{"database":"healthy","supabase":"healthy","system":"error"}}
{"timestamp":"2025-09-01T08:40:15.268Z","type":"health_check","status":"error","details":{"database":"healthy","supabase":"healthy","system":"error"}}
{"timestamp":"2025-09-01T08:41:15.520Z","type":"health_check","status":"warning","details":{"database":"healthy","supabase":"healthy","system":"warning"}}
{"timestamp":"2025-09-01T08:41:15.450Z","type":"health_check","status":"warning","details":{"database":"healthy","supabase":"healthy","system":"warning"}}
{"timestamp":"2025-09-01T08:42:15.791Z","type":"health_check","status":"error","details":{"database":"healthy","supabase":"healthy","system":"error"}}
{"timestamp":"2025-09-01T08:42:15.943Z","type":"health_check","status":"error","details":{"database":"healthy","supabase":"healthy","system":"error"}}
{"timestamp":"2025-09-01T08:43:16.138Z","type":"health_check","status":"error","details":{"database":"healthy","supabase":"healthy","system":"error"}}
{"timestamp":"2025-09-01T08:43:16.092Z","type":"health_check","status":"error","details":{"database":"healthy","supabase":"healthy","system":"error"}}
{"timestamp":"2025-09-01T08:44:16.425Z","type":"health_check","status":"error","details":{"database":"healthy","supabase":"healthy","system":"error"}}
{"timestamp":"2025-09-01T08:44:16.626Z","type":"health_check","status":"error","details":{"database":"healthy","supabase":"healthy","system":"error"}}
{"timestamp":"2025-09-01T08:45:16.859Z","type":"health_check","status":"warning","details":{"database":"healthy","supabase":"healthy","system":"warning"}}
{"timestamp":"2025-09-01T08:45:16.743Z","type":"health_check","status":"error","details":{"database":"healthy","supabase":"healthy","system":"error"}}
{"timestamp":"2025-09-01T08:46:17.871Z","type":"health_check","status":"error","details":{"database":"healthy","supabase":"healthy","system":"error"}}
{"timestamp":"2025-09-01T08:46:17.877Z","type":"health_check","status":"error","details":{"database":"warning","supabase":"healthy","system":"error"}}
{"timestamp":"2025-09-01T08:47:18.709Z","type":"health_check","status":"error","details":{"database":"healthy","supabase":"healthy","system":"error"}}
{"timestamp":"2025-09-01T08:47:19.134Z","type":"health_check","status":"error","details":{"database":"healthy","supabase":"healthy","system":"error"}}
{"timestamp":"2025-09-01T08:48:19.369Z","type":"health_check","status":"warning","details":{"database":"healthy","supabase":"healthy","system":"warning"}}
{"timestamp":"2025-09-01T08:48:19.334Z","type":"health_check","status":"warning","details":{"database":"healthy","supabase":"healthy","system":"warning"}}
{"timestamp":"2025-09-01T08:49:19.642Z","type":"health_check","status":"error","details":{"database":"healthy","supabase":"healthy","system":"error"}}
{"timestamp":"2025-09-01T08:49:19.689Z","type":"health_check","status":"error","details":{"database":"healthy","supabase":"healthy","system":"error"}}
{"timestamp":"2025-09-01T08:50:03.719Z","type":"health_check","status":"warning","details":{"database":"healthy","supabase":"healthy","system":"warning"}}
{"timestamp":"2025-09-01T08:50:03.758Z","type":"health_check","status":"warning","details":{"database":"healthy","supabase":"healthy","system":"warning"}}
{"timestamp":"2025-09-01T08:50:33.765Z","type":"health_check","status":"warning","details":{"database":"healthy","supabase":"healthy","system":"warning"}}
{"timestamp":"2025-09-01T08:50:33.725Z","type":"health_check","status":"warning","details":{"database":"healthy","supabase":"healthy","system":"warning"}}
{"timestamp":"2025-09-01T08:51:19.131Z","type":"health_check","status":"error","details":{"database":"healthy","supabase":"healthy","system":"error"}}
{"timestamp":"2025-09-01T08:51:19.133Z","type":"health_check","status":"warning","details":{"database":"healthy","supabase":"healthy","system":"warning"}}
{"timestamp":"2025-09-01T08:51:26.247Z","type":"health_check","status":"warning","details":{"database":"healthy","supabase":"healthy","system":"warning"}}
{"timestamp":"2025-09-01T08:51:26.282Z","type":"health_check","status":"warning","details":{"database":"healthy","supabase":"healthy","system":"warning"}}
{"timestamp":"2025-09-01T08:51:56.262Z","type":"health_check","status":"warning","details":{"database":"healthy","supabase":"healthy","system":"warning"}}
{"timestamp":"2025-09-01T08:51:56.286Z","type":"health_check","status":"warning","details":{"database":"healthy","supabase":"healthy","system":"warning"}}
{"timestamp":"2025-09-01T08:52:38.599Z","type":"health_check","status":"warning","details":{"database":"healthy","supabase":"healthy","system":"warning"}}
{"timestamp":"2025-09-01T08:52:38.566Z","type":"health_check","status":"warning","details":{"database":"healthy","supabase":"healthy","system":"warning"}}
{"timestamp":"2025-09-01T08:53:08.602Z","type":"health_check","status":"warning","details":{"database":"healthy","supabase":"healthy","system":"warning"}}
{"timestamp":"2025-09-01T08:53:08.572Z","type":"health_check","status":"warning","details":{"database":"healthy","supabase":"healthy","system":"warning"}}
{"timestamp":"2025-09-01T08:53:54.072Z","type":"health_check","status":"warning","details":{"database":"healthy","supabase":"healthy","system":"warning"}}
{"timestamp":"2025-09-01T08:54:08.930Z","type":"health_check","status":"warning","details":{"database":"healthy","supabase":"healthy","system":"warning"}}
{"timestamp":"2025-09-01T08:54:54.462Z","type":"health_check","status":"warning","details":{"database":"healthy","supabase":"healthy","system":"warning"}}
{"timestamp":"2025-09-01T08:55:09.316Z","type":"health_check","status":"warning","details":{"database":"healthy","supabase":"healthy","system":"warning"}}
{"timestamp":"2025-09-01T08:55:54.639Z","type":"health_check","status":"warning","details":{"database":"healthy","supabase":"healthy","system":"warning"}}
{"timestamp":"2025-09-01T08:55:55.087Z","type":"health_check","status":"warning","details":{"database":"healthy","supabase":"healthy","system":"warning"}}
{"timestamp":"2025-09-01T08:56:55.257Z","type":"health_check","status":"warning","details":{"database":"healthy","supabase":"healthy","system":"warning"}}
{"timestamp":"2025-09-01T08:56:54.903Z","type":"health_check","status":"warning","details":{"database":"healthy","supabase":"healthy","system":"warning"}}
{"timestamp":"2025-09-01T08:57:55.466Z","type":"health_check","status":"healthy","details":{"database":"healthy","supabase":"healthy","system":"healthy"}}
{"timestamp":"2025-09-01T08:57:55.526Z","type":"health_check","status":"healthy","details":{"database":"healthy","supabase":"healthy","system":"healthy"}}
{"timestamp":"2025-09-01T08:58:25.944Z","type":"health_check","status":"warning","details":{"database":"healthy","supabase":"healthy","system":"warning"}}
{"timestamp":"2025-09-01T08:58:26.156Z","type":"health_check","status":"warning","details":{"database":"healthy","supabase":"healthy","system":"warning"}}
{"timestamp":"2025-09-01T08:59:26.381Z","type":"health_check","status":"warning","details":{"database":"healthy","supabase":"healthy","system":"warning"}}
{"timestamp":"2025-09-01T08:59:26.319Z","type":"health_check","status":"warning","details":{"database":"healthy","supabase":"healthy","system":"warning"}}
{"timestamp":"2025-09-01T09:00:27.024Z","type":"health_check","status":"error","details":{"database":"healthy","supabase":"healthy","system":"error"}}
{"timestamp":"2025-09-01T09:00:27.083Z","type":"health_check","status":"error","details":{"database":"healthy","supabase":"healthy","system":"error"}}
{"timestamp":"2025-09-01T09:01:27.375Z","type":"health_check","status":"error","details":{"database":"healthy","supabase":"healthy","system":"error"}}
{"timestamp":"2025-09-01T09:01:27.407Z","type":"health_check","status":"warning","details":{"database":"healthy","supabase":"warning","system":"warning"}}
{"timestamp":"2025-09-01T09:02:27.713Z","type":"health_check","status":"warning","details":{"database":"healthy","supabase":"healthy","system":"warning"}}
{"timestamp":"2025-09-01T09:03:28.064Z","type":"health_check","status":"warning","details":{"database":"healthy","supabase":"healthy","system":"warning"}}
{"timestamp":"2025-09-01T09:03:27.713Z","type":"health_check","status":"warning","details":{"database":"healthy","supabase":"warning","system":"warning"}}
{"timestamp":"2025-09-01T09:04:28.385Z","type":"health_check","status":"error","details":{"database":"healthy","supabase":"healthy","system":"error"}}
{"timestamp":"2025-09-01T09:05:22.159Z","type":"health_check","status":"warning","details":{"database":"healthy","supabase":"healthy","system":"warning"}}
{"timestamp":"2025-09-01T09:05:29.071Z","type":"health_check","status":"error","details":{"database":"healthy","supabase":"healthy","system":"error"}}
{"timestamp":"2025-09-01T09:06:22.875Z","type":"health_check","status":"healthy","details":{"database":"healthy","supabase":"healthy","system":"healthy"}}
{"timestamp":"2025-09-01T09:06:29.480Z","type":"health_check","status":"healthy","details":{"database":"healthy","supabase":"healthy","system":"healthy"}}
{"timestamp":"2025-09-01T09:06:53.215Z","type":"health_check","status":"healthy","details":{"database":"healthy","supabase":"healthy","system":"healthy"}}
{"timestamp":"2025-09-01T09:06:59.758Z","type":"health_check","status":"healthy","details":{"database":"healthy","supabase":"healthy","system":"healthy"}}
{"timestamp":"2025-09-01T09:07:38.563Z","type":"health_check","status":"healthy","details":{"database":"healthy","supabase":"healthy","system":"healthy"}}
{"timestamp":"2025-09-01T09:07:45.121Z","type":"health_check","status":"healthy","details":{"database":"healthy","supabase":"healthy","system":"healthy"}}
{"timestamp":"2025-09-01T09:08:24.255Z","type":"health_check","status":"healthy","details":{"database":"healthy","supabase":"healthy","system":"healthy"}}
{"timestamp":"2025-09-01T09:08:30.401Z","type":"health_check","status":"healthy","details":{"database":"healthy","supabase":"healthy","system":"healthy"}}
{"timestamp":"2025-09-01T09:08:54.537Z","type":"health_check","status":"healthy","details":{"database":"healthy","supabase":"healthy","system":"healthy"}}
{"timestamp":"2025-09-01T09:09:00.750Z","type":"health_check","status":"healthy","details":{"database":"healthy","supabase":"healthy","system":"healthy"}}
{"timestamp":"2025-09-01T09:09:24.890Z","type":"health_check","status":"healthy","details":{"database":"healthy","supabase":"healthy","system":"healthy"}}
{"timestamp":"2025-09-01T09:09:31.130Z","type":"health_check","status":"healthy","details":{"database":"healthy","supabase":"healthy","system":"healthy"}}
{"timestamp":"2025-09-01T09:09:55.526Z","type":"health_check","status":"healthy","details":{"database":"healthy","supabase":"healthy","system":"healthy"}}
{"timestamp":"2025-09-01T09:10:01.445Z","type":"health_check","status":"healthy","details":{"database":"healthy","supabase":"healthy","system":"healthy"}}
{"timestamp":"2025-09-01T09:10:31.945Z","type":"health_check","status":"healthy","details":{"database":"healthy","supabase":"healthy","system":"healthy"}}
{"timestamp":"2025-09-01T09:11:02.362Z","type":"health_check","status":"healthy","details":{"database":"healthy","supabase":"healthy","system":"healthy"}}
{"timestamp":"2025-09-01T09:10:25.805Z","type":"health_check","status":"warning","details":{"database":"healthy","supabase":"warning","system":"healthy"}}
{"timestamp":"2025-09-01T09:11:32.718Z","type":"health_check","status":"warning","details":{"database":"healthy","supabase":"healthy","system":"warning"}}
{"timestamp":"2025-09-01T09:11:56.091Z","type":"health_check","status":"healthy","details":{"database":"healthy","supabase":"healthy","system":"healthy"}}
{"timestamp":"2025-09-01T09:12:18.078Z","type":"health_check","status":"error","details":{"database":"healthy","supabase":"healthy","system":"error"}}
{"timestamp":"2025-09-01T09:12:26.446Z","type":"health_check","status":"warning","details":{"database":"healthy","supabase":"healthy","system":"warning"}}
{"timestamp":"2025-09-01T09:13:18.377Z","type":"health_check","status":"warning","details":{"database":"healthy","supabase":"healthy","system":"warning"}}
{"timestamp":"2025-09-01T09:13:26.771Z","type":"health_check","status":"warning","details":{"database":"healthy","supabase":"healthy","system":"warning"}}
{"timestamp":"2025-09-01T09:14:19.030Z","type":"health_check","status":"error","details":{"database":"healthy","supabase":"healthy","system":"error"}}
{"timestamp":"2025-09-01T09:14:27.079Z","type":"health_check","status":"error","details":{"database":"healthy","supabase":"healthy","system":"error"}}
{"timestamp":"2025-09-01T09:15:19.365Z","type":"health_check","status":"warning","details":{"database":"healthy","supabase":"healthy","system":"warning"}}
{"timestamp":"2025-09-01T09:15:27.430Z","type":"health_check","status":"error","details":{"database":"healthy","supabase":"healthy","system":"error"}}
{"timestamp":"2025-09-01T09:16:20.038Z","type":"health_check","status":"error","details":{"database":"healthy","supabase":"healthy","system":"error"}}
{"timestamp":"2025-09-01T09:16:27.731Z","type":"health_check","status":"healthy","details":{"database":"healthy","supabase":"healthy","system":"healthy"}}
{"timestamp":"2025-09-01T09:16:58.082Z","type":"health_check","status":"error","details":{"database":"healthy","supabase":"healthy","system":"error"}}
{"timestamp":"2025-09-01T09:17:20.266Z","type":"health_check","status":"warning","details":{"database":"healthy","supabase":"healthy","system":"warning"}}
{"timestamp":"2025-09-01T09:17:58.463Z","type":"health_check","status":"error","details":{"database":"healthy","supabase":"healthy","system":"error"}}
{"timestamp":"2025-09-02T01:01:11.774Z","type":"health_check","status":"warning","details":{"database":"warning","supabase":"healthy","system":"warning"}}
{"timestamp":"2025-09-02T01:01:11.809Z","type":"health_check","status":"warning","details":{"database":"warning","supabase":"healthy","system":"warning"}}
{"timestamp":"2025-09-02T01:01:41.822Z","type":"health_check","status":"warning","details":{"database":"healthy","supabase":"healthy","system":"warning"}}
{"timestamp":"2025-09-02T01:01:41.776Z","type":"health_check","status":"warning","details":{"database":"healthy","supabase":"healthy","system":"warning"}}
{"timestamp":"2025-09-02T01:02:42.146Z","type":"health_check","status":"warning","details":{"database":"healthy","supabase":"healthy","system":"warning"}}
{"timestamp":"2025-09-02T01:02:42.149Z","type":"health_check","status":"warning","details":{"database":"healthy","supabase":"healthy","system":"warning"}}
{"timestamp":"2025-09-02T01:03:27.439Z","type":"health_check","status":"warning","details":{"database":"healthy","supabase":"healthy","system":"warning"}}
{"timestamp":"2025-09-02T01:03:42.543Z","type":"health_check","status":"warning","details":{"database":"healthy","supabase":"healthy","system":"warning"}}
{"timestamp":"2025-09-02T01:04:28.221Z","type":"health_check","status":"warning","details":{"database":"healthy","supabase":"healthy","system":"warning"}}
{"timestamp":"2025-09-02T01:04:42.880Z","type":"health_check","status":"warning","details":{"database":"healthy","supabase":"healthy","system":"warning"}}
{"timestamp":"2025-09-02T01:05:28.500Z","type":"health_check","status":"warning","details":{"database":"healthy","supabase":"healthy","system":"warning"}}
{"timestamp":"2025-09-02T01:05:43.454Z","type":"health_check","status":"warning","details":{"database":"healthy","supabase":"healthy","system":"warning"}}
{"timestamp":"2025-09-02T01:06:29.296Z","type":"health_check","status":"warning","details":{"database":"healthy","supabase":"healthy","system":"warning"}}
{"timestamp":"2025-09-02T01:06:43.751Z","type":"health_check","status":"warning","details":{"database":"healthy","supabase":"healthy","system":"warning"}}
{"timestamp":"2025-09-02T01:07:29.820Z","type":"health_check","status":"warning","details":{"database":"healthy","supabase":"healthy","system":"warning"}}
{"timestamp":"2025-09-02T01:07:44.033Z","type":"health_check","status":"warning","details":{"database":"healthy","supabase":"healthy","system":"warning"}}
{"timestamp":"2025-09-02T01:08:30.426Z","type":"health_check","status":"warning","details":{"database":"healthy","supabase":"healthy","system":"warning"}}
{"timestamp":"2025-09-02T01:08:44.453Z","type":"health_check","status":"healthy","details":{"database":"healthy","supabase":"healthy","system":"healthy"}}
{"timestamp":"2025-09-02T01:09:14.746Z","type":"health_check","status":"healthy","details":{"database":"healthy","supabase":"healthy","system":"healthy"}}
{"timestamp":"2025-09-02T01:09:30.663Z","type":"health_check","status":"healthy","details":{"database":"healthy","supabase":"healthy","system":"healthy"}}
{"timestamp":"2025-09-02T01:09:45.319Z","type":"health_check","status":"healthy","details":{"database":"healthy","supabase":"healthy","system":"healthy"}}
{"timestamp":"2025-09-02T01:10:15.648Z","type":"health_check","status":"healthy","details":{"database":"healthy","supabase":"healthy","system":"healthy"}}
{"timestamp":"2025-09-02T01:10:15.956Z","type":"health_check","status":"healthy","details":{"database":"healthy","supabase":"healthy","system":"healthy"}}
{"timestamp":"2025-09-02T01:11:01.101Z","type":"health_check","status":"healthy","details":{"database":"healthy","supabase":"healthy","system":"healthy"}}
{"timestamp":"2025-09-02T01:11:00.947Z","type":"health_check","status":"healthy","details":{"database":"healthy","supabase":"healthy","system":"healthy"}}
{"timestamp":"2025-09-02T01:11:46.531Z","type":"health_check","status":"healthy","details":{"database":"healthy","supabase":"healthy","system":"healthy"}}
{"timestamp":"2025-09-02T01:11:46.454Z","type":"health_check","status":"healthy","details":{"database":"healthy","supabase":"healthy","system":"healthy"}}
{"timestamp":"2025-09-02T01:12:31.842Z","type":"health_check","status":"warning","details":{"database":"healthy","supabase":"healthy","system":"warning"}}
{"timestamp":"2025-09-02T01:12:31.837Z","type":"health_check","status":"warning","details":{"database":"healthy","supabase":"healthy","system":"warning"}}
{"timestamp":"2025-09-02T01:13:17.157Z","type":"health_check","status":"warning","details":{"database":"healthy","supabase":"healthy","system":"warning"}}
{"timestamp":"2025-09-02T01:13:17.149Z","type":"health_check","status":"warning","details":{"database":"healthy","supabase":"healthy","system":"warning"}}
{"timestamp":"2025-09-02T01:14:02.752Z","type":"health_check","status":"warning","details":{"database":"healthy","supabase":"healthy","system":"warning"}}
{"timestamp":"2025-09-02T01:14:02.737Z","type":"health_check","status":"warning","details":{"database":"healthy","supabase":"healthy","system":"warning"}}
{"timestamp":"2025-09-02T01:14:48.040Z","type":"health_check","status":"warning","details":{"database":"healthy","supabase":"healthy","system":"warning"}}
{"timestamp":"2025-09-02T01:14:48.026Z","type":"health_check","status":"warning","details":{"database":"healthy","supabase":"healthy","system":"warning"}}
{"timestamp":"2025-09-02T01:15:48.303Z","type":"health_check","status":"warning","details":{"database":"healthy","supabase":"healthy","system":"warning"}}
{"timestamp":"2025-09-02T01:15:48.307Z","type":"health_check","status":"warning","details":{"database":"healthy","supabase":"healthy","system":"warning"}}
{"timestamp":"2025-09-02T01:16:48.910Z","type":"health_check","status":"warning","details":{"database":"healthy","supabase":"healthy","system":"warning"}}
{"timestamp":"2025-09-02T01:16:48.925Z","type":"health_check","status":"warning","details":{"database":"healthy","supabase":"healthy","system":"warning"}}
{"timestamp":"2025-09-02T01:17:49.173Z","type":"health_check","status":"healthy","details":{"database":"healthy","supabase":"healthy","system":"healthy"}}
{"timestamp":"2025-09-02T01:17:49.169Z","type":"health_check","status":"healthy","details":{"database":"healthy","supabase":"healthy","system":"healthy"}}
{"timestamp":"2025-09-02T01:18:19.658Z","type":"health_check","status":"healthy","details":{"database":"healthy","supabase":"healthy","system":"healthy"}}
{"timestamp":"2025-09-02T01:18:19.719Z","type":"health_check","status":"healthy","details":{"database":"healthy","supabase":"healthy","system":"healthy"}}
{"timestamp":"2025-09-02T01:18:49.977Z","type":"health_check","status":"healthy","details":{"database":"healthy","supabase":"healthy","system":"healthy"}}
{"timestamp":"2025-09-02T01:18:50.008Z","type":"health_check","status":"healthy","details":{"database":"healthy","supabase":"healthy","system":"healthy"}}
{"timestamp":"2025-09-02T01:19:20.273Z","type":"health_check","status":"healthy","details":{"database":"healthy","supabase":"healthy","system":"healthy"}}
{"timestamp":"2025-09-02T01:19:20.243Z","type":"health_check","status":"healthy","details":{"database":"healthy","supabase":"healthy","system":"healthy"}}
{"timestamp":"2025-09-02T01:19:50.573Z","type":"health_check","status":"healthy","details":{"database":"healthy","supabase":"healthy","system":"healthy"}}
{"timestamp":"2025-09-02T01:19:50.604Z","type":"health_check","status":"healthy","details":{"database":"healthy","supabase":"healthy","system":"healthy"}}
{"timestamp":"2025-09-02T01:20:21.119Z","type":"health_check","status":"healthy","details":{"database":"healthy","supabase":"healthy","system":"healthy"}}
{"timestamp":"2025-09-02T01:20:21.149Z","type":"health_check","status":"healthy","details":{"database":"healthy","supabase":"healthy","system":"healthy"}}
{"timestamp":"2025-09-02T01:20:51.753Z","type":"health_check","status":"healthy","details":{"database":"healthy","supabase":"healthy","system":"healthy"}}
{"timestamp":"2025-09-02T01:20:51.722Z","type":"health_check","status":"healthy","details":{"database":"healthy","supabase":"healthy","system":"healthy"}}
{"timestamp":"2025-09-02T01:21:22.017Z","type":"health_check","status":"healthy","details":{"database":"healthy","supabase":"healthy","system":"healthy"}}
{"timestamp":"2025-09-02T01:21:21.997Z","type":"health_check","status":"healthy","details":{"database":"healthy","supabase":"healthy","system":"healthy"}}
{"timestamp":"2025-09-02T01:21:52.360Z","type":"health_check","status":"healthy","details":{"database":"healthy","supabase":"healthy","system":"healthy"}}
{"timestamp":"2025-09-02T01:21:52.498Z","type":"health_check","status":"healthy","details":{"database":"healthy","supabase":"healthy","system":"healthy"}}
{"timestamp":"2025-09-02T01:22:37.944Z","type":"health_check","status":"healthy","details":{"database":"healthy","supabase":"healthy","system":"healthy"}}
{"timestamp":"2025-09-02T01:22:37.989Z","type":"health_check","status":"healthy","details":{"database":"healthy","supabase":"healthy","system":"healthy"}}
{"timestamp":"2025-09-02T01:23:23.217Z","type":"health_check","status":"healthy","details":{"database":"healthy","supabase":"healthy","system":"healthy"}}
{"timestamp":"2025-09-02T01:23:23.277Z","type":"health_check","status":"healthy","details":{"database":"healthy","supabase":"healthy","system":"healthy"}}
{"timestamp":"2025-09-02T01:24:08.513Z","type":"health_check","status":"warning","details":{"database":"healthy","supabase":"healthy","system":"warning"}}
{"timestamp":"2025-09-02T01:24:08.515Z","type":"health_check","status":"healthy","details":{"database":"healthy","supabase":"healthy","system":"healthy"}}
{"timestamp":"2025-09-02T01:24:54.355Z","type":"health_check","status":"healthy","details":{"database":"healthy","supabase":"healthy","system":"healthy"}}
{"timestamp":"2025-09-02T01:24:54.401Z","type":"health_check","status":"healthy","details":{"database":"healthy","supabase":"healthy","system":"healthy"}}
{"timestamp":"2025-09-02T01:25:39.698Z","type":"health_check","status":"warning","details":{"database":"healthy","supabase":"healthy","system":"warning"}}
{"timestamp":"2025-09-02T01:25:39.896Z","type":"health_check","status":"warning","details":{"database":"healthy","supabase":"healthy","system":"warning"}}
{"timestamp":"2025-09-02T01:26:25.029Z","type":"health_check","status":"warning","details":{"database":"healthy","supabase":"healthy","system":"warning"}}
{"timestamp":"2025-09-02T01:26:25.106Z","type":"health_check","status":"warning","details":{"database":"healthy","supabase":"healthy","system":"warning"}}
{"timestamp":"2025-09-02T01:27:10.676Z","type":"health_check","status":"warning","details":{"database":"healthy","supabase":"healthy","system":"warning"}}
{"timestamp":"2025-09-02T01:27:10.661Z","type":"health_check","status":"warning","details":{"database":"healthy","supabase":"healthy","system":"warning"}}
{"timestamp":"2025-09-02T01:27:55.957Z","type":"health_check","status":"healthy","details":{"database":"healthy","supabase":"healthy","system":"healthy"}}
{"timestamp":"2025-09-02T01:27:55.988Z","type":"health_check","status":"healthy","details":{"database":"healthy","supabase":"healthy","system":"healthy"}}
{"timestamp":"2025-09-02T01:28:26.241Z","type":"health_check","status":"healthy","details":{"database":"healthy","supabase":"healthy","system":"healthy"}}
{"timestamp":"2025-09-02T01:28:26.303Z","type":"health_check","status":"healthy","details":{"database":"healthy","supabase":"healthy","system":"healthy"}}
{"timestamp":"2025-09-02T01:28:56.849Z","type":"health_check","status":"healthy","details":{"database":"healthy","supabase":"healthy","system":"healthy"}}
{"timestamp":"2025-09-02T01:28:56.856Z","type":"health_check","status":"healthy","details":{"database":"healthy","supabase":"healthy","system":"healthy"}}
{"timestamp":"2025-09-02T01:29:27.177Z","type":"health_check","status":"healthy","details":{"database":"healthy","supabase":"healthy","system":"healthy"}}
{"timestamp":"2025-09-02T01:29:28.176Z","type":"health_check","status":"healthy","details":{"database":"healthy","supabase":"healthy","system":"healthy"}}
{"timestamp":"2025-09-02T01:29:57.509Z","type":"health_check","status":"healthy","details":{"database":"healthy","supabase":"healthy","system":"healthy"}}
{"timestamp":"2025-09-02T01:29:58.322Z","type":"health_check","status":"healthy","details":{"database":"healthy","supabase":"healthy","system":"healthy"}}
{"timestamp":"2025-09-02T01:30:27.854Z","type":"health_check","status":"healthy","details":{"database":"healthy","supabase":"healthy","system":"healthy"}}
{"timestamp":"2025-09-02T01:30:28.473Z","type":"health_check","status":"healthy","details":{"database":"healthy","supabase":"healthy","system":"healthy"}}
{"timestamp":"2025-09-02T01:30:58.576Z","type":"health_check","status":"healthy","details":{"database":"healthy","supabase":"healthy","system":"healthy"}}
{"timestamp":"2025-09-02T01:30:58.667Z","type":"health_check","status":"healthy","details":{"database":"healthy","supabase":"healthy","system":"healthy"}}
{"timestamp":"2025-09-02T01:31:28.926Z","type":"health_check","status":"healthy","details":{"database":"healthy","supabase":"healthy","system":"healthy"}}
{"timestamp":"2025-09-02T01:31:28.941Z","type":"health_check","status":"healthy","details":{"database":"healthy","supabase":"healthy","system":"healthy"}}
{"timestamp":"2025-09-02T01:31:59.239Z","type":"health_check","status":"healthy","details":{"database":"healthy","supabase":"healthy","system":"healthy"}}
{"timestamp":"2025-09-02T01:31:59.244Z","type":"health_check","status":"healthy","details":{"database":"healthy","supabase":"healthy","system":"healthy"}}
{"timestamp":"2025-09-02T01:32:29.811Z","type":"health_check","status":"healthy","details":{"database":"healthy","supabase":"healthy","system":"healthy"}}
{"timestamp":"2025-09-02T01:32:29.826Z","type":"health_check","status":"healthy","details":{"database":"healthy","supabase":"healthy","system":"healthy"}}
{"timestamp":"2025-09-02T01:33:00.394Z","type":"health_check","status":"healthy","details":{"database":"healthy","supabase":"healthy","system":"healthy"}}
{"timestamp":"2025-09-02T01:33:00.400Z","type":"health_check","status":"healthy","details":{"database":"healthy","supabase":"healthy","system":"healthy"}}
{"timestamp":"2025-09-02T01:33:45.704Z","type":"health_check","status":"healthy","details":{"database":"healthy","supabase":"healthy","system":"healthy"}}
{"timestamp":"2025-09-02T01:33:45.781Z","type":"health_check","status":"healthy","details":{"database":"healthy","supabase":"healthy","system":"healthy"}}
{"timestamp":"2025-09-02T01:34:31.044Z","type":"health_check","status":"warning","details":{"database":"healthy","supabase":"healthy","system":"warning"}}
{"timestamp":"2025-09-02T01:34:31.039Z","type":"health_check","status":"warning","details":{"database":"healthy","supabase":"healthy","system":"warning"}}
{"timestamp":"2025-09-02T01:35:16.876Z","type":"health_check","status":"warning","details":{"database":"healthy","supabase":"healthy","system":"warning"}}
{"timestamp":"2025-09-02T01:35:16.938Z","type":"health_check","status":"warning","details":{"database":"healthy","supabase":"healthy","system":"warning"}}
{"timestamp":"2025-09-02T01:36:02.238Z","type":"health_check","status":"healthy","details":{"database":"healthy","supabase":"healthy","system":"healthy"}}
{"timestamp":"2025-09-02T01:36:02.207Z","type":"health_check","status":"healthy","details":{"database":"healthy","supabase":"healthy","system":"healthy"}}
{"timestamp":"2025-09-02T01:36:33.064Z","type":"health_check","status":"healthy","details":{"database":"healthy","supabase":"healthy","system":"healthy"}}
{"timestamp":"2025-09-02T01:36:33.091Z","type":"health_check","status":"healthy","details":{"database":"healthy","supabase":"healthy","system":"healthy"}}
{"timestamp":"2025-09-02T01:37:03.737Z","type":"health_check","status":"healthy","details":{"database":"healthy","supabase":"healthy","system":"healthy"}}
{"timestamp":"2025-09-02T01:37:03.707Z","type":"health_check","status":"warning","details":{"database":"warning","supabase":"healthy","system":"healthy"}}
{"timestamp":"2025-09-02T01:37:34.054Z","type":"health_check","status":"healthy","details":{"database":"healthy","supabase":"healthy","system":"healthy"}}
{"timestamp":"2025-09-02T01:37:35.000Z","type":"health_check","status":"healthy","details":{"database":"healthy","supabase":"healthy","system":"healthy"}}
{"timestamp":"2025-09-02T01:38:04.376Z","type":"health_check","status":"healthy","details":{"database":"healthy","supabase":"healthy","system":"healthy"}}
{"timestamp":"2025-09-02T01:38:05.162Z","type":"health_check","status":"healthy","details":{"database":"healthy","supabase":"healthy","system":"healthy"}}
{"timestamp":"2025-09-02T01:38:34.800Z","type":"health_check","status":"healthy","details":{"database":"healthy","supabase":"healthy","system":"healthy"}}
{"timestamp":"2025-09-02T01:38:35.287Z","type":"health_check","status":"healthy","details":{"database":"healthy","supabase":"healthy","system":"healthy"}}
{"timestamp":"2025-09-02T01:39:05.381Z","type":"health_check","status":"healthy","details":{"database":"healthy","supabase":"healthy","system":"healthy"}}
{"timestamp":"2025-09-02T01:39:05.473Z","type":"health_check","status":"healthy","details":{"database":"healthy","supabase":"healthy","system":"healthy"}}
{"timestamp":"2025-09-02T01:39:35.698Z","type":"health_check","status":"healthy","details":{"database":"healthy","supabase":"healthy","system":"healthy"}}
{"timestamp":"2025-09-02T01:39:35.667Z","type":"health_check","status":"healthy","details":{"database":"healthy","supabase":"healthy","system":"healthy"}}
{"timestamp":"2025-09-02T01:40:21.321Z","type":"health_check","status":"healthy","details":{"database":"healthy","supabase":"healthy","system":"healthy"}}
{"timestamp":"2025-09-02T01:40:20.956Z","type":"health_check","status":"healthy","details":{"database":"healthy","supabase":"healthy","system":"healthy"}}
{"timestamp":"2025-09-02T01:41:06.531Z","type":"health_check","status":"warning","details":{"database":"healthy","supabase":"healthy","system":"warning"}}
{"timestamp":"2025-09-02T01:41:06.534Z","type":"health_check","status":"warning","details":{"database":"healthy","supabase":"healthy","system":"warning"}}
{"timestamp":"2025-09-02T01:41:51.737Z","type":"health_check","status":"warning","details":{"database":"healthy","supabase":"healthy","system":"warning"}}
{"timestamp":"2025-09-02T01:41:51.826Z","type":"health_check","status":"warning","details":{"database":"healthy","supabase":"healthy","system":"warning"}}
{"timestamp":"2025-09-02T01:42:37.114Z","type":"health_check","status":"warning","details":{"database":"healthy","supabase":"healthy","system":"warning"}}
{"timestamp":"2025-09-02T01:42:37.051Z","type":"health_check","status":"warning","details":{"database":"healthy","supabase":"healthy","system":"warning"}}
{"timestamp":"2025-09-02T01:43:22.679Z","type":"health_check","status":"healthy","details":{"database":"healthy","supabase":"healthy","system":"healthy"}}
{"timestamp":"2025-09-02T01:43:37.653Z","type":"health_check","status":"healthy","details":{"database":"healthy","supabase":"healthy","system":"healthy"}}
{"timestamp":"2025-09-02T01:43:53.189Z","type":"health_check","status":"healthy","details":{"database":"healthy","supabase":"healthy","system":"healthy"}}
{"timestamp":"2025-09-02T01:44:07.988Z","type":"health_check","status":"healthy","details":{"database":"healthy","supabase":"healthy","system":"healthy"}}
{"timestamp":"2025-09-02T01:44:23.514Z","type":"health_check","status":"healthy","details":{"database":"healthy","supabase":"healthy","system":"healthy"}}
{"timestamp":"2025-09-02T01:44:38.284Z","type":"health_check","status":"healthy","details":{"database":"healthy","supabase":"healthy","system":"healthy"}}
{"timestamp":"2025-09-02T01:44:54.086Z","type":"health_check","status":"healthy","details":{"database":"healthy","supabase":"healthy","system":"healthy"}}
{"timestamp":"2025-09-02T01:45:08.625Z","type":"health_check","status":"healthy","details":{"database":"healthy","supabase":"healthy","system":"healthy"}}
{"timestamp":"2025-09-02T01:45:24.371Z","type":"health_check","status":"healthy","details":{"database":"healthy","supabase":"healthy","system":"healthy"}}
{"timestamp":"2025-09-02T01:45:38.945Z","type":"health_check","status":"healthy","details":{"database":"healthy","supabase":"healthy","system":"healthy"}}
{"timestamp":"2025-09-02T01:45:54.643Z","type":"health_check","status":"healthy","details":{"database":"healthy","supabase":"healthy","system":"healthy"}}
{"timestamp":"2025-09-02T01:46:09.221Z","type":"health_check","status":"healthy","details":{"database":"healthy","supabase":"healthy","system":"healthy"}}
{"timestamp":"2025-09-02T01:46:24.926Z","type":"health_check","status":"healthy","details":{"database":"healthy","supabase":"healthy","system":"healthy"}}
{"timestamp":"2025-09-02T01:46:39.843Z","type":"health_check","status":"healthy","details":{"database":"healthy","supabase":"healthy","system":"healthy"}}
{"timestamp":"2025-09-02T01:46:55.247Z","type":"health_check","status":"healthy","details":{"database":"healthy","supabase":"healthy","system":"healthy"}}
{"timestamp":"2025-09-02T01:47:10.177Z","type":"health_check","status":"healthy","details":{"database":"healthy","supabase":"healthy","system":"healthy"}}
{"timestamp":"2025-09-02T01:47:40.514Z","type":"health_check","status":"healthy","details":{"database":"healthy","supabase":"healthy","system":"healthy"}}
{"timestamp":"2025-09-02T01:47:55.516Z","type":"health_check","status":"healthy","details":{"database":"healthy","supabase":"healthy","system":"healthy"}}
{"timestamp":"2025-09-02T01:48:25.852Z","type":"health_check","status":"healthy","details":{"database":"healthy","supabase":"healthy","system":"healthy"}}
{"timestamp":"2025-09-02T01:48:41.073Z","type":"health_check","status":"healthy","details":{"database":"healthy","supabase":"healthy","system":"healthy"}}
{"timestamp":"2025-09-02T01:49:11.298Z","type":"health_check","status":"healthy","details":{"database":"healthy","supabase":"healthy","system":"healthy"}}
{"timestamp":"2025-09-02T01:49:26.388Z","type":"health_check","status":"warning","details":{"database":"healthy","supabase":"healthy","system":"warning"}}
{"timestamp":"2025-09-02T01:49:56.607Z","type":"health_check","status":"healthy","details":{"database":"healthy","supabase":"healthy","system":"healthy"}}
{"timestamp":"2025-09-02T01:50:11.828Z","type":"health_check","status":"warning","details":{"database":"healthy","supabase":"healthy","system":"warning"}}
{"timestamp":"2025-09-02T01:50:42.177Z","type":"health_check","status":"warning","details":{"database":"healthy","supabase":"healthy","system":"warning"}}
{"timestamp":"2025-09-02T01:50:57.188Z","type":"health_check","status":"warning","details":{"database":"healthy","supabase":"healthy","system":"warning"}}
{"timestamp":"2025-09-02T01:51:27.517Z","type":"health_check","status":"warning","details":{"database":"healthy","supabase":"healthy","system":"warning"}}
{"timestamp":"2025-09-02T01:51:42.532Z","type":"health_check","status":"warning","details":{"database":"healthy","supabase":"healthy","system":"warning"}}
{"timestamp":"2025-09-02T01:52:27.826Z","type":"health_check","status":"warning","details":{"database":"healthy","supabase":"healthy","system":"warning"}}
{"timestamp":"2025-09-02T04:13:21.243Z","type":"health_check","status":"warning","details":{"database":"warning","supabase":"healthy","system":"warning"}}
{"timestamp":"2025-09-02T04:13:21.377Z","type":"health_check","status":"warning","details":{"database":"warning","supabase":"healthy","system":"warning"}}
{"timestamp":"2025-09-02T04:13:51.262Z","type":"health_check","status":"warning","details":{"database":"healthy","supabase":"healthy","system":"warning"}}
{"timestamp":"2025-09-02T04:13:51.384Z","type":"health_check","status":"warning","details":{"database":"healthy","supabase":"healthy","system":"warning"}}
{"timestamp":"2025-09-02T04:14:36.702Z","type":"health_check","status":"warning","details":{"database":"healthy","supabase":"healthy","system":"warning"}}
{"timestamp":"2025-09-02T04:14:36.706Z","type":"health_check","status":"warning","details":{"database":"healthy","supabase":"healthy","system":"warning"}}
{"timestamp":"2025-09-02T04:15:37.254Z","type":"health_check","status":"warning","details":{"database":"healthy","supabase":"healthy","system":"warning"}}
{"timestamp":"2025-09-02T04:15:37.056Z","type":"health_check","status":"warning","details":{"database":"healthy","supabase":"healthy","system":"warning"}}
{"timestamp":"2025-09-02T04:16:37.859Z","type":"health_check","status":"warning","details":{"database":"healthy","supabase":"healthy","system":"warning"}}
{"timestamp":"2025-09-02T04:16:38.029Z","type":"health_check","status":"warning","details":{"database":"healthy","supabase":"healthy","system":"warning"}}
{"timestamp":"2025-09-02T04:17:38.265Z","type":"health_check","status":"warning","details":{"database":"healthy","supabase":"healthy","system":"warning"}}
{"timestamp":"2025-09-02T04:17:38.530Z","type":"health_check","status":"warning","details":{"database":"healthy","supabase":"healthy","system":"warning"}}
{"timestamp":"2025-09-02T04:18:38.945Z","type":"health_check","status":"warning","details":{"database":"healthy","supabase":"healthy","system":"warning"}}
{"timestamp":"2025-09-02T04:18:39.110Z","type":"health_check","status":"warning","details":{"database":"healthy","supabase":"healthy","system":"warning"}}
{"timestamp":"2025-09-02T04:19:39.481Z","type":"health_check","status":"warning","details":{"database":"healthy","supabase":"healthy","system":"warning"}}
{"timestamp":"2025-09-02T04:19:39.435Z","type":"health_check","status":"warning","details":{"database":"healthy","supabase":"healthy","system":"warning"}}
{"timestamp":"2025-09-02T04:20:40.381Z","type":"health_check","status":"warning","details":{"database":"healthy","supabase":"healthy","system":"warning"}}
{"timestamp":"2025-09-02T04:20:40.386Z","type":"health_check","status":"error","details":{"database":"healthy","supabase":"healthy","system":"error"}}
{"timestamp":"2025-09-02T04:21:40.809Z","type":"health_check","status":"warning","details":{"database":"healthy","supabase":"healthy","system":"warning"}}
{"timestamp":"2025-09-02T04:21:40.813Z","type":"health_check","status":"warning","details":{"database":"healthy","supabase":"healthy","system":"warning"}}
{"timestamp":"2025-09-02T04:22:41.920Z","type":"health_check","status":"error","details":{"database":"healthy","supabase":"healthy","system":"error"}}
{"timestamp":"2025-09-02T04:22:42.593Z","type":"health_check","status":"warning","details":{"database":"healthy","supabase":"healthy","system":"warning"}}
{"timestamp":"2025-09-02T04:23:42.957Z","type":"health_check","status":"warning","details":{"database":"healthy","supabase":"healthy","system":"warning"}}
{"timestamp":"2025-09-02T04:23:43.125Z","type":"health_check","status":"warning","details":{"database":"healthy","supabase":"healthy","system":"warning"}}
{"timestamp":"2025-09-02T04:24:43.632Z","type":"health_check","status":"error","details":{"database":"healthy","supabase":"healthy","system":"error"}}
{"timestamp":"2025-09-02T04:24:43.724Z","type":"health_check","status":"error","details":{"database":"healthy","supabase":"healthy","system":"error"}}
{"timestamp":"2025-09-02T04:25:44.512Z","type":"health_check","status":"warning","details":{"database":"healthy","supabase":"healthy","system":"warning"}}
{"timestamp":"2025-09-02T04:25:44.677Z","type":"health_check","status":"warning","details":{"database":"healthy","supabase":"healthy","system":"warning"}}
{"timestamp":"2025-09-02T04:26:45.198Z","type":"health_check","status":"error","details":{"database":"warning","supabase":"healthy","system":"error"}}
{"timestamp":"2025-09-02T04:26:45.275Z","type":"health_check","status":"error","details":{"database":"warning","supabase":"healthy","system":"error"}}
{"timestamp":"2025-09-02T04:27:47.528Z","type":"health_check","status":"healthy","details":{"database":"healthy","supabase":"healthy","system":"healthy"}}
{"timestamp":"2025-09-02T04:27:48.065Z","type":"health_check","status":"healthy","details":{"database":"healthy","supabase":"healthy","system":"healthy"}}
{"timestamp":"2025-09-02T04:28:18.259Z","type":"health_check","status":"warning","details":{"database":"healthy","supabase":"healthy","system":"warning"}}
{"timestamp":"2025-09-02T04:28:18.744Z","type":"health_check","status":"warning","details":{"database":"healthy","supabase":"healthy","system":"warning"}}
{"timestamp":"2025-09-02T04:29:04.261Z","type":"health_check","status":"warning","details":{"database":"healthy","supabase":"healthy","system":"warning"}}
{"timestamp":"2025-09-02T04:29:18.927Z","type":"health_check","status":"warning","details":{"database":"healthy","supabase":"healthy","system":"warning"}}
{"timestamp":"2025-09-02T04:29:49.982Z","type":"health_check","status":"warning","details":{"database":"healthy","supabase":"healthy","system":"warning"}}
{"timestamp":"2025-09-02T04:30:04.298Z","type":"health_check","status":"warning","details":{"database":"healthy","supabase":"healthy","system":"warning"}}
{"timestamp":"2025-09-02T04:30:50.618Z","type":"health_check","status":"warning","details":{"database":"healthy","supabase":"healthy","system":"warning"}}
{"timestamp":"2025-09-02T04:31:04.704Z","type":"health_check","status":"warning","details":{"database":"healthy","supabase":"healthy","system":"warning"}}
{"timestamp":"2025-09-02T04:31:36.067Z","type":"health_check","status":"warning","details":{"database":"healthy","supabase":"healthy","system":"warning"}}
{"timestamp":"2025-09-02T04:32:05.221Z","type":"health_check","status":"warning","details":{"database":"slow","supabase":"healthy","system":"warning"}}
{"timestamp":"2025-09-02T04:32:37.075Z","type":"health_check","status":"warning","details":{"database":"healthy","supabase":"healthy","system":"warning"}}
{"timestamp":"2025-09-02T04:33:16.094Z","type":"health_check","status":"warning","details":{"database":"slow","supabase":"healthy","system":"warning"}}
{"timestamp":"2025-09-02T04:33:37.498Z","type":"health_check","status":"error","details":{"database":"error","supabase":"warning","system":"warning"}}
{"timestamp":"2025-09-02T04:34:20.824Z","type":"health_check","status":"error","details":{"database":"error","supabase":"healthy","system":"warning"}}
{"timestamp":"2025-09-02T04:34:55.246Z","type":"health_check","status":"error","details":{"database":"error","supabase":"warning","system":"warning"}}
{"timestamp":"2025-09-02T04:35:33.433Z","type":"health_check","status":"error","details":{"database":"error","supabase":"warning","system":"warning"}}
{"timestamp":"2025-09-02T04:36:16.506Z","type":"health_check","status":"error","details":{"database":"error","supabase":"warning","system":"warning"}}
{"timestamp":"2025-09-02T04:36:54.735Z","type":"health_check","status":"error","details":{"database":"error","supabase":"healthy","system":"warning"}}
{"timestamp":"2025-09-02T04:37:37.774Z","type":"health_check","status":"error","details":{"database":"error","supabase":"warning","system":"warning"}}
{"timestamp":"2025-09-02T04:38:11.588Z","type":"health_check","status":"warning","details":{"database":"slow","supabase":"healthy","system":"warning"}}
{"timestamp":"2025-09-02T04:38:59.042Z","type":"health_check","status":"warning","details":{"database":"healthy","supabase":"healthy","system":"warning"}}
{"timestamp":"2025-09-02T04:39:18.338Z","type":"health_check","status":"warning","details":{"database":"healthy","supabase":"healthy","system":"warning"}}
{"timestamp":"2025-09-02T04:39:59.594Z","type":"health_check","status":"warning","details":{"database":"healthy","supabase":"healthy","system":"warning"}}
{"timestamp":"2025-09-02T04:40:18.850Z","type":"health_check","status":"warning","details":{"database":"healthy","supabase":"healthy","system":"warning"}}
{"timestamp":"2025-09-02T04:40:59.925Z","type":"health_check","status":"warning","details":{"database":"healthy","supabase":"healthy","system":"warning"}}
{"timestamp":"2025-09-02T04:41:19.133Z","type":"health_check","status":"warning","details":{"database":"healthy","supabase":"healthy","system":"warning"}}
{"timestamp":"2025-09-02T04:42:00.870Z","type":"health_check","status":"warning","details":{"database":"healthy","supabase":"healthy","system":"warning"}}
{"timestamp":"2025-09-02T04:42:19.441Z","type":"health_check","status":"warning","details":{"database":"healthy","supabase":"healthy","system":"warning"}}
{"timestamp":"2025-09-02T04:42:46.224Z","type":"health_check","status":"warning","details":{"database":"healthy","supabase":"healthy","system":"warning"}}
{"timestamp":"2025-09-02T04:43:19.967Z","type":"health_check","status":"warning","details":{"database":"slow","supabase":"healthy","system":"warning"}}
{"timestamp":"2025-09-02T04:43:47.004Z","type":"health_check","status":"warning","details":{"database":"healthy","supabase":"healthy","system":"warning"}}
{"timestamp":"2025-09-02T04:44:24.214Z","type":"health_check","status":"warning","details":{"database":"slow","supabase":"healthy","system":"warning"}}
{"timestamp":"2025-09-02T04:44:47.530Z","type":"health_check","status":"warning","details":{"database":"healthy","supabase":"healthy","system":"warning"}}
{"timestamp":"2025-09-02T04:45:33.876Z","type":"health_check","status":"warning","details":{"database":"healthy","supabase":"healthy","system":"warning"}}
{"timestamp":"2025-09-02T04:45:48.072Z","type":"health_check","status":"healthy","details":{"database":"healthy","supabase":"healthy","system":"healthy"}}
{"timestamp":"2025-09-02T04:46:18.847Z","type":"health_check","status":"healthy","details":{"database":"healthy","supabase":"healthy","system":"healthy"}}
{"timestamp":"2025-09-02T04:46:34.591Z","type":"health_check","status":"healthy","details":{"database":"healthy","supabase":"healthy","system":"healthy"}}
{"timestamp":"2025-09-02T04:46:49.794Z","type":"health_check","status":"healthy","details":{"database":"healthy","supabase":"healthy","system":"healthy"}}
{"timestamp":"2025-09-02T04:47:05.255Z","type":"health_check","status":"healthy","details":{"database":"healthy","supabase":"healthy","system":"healthy"}}
{"timestamp":"2025-09-02T04:47:20.694Z","type":"health_check","status":"healthy","details":{"database":"healthy","supabase":"healthy","system":"healthy"}}
{"timestamp":"2025-09-02T04:47:51.095Z","type":"health_check","status":"healthy","details":{"database":"healthy","supabase":"healthy","system":"healthy"}}
{"timestamp":"2025-09-02T04:48:06.631Z","type":"health_check","status":"healthy","details":{"database":"healthy","supabase":"healthy","system":"healthy"}}
{"timestamp":"2025-09-02T04:48:22.001Z","type":"health_check","status":"healthy","details":{"database":"healthy","supabase":"healthy","system":"healthy"}}
{"timestamp":"2025-09-02T04:48:52.777Z","type":"health_check","status":"healthy","details":{"database":"healthy","supabase":"healthy","system":"healthy"}}
{"timestamp":"2025-09-02T04:49:07.991Z","type":"health_check","status":"healthy","details":{"database":"healthy","supabase":"healthy","system":"healthy"}}
{"timestamp":"2025-09-02T04:49:38.950Z","type":"health_check","status":"healthy","details":{"database":"healthy","supabase":"healthy","system":"healthy"}}
{"timestamp":"2025-09-02T04:49:54.092Z","type":"health_check","status":"warning","details":{"database":"warning","supabase":"healthy","system":"healthy"}}
{"timestamp":"2025-09-02T04:50:25.302Z","type":"health_check","status":"warning","details":{"database":"healthy","supabase":"healthy","system":"warning"}}
{"timestamp":"2025-09-02T04:50:40.694Z","type":"health_check","status":"warning","details":{"database":"healthy","supabase":"healthy","system":"warning"}}
{"timestamp":"2025-09-02T04:51:11.157Z","type":"health_check","status":"warning","details":{"database":"healthy","supabase":"healthy","system":"warning"}}
{"timestamp":"2025-09-02T04:51:26.522Z","type":"health_check","status":"warning","details":{"database":"healthy","supabase":"healthy","system":"warning"}}
{"timestamp":"2025-09-02T04:51:57.012Z","type":"health_check","status":"warning","details":{"database":"healthy","supabase":"healthy","system":"warning"}}
{"timestamp":"2025-09-02T04:52:27.498Z","type":"health_check","status":"warning","details":{"database":"healthy","supabase":"healthy","system":"warning"}}
{"timestamp":"2025-09-02T04:52:58.321Z","type":"health_check","status":"warning","details":{"database":"healthy","supabase":"healthy","system":"warning"}}
{"timestamp":"2025-09-02T04:53:13.295Z","type":"health_check","status":"warning","details":{"database":"healthy","supabase":"healthy","system":"warning"}}
{"timestamp":"2025-09-02T04:53:59.400Z","type":"health_check","status":"warning","details":{"database":"healthy","supabase":"healthy","system":"warning"}}
{"timestamp":"2025-09-02T04:54:14.151Z","type":"health_check","status":"healthy","details":{"database":"healthy","supabase":"healthy","system":"healthy"}}
{"timestamp":"2025-09-02T04:54:44.786Z","type":"health_check","status":"healthy","details":{"database":"healthy","supabase":"healthy","system":"healthy"}}
{"timestamp":"2025-09-02T04:55:01.138Z","type":"health_check","status":"healthy","details":{"database":"healthy","supabase":"healthy","system":"healthy"}}
{"timestamp":"2025-09-02T04:55:15.424Z","type":"health_check","status":"healthy","details":{"database":"healthy","supabase":"healthy","system":"healthy"}}
{"timestamp":"2025-09-02T04:55:31.870Z","type":"health_check","status":"healthy","details":{"database":"healthy","supabase":"healthy","system":"healthy"}}
{"timestamp":"2025-09-02T04:55:46.148Z","type":"health_check","status":"warning","details":{"database":"warning","supabase":"healthy","system":"healthy"}}
{"timestamp":"2025-09-02T04:56:02.550Z","type":"health_check","status":"healthy","details":{"database":"healthy","supabase":"healthy","system":"healthy"}}
{"timestamp":"2025-09-02T04:56:17.766Z","type":"health_check","status":"healthy","details":{"database":"healthy","supabase":"healthy","system":"healthy"}}
{"timestamp":"2025-09-02T04:56:33.273Z","type":"health_check","status":"healthy","details":{"database":"healthy","supabase":"healthy","system":"healthy"}}
{"timestamp":"2025-09-02T04:56:48.446Z","type":"health_check","status":"healthy","details":{"database":"healthy","supabase":"healthy","system":"healthy"}}
{"timestamp":"2025-09-02T04:57:19.271Z","type":"health_check","status":"healthy","details":{"database":"healthy","supabase":"healthy","system":"healthy"}}
{"timestamp":"2025-09-02T04:57:34.080Z","type":"health_check","status":"healthy","details":{"database":"healthy","supabase":"healthy","system":"healthy"}}
{"timestamp":"2025-09-02T04:58:05.199Z","type":"health_check","status":"healthy","details":{"database":"healthy","supabase":"healthy","system":"healthy"}}
{"timestamp":"2025-09-02T04:58:05.000Z","type":"health_check","status":"healthy","details":{"database":"healthy","supabase":"healthy","system":"healthy"}}
{"timestamp":"2025-09-02T04:58:50.642Z","type":"health_check","status":"healthy","details":{"database":"healthy","supabase":"healthy","system":"healthy"}}
{"timestamp":"2025-09-02T04:58:50.749Z","type":"health_check","status":"healthy","details":{"database":"healthy","supabase":"healthy","system":"healthy"}}
{"timestamp":"2025-09-02T04:59:36.938Z","type":"health_check","status":"healthy","details":{"database":"healthy","supabase":"healthy","system":"healthy"}}
{"timestamp":"2025-09-02T04:59:36.922Z","type":"health_check","status":"healthy","details":{"database":"healthy","supabase":"healthy","system":"healthy"}}
{"timestamp":"2025-09-02T05:00:23.049Z","type":"health_check","status":"healthy","details":{"database":"healthy","supabase":"healthy","system":"healthy"}}
{"timestamp":"2025-09-02T05:00:23.003Z","type":"health_check","status":"healthy","details":{"database":"healthy","supabase":"healthy","system":"healthy"}}
{"timestamp":"2025-09-02T05:01:08.742Z","type":"health_check","status":"warning","details":{"database":"healthy","supabase":"healthy","system":"warning"}}
{"timestamp":"2025-09-02T05:01:09.051Z","type":"health_check","status":"warning","details":{"database":"healthy","supabase":"healthy","system":"warning"}}
{"timestamp":"2025-09-02T05:01:54.536Z","type":"health_check","status":"warning","details":{"database":"healthy","supabase":"healthy","system":"warning"}}
{"timestamp":"2025-09-02T05:01:54.521Z","type":"health_check","status":"warning","details":{"database":"healthy","supabase":"healthy","system":"warning"}}
{"timestamp":"2025-09-02T05:02:40.643Z","type":"health_check","status":"warning","details":{"database":"healthy","supabase":"healthy","system":"warning"}}
{"timestamp":"2025-09-02T05:02:40.608Z","type":"health_check","status":"warning","details":{"database":"healthy","supabase":"healthy","system":"warning"}}
{"timestamp":"2025-09-02T05:03:26.339Z","type":"health_check","status":"warning","details":{"database":"healthy","supabase":"healthy","system":"warning"}}
{"timestamp":"2025-09-02T05:03:26.309Z","type":"health_check","status":"warning","details":{"database":"healthy","supabase":"healthy","system":"warning"}}
{"timestamp":"2025-09-02T05:04:12.015Z","type":"health_check","status":"warning","details":{"database":"healthy","supabase":"healthy","system":"warning"}}
{"timestamp":"2025-09-02T05:04:12.092Z","type":"health_check","status":"warning","details":{"database":"healthy","supabase":"healthy","system":"warning"}}
{"timestamp":"2025-09-02T05:05:12.855Z","type":"health_check","status":"warning","details":{"database":"healthy","supabase":"healthy","system":"warning"}}
{"timestamp":"2025-09-02T05:05:13.133Z","type":"health_check","status":"warning","details":{"database":"healthy","supabase":"healthy","system":"warning"}}
{"timestamp":"2025-09-02T05:05:58.671Z","type":"health_check","status":"warning","details":{"database":"warning","supabase":"healthy","system":"warning"}}
{"timestamp":"2025-09-02T05:05:58.675Z","type":"health_check","status":"warning","details":{"database":"warning","supabase":"healthy","system":"warning"}}
{"timestamp":"2025-09-02T05:07:00.072Z","type":"health_check","status":"warning","details":{"database":"healthy","supabase":"healthy","system":"warning"}}
{"timestamp":"2025-09-02T05:07:00.195Z","type":"health_check","status":"warning","details":{"database":"healthy","supabase":"healthy","system":"warning"}}
{"timestamp":"2025-09-02T05:08:00.868Z","type":"health_check","status":"healthy","details":{"database":"healthy","supabase":"healthy","system":"healthy"}}
{"timestamp":"2025-09-02T05:08:31.972Z","type":"health_check","status":"healthy","details":{"database":"healthy","supabase":"healthy","system":"healthy"}}
{"timestamp":"2025-09-02T05:08:00.838Z","type":"health_check","status":"warning","details":{"database":"healthy","supabase":"warning","system":"healthy"}}
{"timestamp":"2025-09-02T05:09:02.634Z","type":"health_check","status":"healthy","details":{"database":"healthy","supabase":"healthy","system":"healthy"}}
{"timestamp":"2025-09-02T05:09:31.972Z","type":"health_check","status":"healthy","details":{"database":"healthy","supabase":"healthy","system":"healthy"}}
{"timestamp":"2025-09-02T05:09:34.012Z","type":"health_check","status":"healthy","details":{"database":"healthy","supabase":"healthy","system":"healthy"}}
{"timestamp":"2025-09-02T05:10:03.374Z","type":"health_check","status":"healthy","details":{"database":"healthy","supabase":"healthy","system":"healthy"}}
{"timestamp":"2025-09-02T05:10:04.248Z","type":"health_check","status":"healthy","details":{"database":"healthy","supabase":"healthy","system":"healthy"}}
{"timestamp":"2025-09-02T05:10:34.448Z","type":"health_check","status":"healthy","details":{"database":"healthy","supabase":"healthy","system":"healthy"}}
{"timestamp":"2025-09-02T05:10:34.343Z","type":"health_check","status":"healthy","details":{"database":"healthy","supabase":"healthy","system":"healthy"}}
{"timestamp":"2025-09-02T05:11:05.410Z","type":"health_check","status":"healthy","details":{"database":"healthy","supabase":"healthy","system":"healthy"}}
{"timestamp":"2025-09-02T05:11:20.227Z","type":"health_check","status":"healthy","details":{"database":"healthy","supabase":"healthy","system":"healthy"}}
{"timestamp":"2025-09-02T05:11:36.110Z","type":"health_check","status":"healthy","details":{"database":"healthy","supabase":"healthy","system":"healthy"}}
{"timestamp":"2025-09-02T05:11:50.922Z","type":"health_check","status":"healthy","details":{"database":"healthy","supabase":"healthy","system":"healthy"}}
{"timestamp":"2025-09-02T05:12:21.820Z","type":"health_check","status":"healthy","details":{"database":"healthy","supabase":"healthy","system":"healthy"}}
{"timestamp":"2025-09-02T05:12:36.978Z","type":"health_check","status":"healthy","details":{"database":"healthy","supabase":"healthy","system":"healthy"}}
{"timestamp":"2025-09-02T05:12:52.614Z","type":"health_check","status":"healthy","details":{"database":"healthy","supabase":"healthy","system":"healthy"}}
{"timestamp":"2025-09-02T05:13:22.971Z","type":"health_check","status":"healthy","details":{"database":"healthy","supabase":"healthy","system":"healthy"}}
{"timestamp":"2025-09-02T05:13:38.286Z","type":"health_check","status":"healthy","details":{"database":"healthy","supabase":"healthy","system":"healthy"}}
{"timestamp":"2025-09-02T05:14:08.763Z","type":"health_check","status":"healthy","details":{"database":"healthy","supabase":"healthy","system":"healthy"}}
{"timestamp":"2025-09-02T05:14:24.285Z","type":"health_check","status":"healthy","details":{"database":"healthy","supabase":"healthy","system":"healthy"}}
{"timestamp":"2025-09-02T05:14:54.537Z","type":"health_check","status":"warning","details":{"database":"healthy","supabase":"healthy","system":"warning"}}
{"timestamp":"2025-09-02T05:15:10.169Z","type":"health_check","status":"warning","details":{"database":"healthy","supabase":"healthy","system":"warning"}}
{"timestamp":"2025-09-02T05:15:40.259Z","type":"health_check","status":"warning","details":{"database":"warning","supabase":"healthy","system":"warning"}}
{"timestamp":"2025-09-02T05:15:55.977Z","type":"health_check","status":"healthy","details":{"database":"healthy","supabase":"healthy","system":"healthy"}}
{"timestamp":"2025-09-02T05:16:26.657Z","type":"health_check","status":"warning","details":{"database":"healthy","supabase":"healthy","system":"warning"}}
{"timestamp":"2025-09-02T05:16:41.807Z","type":"health_check","status":"warning","details":{"database":"healthy","supabase":"healthy","system":"warning"}}
{"timestamp":"2025-09-02T05:17:12.358Z","type":"health_check","status":"warning","details":{"database":"healthy","supabase":"healthy","system":"warning"}}
{"timestamp":"2025-09-02T05:17:27.484Z","type":"health_check","status":"warning","details":{"database":"healthy","supabase":"healthy","system":"warning"}}
{"timestamp":"2025-09-02T05:17:58.012Z","type":"health_check","status":"warning","details":{"database":"healthy","supabase":"healthy","system":"warning"}}
{"timestamp":"2025-09-02T05:18:13.617Z","type":"health_check","status":"warning","details":{"database":"healthy","supabase":"healthy","system":"warning"}}
{"timestamp":"2025-09-02T05:18:44.065Z","type":"health_check","status":"warning","details":{"database":"healthy","supabase":"healthy","system":"warning"}}
{"timestamp":"2025-09-02T05:18:59.536Z","type":"health_check","status":"warning","details":{"database":"healthy","supabase":"healthy","system":"warning"}}
{"timestamp":"2025-09-02T05:19:44.793Z","type":"health_check","status":"warning","details":{"database":"healthy","supabase":"healthy","system":"warning"}}
{"timestamp":"2025-09-02T05:20:00.710Z","type":"health_check","status":"warning","details":{"database":"healthy","supabase":"healthy","system":"warning"}}
{"timestamp":"2025-09-02T05:20:30.880Z","type":"health_check","status":"warning","details":{"database":"healthy","supabase":"healthy","system":"warning"}}
{"timestamp":"2025-09-02T05:21:01.487Z","type":"health_check","status":"warning","details":{"database":"healthy","supabase":"healthy","system":"warning"}}
{"timestamp":"2025-09-02T05:21:31.554Z","type":"health_check","status":"warning","details":{"database":"healthy","supabase":"healthy","system":"warning"}}
{"timestamp":"2025-09-02T05:22:02.181Z","type":"health_check","status":"healthy","details":{"database":"healthy","supabase":"healthy","system":"healthy"}}
{"timestamp":"2025-09-02T05:22:33.091Z","type":"health_check","status":"healthy","details":{"database":"healthy","supabase":"healthy","system":"healthy"}}
{"timestamp":"2025-09-02T05:22:32.739Z","type":"health_check","status":"healthy","details":{"database":"healthy","supabase":"healthy","system":"healthy"}}
{"timestamp":"2025-09-02T05:23:04.013Z","type":"health_check","status":"healthy","details":{"database":"healthy","supabase":"healthy","system":"healthy"}}
{"timestamp":"2025-09-02T05:23:03.953Z","type":"health_check","status":"healthy","details":{"database":"healthy","supabase":"healthy","system":"healthy"}}
{"timestamp":"2025-09-02T05:23:34.817Z","type":"health_check","status":"healthy","details":{"database":"healthy","supabase":"healthy","system":"healthy"}}
{"timestamp":"2025-09-02T05:23:35.074Z","type":"health_check","status":"healthy","details":{"database":"healthy","supabase":"healthy","system":"healthy"}}
{"timestamp":"2025-09-02T05:24:05.765Z","type":"health_check","status":"healthy","details":{"database":"healthy","supabase":"healthy","system":"healthy"}}
{"timestamp":"2025-09-02T05:24:20.794Z","type":"health_check","status":"healthy","details":{"database":"healthy","supabase":"healthy","system":"healthy"}}
{"timestamp":"2025-09-02T05:24:36.448Z","type":"health_check","status":"warning","details":{"database":"healthy","supabase":"healthy","system":"warning"}}
{"timestamp":"2025-09-02T05:24:51.267Z","type":"health_check","status":"warning","details":{"database":"healthy","supabase":"healthy","system":"warning"}}
{"timestamp":"2025-09-02T05:25:22.305Z","type":"health_check","status":"warning","details":{"database":"healthy","supabase":"healthy","system":"warning"}}
{"timestamp":"2025-09-02T05:25:36.988Z","type":"health_check","status":"warning","details":{"database":"healthy","supabase":"healthy","system":"warning"}}
{"timestamp":"2025-09-02T05:26:22.734Z","type":"health_check","status":"warning","details":{"database":"healthy","supabase":"healthy","system":"warning"}}
{"timestamp":"2025-09-02T05:26:37.907Z","type":"health_check","status":"warning","details":{"database":"healthy","supabase":"healthy","system":"warning"}}
{"timestamp":"2025-09-02T05:27:23.438Z","type":"health_check","status":"warning","details":{"database":"healthy","supabase":"healthy","system":"warning"}}
{"timestamp":"2025-09-02T05:27:24.004Z","type":"health_check","status":"warning","details":{"database":"healthy","supabase":"healthy","system":"warning"}}
{"timestamp":"2025-09-02T05:28:24.451Z","type":"health_check","status":"healthy","details":{"database":"healthy","supabase":"healthy","system":"healthy"}}
{"timestamp":"2025-09-02T05:28:24.453Z","type":"health_check","status":"healthy","details":{"database":"healthy","supabase":"healthy","system":"healthy"}}
{"timestamp":"2025-09-02T05:28:55.513Z","type":"health_check","status":"error","details":{"database":"error","supabase":"warning","system":"healthy"}}
{"timestamp":"2025-09-02T05:28:55.574Z","type":"health_check","status":"error","details":{"database":"error","supabase":"warning","system":"healthy"}}
{"timestamp":"2025-09-02T05:29:25.529Z","type":"health_check","status":"error","details":{"database":"error","supabase":"warning","system":"warning"}}
{"timestamp":"2025-09-02T05:29:25.588Z","type":"health_check","status":"error","details":{"database":"error","supabase":"warning","system":"warning"}}
{"timestamp":"2025-09-02T05:30:27.793Z","type":"health_check","status":"warning","details":{"database":"slow","supabase":"healthy","system":"warning"}}
{"timestamp":"2025-09-02T05:30:30.718Z","type":"health_check","status":"warning","details":{"database":"slow","supabase":"healthy","system":"warning"}}
{"timestamp":"2025-09-02T05:31:52.816Z","type":"health_check","status":"error","details":{"database":"error","supabase":"warning","system":"warning"}}
{"timestamp":"2025-09-02T05:31:51.155Z","type":"health_check","status":"error","details":{"database":"slow","supabase":"warning","system":"error"}}
{"timestamp":"2025-09-02T05:33:10.615Z","type":"health_check","status":"error","details":{"database":"error","supabase":"warning","system":"warning"}}
{"timestamp":"2025-09-02T05:33:16.984Z","type":"health_check","status":"error","details":{"database":"error","supabase":"healthy","system":"warning"}}
{"timestamp":"2025-09-02T05:34:31.914Z","type":"health_check","status":"healthy","details":{"database":"healthy","supabase":"healthy","system":"healthy"}}
{"timestamp":"2025-09-02T05:34:35.345Z","type":"health_check","status":"warning","details":{"database":"healthy","supabase":"healthy","system":"warning"}}
{"timestamp":"2025-09-02T05:35:17.190Z","type":"health_check","status":"warning","details":{"database":"healthy","supabase":"healthy","system":"warning"}}
{"timestamp":"2025-09-02T05:35:20.737Z","type":"health_check","status":"warning","details":{"database":"healthy","supabase":"healthy","system":"warning"}}
{"timestamp":"2025-09-02T05:36:02.561Z","type":"health_check","status":"warning","details":{"database":"healthy","supabase":"healthy","system":"warning"}}
{"timestamp":"2025-09-02T05:36:06.138Z","type":"health_check","status":"warning","details":{"database":"healthy","supabase":"healthy","system":"warning"}}
{"timestamp":"2025-09-02T05:36:48.079Z","type":"health_check","status":"warning","details":{"database":"healthy","supabase":"healthy","system":"warning"}}
{"timestamp":"2025-09-02T05:37:06.271Z","type":"health_check","status":"warning","details":{"database":"healthy","supabase":"healthy","system":"warning"}}
{"timestamp":"2025-09-02T05:37:48.367Z","type":"health_check","status":"warning","details":{"database":"healthy","supabase":"healthy","system":"warning"}}
{"timestamp":"2025-09-02T05:38:06.863Z","type":"health_check","status":"warning","details":{"database":"healthy","supabase":"healthy","system":"warning"}}
{"timestamp":"2025-09-02T05:38:48.725Z","type":"health_check","status":"warning","details":{"database":"healthy","supabase":"healthy","system":"warning"}}
{"timestamp":"2025-09-02T05:39:07.160Z","type":"health_check","status":"warning","details":{"database":"healthy","supabase":"healthy","system":"warning"}}
{"timestamp":"2025-09-02T05:39:49.783Z","type":"health_check","status":"warning","details":{"database":"healthy","supabase":"healthy","system":"warning"}}
{"timestamp":"2025-09-02T05:40:07.519Z","type":"health_check","status":"healthy","details":{"database":"healthy","supabase":"healthy","system":"healthy"}}
{"timestamp":"2025-09-02T05:40:35.008Z","type":"health_check","status":"healthy","details":{"database":"healthy","supabase":"healthy","system":"healthy"}}
{"timestamp":"2025-09-02T05:40:37.987Z","type":"health_check","status":"healthy","details":{"database":"healthy","supabase":"healthy","system":"healthy"}}
{"timestamp":"2025-09-02T05:41:05.594Z","type":"health_check","status":"healthy","details":{"database":"healthy","supabase":"healthy","system":"healthy"}}
{"timestamp":"2025-09-02T05:41:08.171Z","type":"health_check","status":"healthy","details":{"database":"healthy","supabase":"healthy","system":"healthy"}}
{"timestamp":"2025-09-02T05:41:35.990Z","type":"health_check","status":"healthy","details":{"database":"healthy","supabase":"healthy","system":"healthy"}}
{"timestamp":"2025-09-02T05:41:38.321Z","type":"health_check","status":"healthy","details":{"database":"healthy","supabase":"healthy","system":"healthy"}}
{"timestamp":"2025-09-02T05:42:06.321Z","type":"health_check","status":"healthy","details":{"database":"healthy","supabase":"healthy","system":"healthy"}}
{"timestamp":"2025-09-02T05:42:08.503Z","type":"health_check","status":"healthy","details":{"database":"healthy","supabase":"healthy","system":"healthy"}}
{"timestamp":"2025-09-02T05:42:36.706Z","type":"health_check","status":"healthy","details":{"database":"healthy","supabase":"healthy","system":"healthy"}}
{"timestamp":"2025-09-02T05:42:38.688Z","type":"health_check","status":"healthy","details":{"database":"healthy","supabase":"healthy","system":"healthy"}}
{"timestamp":"2025-09-02T05:43:07.384Z","type":"health_check","status":"healthy","details":{"database":"healthy","supabase":"healthy","system":"healthy"}}
{"timestamp":"2025-09-02T05:43:08.870Z","type":"health_check","status":"healthy","details":{"database":"healthy","supabase":"healthy","system":"healthy"}}
{"timestamp":"2025-09-02T05:43:38.559Z","type":"health_check","status":"warning","details":{"database":"healthy","supabase":"healthy","system":"warning"}}
{"timestamp":"2025-09-02T05:43:39.051Z","type":"health_check","status":"warning","details":{"database":"healthy","supabase":"healthy","system":"warning"}}
{"timestamp":"2025-09-02T05:44:39.303Z","type":"health_check","status":"error","details":{"database":"healthy","supabase":"healthy","system":"error"}}
{"timestamp":"2025-09-02T05:44:39.150Z","type":"health_check","status":"warning","details":{"database":"healthy","supabase":"healthy","system":"warning"}}
{"timestamp":"2025-09-02T05:45:40.082Z","type":"health_check","status":"error","details":{"database":"healthy","supabase":"healthy","system":"error"}}
{"timestamp":"2025-09-02T05:45:40.144Z","type":"health_check","status":"error","details":{"database":"healthy","supabase":"healthy","system":"error"}}
{"timestamp":"2025-09-02T05:46:41.115Z","type":"health_check","status":"error","details":{"database":"healthy","supabase":"healthy","system":"error"}}
{"timestamp":"2025-09-02T05:46:41.023Z","type":"health_check","status":"error","details":{"database":"warning","supabase":"healthy","system":"error"}}
{"timestamp":"2025-09-02T05:47:43.028Z","type":"health_check","status":"error","details":{"database":"healthy","supabase":"healthy","system":"error"}}
{"timestamp":"2025-09-02T05:47:43.487Z","type":"health_check","status":"error","details":{"database":"healthy","supabase":"healthy","system":"error"}}
{"timestamp":"2025-09-02T05:48:44.065Z","type":"health_check","status":"warning","details":{"database":"healthy","supabase":"healthy","system":"warning"}}
{"timestamp":"2025-09-02T05:48:43.661Z","type":"health_check","status":"error","details":{"database":"healthy","supabase":"healthy","system":"error"}}
{"timestamp":"2025-09-02T05:49:44.384Z","type":"health_check","status":"error","details":{"database":"healthy","supabase":"healthy","system":"error"}}
{"timestamp":"2025-09-02T05:49:44.448Z","type":"health_check","status":"error","details":{"database":"healthy","supabase":"healthy","system":"error"}}
{"timestamp":"2025-09-02T05:50:45.259Z","type":"health_check","status":"warning","details":{"database":"healthy","supabase":"healthy","system":"warning"}}
{"timestamp":"2025-09-02T05:50:45.198Z","type":"health_check","status":"error","details":{"database":"healthy","supabase":"healthy","system":"error"}}
{"timestamp":"2025-09-02T05:51:46.190Z","type":"health_check","status":"error","details":{"database":"healthy","supabase":"healthy","system":"error"}}
{"timestamp":"2025-09-02T05:51:46.296Z","type":"health_check","status":"error","details":{"database":"healthy","supabase":"healthy","system":"error"}}
{"timestamp":"2025-09-02T05:52:46.466Z","type":"health_check","status":"error","details":{"database":"healthy","supabase":"healthy","system":"error"}}
{"timestamp":"2025-09-02T05:52:46.544Z","type":"health_check","status":"warning","details":{"database":"healthy","supabase":"healthy","system":"warning"}}
{"timestamp":"2025-09-02T05:53:47.052Z","type":"health_check","status":"error","details":{"database":"healthy","supabase":"healthy","system":"error"}}
{"timestamp":"2025-09-02T05:53:47.408Z","type":"health_check","status":"error","details":{"database":"healthy","supabase":"healthy","system":"error"}}
{"timestamp":"2025-09-02T05:54:47.460Z","type":"health_check","status":"error","details":{"database":"healthy","supabase":"healthy","system":"error"}}
{"timestamp":"2025-09-02T05:54:47.582Z","type":"health_check","status":"error","details":{"database":"healthy","supabase":"healthy","system":"error"}}
{"timestamp":"2025-09-02T05:55:48.131Z","type":"health_check","status":"error","details":{"database":"healthy","supabase":"healthy","system":"error"}}
{"timestamp":"2025-09-02T05:55:48.114Z","type":"health_check","status":"error","details":{"database":"healthy","supabase":"healthy","system":"error"}}
{"timestamp":"2025-09-02T05:56:48.448Z","type":"health_check","status":"error","details":{"database":"healthy","supabase":"healthy","system":"error"}}
{"timestamp":"2025-09-02T05:56:48.433Z","type":"health_check","status":"error","details":{"database":"healthy","supabase":"healthy","system":"error"}}
{"timestamp":"2025-09-02T05:57:49.051Z","type":"health_check","status":"error","details":{"database":"healthy","supabase":"healthy","system":"error"}}
{"timestamp":"2025-09-02T05:57:49.127Z","type":"health_check","status":"error","details":{"database":"healthy","supabase":"healthy","system":"error"}}
{"timestamp":"2025-09-02T05:58:49.369Z","type":"health_check","status":"error","details":{"database":"healthy","supabase":"healthy","system":"error"}}
{"timestamp":"2025-09-02T05:58:49.415Z","type":"health_check","status":"warning","details":{"database":"healthy","supabase":"healthy","system":"warning"}}
{"timestamp":"2025-09-02T05:59:49.698Z","type":"health_check","status":"warning","details":{"database":"healthy","supabase":"healthy","system":"warning"}}
{"timestamp":"2025-09-02T05:59:49.713Z","type":"health_check","status":"warning","details":{"database":"healthy","supabase":"healthy","system":"warning"}}
{"timestamp":"2025-09-02T06:00:50.092Z","type":"health_check","status":"error","details":{"database":"healthy","supabase":"healthy","system":"error"}}
{"timestamp":"2025-09-02T06:00:50.085Z","type":"health_check","status":"error","details":{"database":"healthy","supabase":"healthy","system":"error"}}
{"timestamp":"2025-09-02T06:01:50.753Z","type":"health_check","status":"error","details":{"database":"healthy","supabase":"healthy","system":"error"}}
{"timestamp":"2025-09-02T06:01:50.656Z","type":"health_check","status":"error","details":{"database":"healthy","supabase":"healthy","system":"error"}}
{"timestamp":"2025-09-02T06:02:51.043Z","type":"health_check","status":"error","details":{"database":"healthy","supabase":"healthy","system":"error"}}
{"timestamp":"2025-09-02T06:02:51.268Z","type":"health_check","status":"error","details":{"database":"healthy","supabase":"healthy","system":"error"}}
{"timestamp":"2025-09-02T06:03:51.669Z","type":"health_check","status":"error","details":{"database":"healthy","supabase":"healthy","system":"error"}}
{"timestamp":"2025-09-02T06:03:51.821Z","type":"health_check","status":"error","details":{"database":"healthy","supabase":"healthy","system":"error"}}
{"timestamp":"2025-09-02T06:04:51.987Z","type":"health_check","status":"warning","details":{"database":"healthy","supabase":"healthy","system":"warning"}}
{"timestamp":"2025-09-02T06:04:52.023Z","type":"health_check","status":"error","details":{"database":"healthy","supabase":"healthy","system":"error"}}
{"timestamp":"2025-09-02T06:05:52.608Z","type":"health_check","status":"error","details":{"database":"healthy","supabase":"healthy","system":"error"}}
{"timestamp":"2025-09-02T06:05:52.669Z","type":"health_check","status":"error","details":{"database":"healthy","supabase":"warning","system":"error"}}
{"timestamp":"2025-09-02T06:06:52.963Z","type":"health_check","status":"error","details":{"database":"healthy","supabase":"healthy","system":"error"}}
{"timestamp":"2025-09-02T06:07:53.598Z","type":"health_check","status":"error","details":{"database":"error","supabase":"healthy","system":"error"}}
{"timestamp":"2025-09-02T06:07:53.000Z","type":"health_check","status":"error","details":{"database":"error","supabase":"healthy","system":"error"}}
{"timestamp":"2025-09-02T06:09:16.093Z","type":"health_check","status":"error","details":{"database":"slow","supabase":"healthy","system":"error"}}
{"timestamp":"2025-09-02T06:09:15.698Z","type":"health_check","status":"error","details":{"database":"slow","supabase":"healthy","system":"error"}}
{"timestamp":"2025-09-02T06:10:21.646Z","type":"health_check","status":"error","details":{"database":"healthy","supabase":"healthy","system":"error"}}
{"timestamp":"2025-09-02T06:10:21.760Z","type":"health_check","status":"error","details":{"database":"healthy","supabase":"healthy","system":"error"}}
{"timestamp":"2025-09-02T06:11:22.063Z","type":"health_check","status":"error","details":{"database":"slow","supabase":"healthy","system":"error"}}
{"timestamp":"2025-09-02T06:11:22.037Z","type":"health_check","status":"error","details":{"database":"slow","supabase":"healthy","system":"error"}}
{"timestamp":"2025-09-02T06:12:26.761Z","type":"health_check","status":"warning","details":{"database":"healthy","supabase":"healthy","system":"warning"}}
{"timestamp":"2025-09-02T06:12:26.757Z","type":"health_check","status":"warning","details":{"database":"healthy","supabase":"healthy","system":"warning"}}
{"timestamp":"2025-09-02T06:13:12.353Z","type":"health_check","status":"warning","details":{"database":"healthy","supabase":"healthy","system":"warning"}}
{"timestamp":"2025-09-02T06:13:12.356Z","type":"health_check","status":"warning","details":{"database":"healthy","supabase":"healthy","system":"warning"}}
{"timestamp":"2025-09-02T06:13:58.893Z","type":"health_check","status":"warning","details":{"database":"slow","supabase":"healthy","system":"warning"}}
{"timestamp":"2025-09-02T06:13:58.860Z","type":"health_check","status":"warning","details":{"database":"slow","supabase":"healthy","system":"warning"}}
{"timestamp":"2025-09-02T06:14:48.685Z","type":"health_check","status":"warning","details":{"database":"healthy","supabase":"healthy","system":"warning"}}
{"timestamp":"2025-09-02T06:14:51.751Z","type":"health_check","status":"warning","details":{"database":"healthy","supabase":"healthy","system":"warning"}}
{"timestamp":"2025-09-02T06:15:34.947Z","type":"health_check","status":"warning","details":{"database":"healthy","supabase":"healthy","system":"warning"}}
{"timestamp":"2025-09-02T06:15:37.515Z","type":"health_check","status":"warning","details":{"database":"healthy","supabase":"healthy","system":"warning"}}
{"timestamp":"2025-09-02T06:16:20.916Z","type":"health_check","status":"warning","details":{"database":"healthy","supabase":"healthy","system":"warning"}}
{"timestamp":"2025-09-02T06:16:22.655Z","type":"health_check","status":"warning","details":{"database":"healthy","supabase":"healthy","system":"warning"}}
{"timestamp":"2025-09-02T06:17:06.372Z","type":"health_check","status":"warning","details":{"database":"healthy","supabase":"healthy","system":"warning"}}
{"timestamp":"2025-09-02T06:17:07.856Z","type":"health_check","status":"warning","details":{"database":"healthy","supabase":"healthy","system":"warning"}}
{"timestamp":"2025-09-02T06:17:51.696Z","type":"health_check","status":"warning","details":{"database":"healthy","supabase":"healthy","system":"warning"}}
{"timestamp":"2025-09-02T06:17:53.005Z","type":"health_check","status":"warning","details":{"database":"healthy","supabase":"healthy","system":"warning"}}
{"timestamp":"2025-09-02T06:18:38.244Z","type":"health_check","status":"warning","details":{"database":"healthy","supabase":"healthy","system":"warning"}}
{"timestamp":"2025-09-02T06:18:52.684Z","type":"health_check","status":"warning","details":{"database":"healthy","supabase":"healthy","system":"warning"}}
{"timestamp":"2025-09-02T06:19:23.679Z","type":"health_check","status":"warning","details":{"database":"healthy","supabase":"healthy","system":"warning"}}
{"timestamp":"2025-09-02T06:19:38.277Z","type":"health_check","status":"warning","details":{"database":"healthy","supabase":"healthy","system":"warning"}}
{"timestamp":"2025-09-02T06:20:24.825Z","type":"health_check","status":"warning","details":{"database":"healthy","supabase":"healthy","system":"warning"}}
{"timestamp":"2025-09-02T06:20:39.334Z","type":"health_check","status":"warning","details":{"database":"healthy","supabase":"healthy","system":"warning"}}
{"timestamp":"2025-09-02T06:21:25.948Z","type":"health_check","status":"warning","details":{"database":"slow","supabase":"healthy","system":"warning"}}
{"timestamp":"2025-09-02T06:21:40.014Z","type":"health_check","status":"warning","details":{"database":"healthy","supabase":"healthy","system":"warning"}}
{"timestamp":"2025-09-02T06:22:31.123Z","type":"health_check","status":"warning","details":{"database":"healthy","supabase":"healthy","system":"warning"}}
{"timestamp":"2025-09-02T06:22:42.605Z","type":"health_check","status":"warning","details":{"database":"healthy","supabase":"healthy","system":"warning"}}
{"timestamp":"2025-09-02T06:23:16.414Z","type":"health_check","status":"warning","details":{"database":"slow","supabase":"healthy","system":"warning"}}
{"timestamp":"2025-09-02T06:23:43.041Z","type":"health_check","status":"warning","details":{"database":"healthy","supabase":"healthy","system":"warning"}}
{"timestamp":"2025-09-02T06:24:26.156Z","type":"health_check","status":"warning","details":{"database":"warning","supabase":"healthy","system":"warning"}}
{"timestamp":"2025-09-02T06:24:43.952Z","type":"health_check","status":"error","details":{"database":"slow","supabase":"healthy","system":"error"}}
{"timestamp":"2025-09-02T06:25:27.915Z","type":"health_check","status":"error","details":{"database":"slow","supabase":"healthy","system":"error"}}
{"timestamp":"2025-09-02T06:25:49.415Z","type":"health_check","status":"warning","details":{"database":"slow","supabase":"healthy","system":"warning"}}
{"timestamp":"2025-09-02T06:26:32.143Z","type":"health_check","status":"warning","details":{"database":"healthy","supabase":"healthy","system":"warning"}}
{"timestamp":"2025-09-02T06:27:00.953Z","type":"health_check","status":"warning","details":{"database":"warning","supabase":"healthy","system":"warning"}}
{"timestamp":"2025-09-02T06:27:32.601Z","type":"health_check","status":"error","details":{"database":"healthy","supabase":"healthy","system":"error"}}
{"timestamp":"2025-09-02T06:28:02.472Z","type":"health_check","status":"error","details":{"database":"healthy","supabase":"healthy","system":"error"}}
{"timestamp":"2025-09-02T06:28:33.320Z","type":"health_check","status":"error","details":{"database":"healthy","supabase":"healthy","system":"error"}}
{"timestamp":"2025-09-02T06:29:02.822Z","type":"health_check","status":"warning","details":{"database":"healthy","supabase":"healthy","system":"warning"}}
{"timestamp":"2025-09-02T06:29:33.766Z","type":"health_check","status":"error","details":{"database":"healthy","supabase":"healthy","system":"error"}}
{"timestamp":"2025-09-02T06:30:35.159Z","type":"health_check","status":"error","details":{"database":"warning","supabase":"healthy","system":"error"}}
{"timestamp":"2025-09-02T06:30:03.228Z","type":"health_check","status":"error","details":{"database":"healthy","supabase":"warning","system":"error"}}
{"timestamp":"2025-09-02T06:31:36.841Z","type":"health_check","status":"warning","details":{"database":"healthy","supabase":"healthy","system":"warning"}}
{"timestamp":"2025-09-02T06:32:03.907Z","type":"health_check","status":"warning","details":{"database":"healthy","supabase":"healthy","system":"warning"}}
{"timestamp":"2025-09-02T06:32:37.477Z","type":"health_check","status":"warning","details":{"database":"healthy","supabase":"healthy","system":"warning"}}
{"timestamp":"2025-09-02T06:32:49.606Z","type":"health_check","status":"warning","details":{"database":"healthy","supabase":"healthy","system":"warning"}}
{"timestamp":"2025-09-02T06:33:22.966Z","type":"health_check","status":"warning","details":{"database":"healthy","supabase":"healthy","system":"warning"}}
{"timestamp":"2025-09-02T06:33:35.030Z","type":"health_check","status":"warning","details":{"database":"healthy","supabase":"healthy","system":"warning"}}
{"timestamp":"2025-09-02T06:34:08.592Z","type":"health_check","status":"warning","details":{"database":"healthy","supabase":"healthy","system":"warning"}}
{"timestamp":"2025-09-02T06:34:20.383Z","type":"health_check","status":"warning","details":{"database":"healthy","supabase":"healthy","system":"warning"}}
{"timestamp":"2025-09-02T06:34:54.008Z","type":"health_check","status":"warning","details":{"database":"healthy","supabase":"healthy","system":"warning"}}
{"timestamp":"2025-09-02T06:35:05.827Z","type":"health_check","status":"warning","details":{"database":"warning","supabase":"healthy","system":"warning"}}
{"timestamp":"2025-09-02T06:35:39.704Z","type":"health_check","status":"warning","details":{"database":"healthy","supabase":"healthy","system":"warning"}}
{"timestamp":"2025-09-02T06:35:53.225Z","type":"health_check","status":"warning","details":{"database":"healthy","supabase":"healthy","system":"warning"}}
{"timestamp":"2025-09-02T06:36:40.698Z","type":"health_check","status":"warning","details":{"database":"healthy","supabase":"healthy","system":"warning"}}
{"timestamp":"2025-09-02T06:36:53.762Z","type":"health_check","status":"warning","details":{"database":"healthy","supabase":"healthy","system":"warning"}}
{"timestamp":"2025-09-02T06:37:26.013Z","type":"health_check","status":"warning","details":{"database":"healthy","supabase":"healthy","system":"warning"}}
{"timestamp":"2025-09-02T06:37:54.408Z","type":"health_check","status":"warning","details":{"database":"healthy","supabase":"healthy","system":"warning"}}
{"timestamp":"2025-09-02T06:38:26.509Z","type":"health_check","status":"warning","details":{"database":"healthy","supabase":"healthy","system":"warning"}}
{"timestamp":"2025-09-02T06:38:55.064Z","type":"health_check","status":"error","details":{"database":"healthy","supabase":"healthy","system":"error"}}
{"timestamp":"2025-09-02T06:39:27.080Z","type":"health_check","status":"warning","details":{"database":"healthy","supabase":"healthy","system":"warning"}}
{"timestamp":"2025-09-02T06:39:56.711Z","type":"health_check","status":"error","details":{"database":"warning","supabase":"healthy","system":"error"}}
{"timestamp":"2025-09-02T06:40:27.392Z","type":"health_check","status":"error","details":{"database":"healthy","supabase":"healthy","system":"error"}}
{"timestamp":"2025-09-02T06:40:58.221Z","type":"health_check","status":"error","details":{"database":"healthy","supabase":"healthy","system":"error"}}
{"timestamp":"2025-09-02T06:41:27.809Z","type":"health_check","status":"warning","details":{"database":"healthy","supabase":"healthy","system":"warning"}}
{"timestamp":"2025-09-02T06:41:59.139Z","type":"health_check","status":"warning","details":{"database":"healthy","supabase":"healthy","system":"warning"}}
{"timestamp":"2025-09-02T06:42:28.153Z","type":"health_check","status":"error","details":{"database":"healthy","supabase":"healthy","system":"error"}}
{"timestamp":"2025-09-02T06:42:59.441Z","type":"health_check","status":"error","details":{"database":"healthy","supabase":"healthy","system":"error"}}
{"timestamp":"2025-09-02T06:43:28.530Z","type":"health_check","status":"error","details":{"database":"healthy","supabase":"healthy","system":"error"}}
{"timestamp":"2025-09-02T06:44:00.381Z","type":"health_check","status":"error","details":{"database":"healthy","supabase":"healthy","system":"error"}}
{"timestamp":"2025-09-02T06:44:29.399Z","type":"health_check","status":"error","details":{"database":"healthy","supabase":"healthy","system":"error"}}
{"timestamp":"2025-09-02T06:45:00.743Z","type":"health_check","status":"error","details":{"database":"healthy","supabase":"healthy","system":"error"}}
{"timestamp":"2025-09-02T06:45:29.793Z","type":"health_check","status":"warning","details":{"database":"healthy","supabase":"healthy","system":"warning"}}
{"timestamp":"2025-09-02T06:46:01.739Z","type":"health_check","status":"error","details":{"database":"healthy","supabase":"healthy","system":"error"}}
{"timestamp":"2025-09-02T06:46:30.257Z","type":"health_check","status":"error","details":{"database":"healthy","supabase":"healthy","system":"error"}}
{"timestamp":"2025-09-02T06:47:02.293Z","type":"health_check","status":"warning","details":{"database":"healthy","supabase":"healthy","system":"warning"}}
{"timestamp":"2025-09-02T06:47:30.762Z","type":"health_check","status":"error","details":{"database":"healthy","supabase":"healthy","system":"error"}}
{"timestamp":"2025-09-02T06:48:02.972Z","type":"health_check","status":"error","details":{"database":"healthy","supabase":"healthy","system":"error"}}
{"timestamp":"2025-09-02T06:48:31.180Z","type":"health_check","status":"error","details":{"database":"healthy","supabase":"healthy","system":"error"}}
{"timestamp":"2025-09-02T06:49:03.358Z","type":"health_check","status":"error","details":{"database":"warning","supabase":"healthy","system":"error"}}
{"timestamp":"2025-09-02T06:50:05.808Z","type":"health_check","status":"warning","details":{"database":"warning","supabase":"healthy","system":"warning"}}
{"timestamp":"2025-09-02T06:49:32.431Z","type":"health_check","status":"warning","details":{"database":"healthy","supabase":"warning","system":"warning"}}
{"timestamp":"2025-09-02T06:50:53.165Z","type":"health_check","status":"warning","details":{"database":"healthy","supabase":"healthy","system":"warning"}}
{"timestamp":"2025-09-02T06:51:32.808Z","type":"health_check","status":"warning","details":{"database":"healthy","supabase":"healthy","system":"warning"}}
{"timestamp":"2025-09-02T06:51:54.606Z","type":"health_check","status":"warning","details":{"database":"healthy","supabase":"healthy","system":"warning"}}
{"timestamp":"2025-09-02T06:52:33.207Z","type":"health_check","status":"warning","details":{"database":"healthy","supabase":"healthy","system":"warning"}}
{"timestamp":"2025-09-02T06:52:54.935Z","type":"health_check","status":"error","details":{"database":"healthy","supabase":"healthy","system":"error"}}
{"timestamp":"2025-09-02T06:53:33.726Z","type":"health_check","status":"error","details":{"database":"healthy","supabase":"healthy","system":"error"}}
{"timestamp":"2025-09-02T06:53:55.595Z","type":"health_check","status":"error","details":{"database":"healthy","supabase":"healthy","system":"error"}}
{"timestamp":"2025-09-02T06:54:34.532Z","type":"health_check","status":"warning","details":{"database":"healthy","supabase":"healthy","system":"warning"}}
{"timestamp":"2025-09-02T06:54:56.076Z","type":"health_check","status":"warning","details":{"database":"healthy","supabase":"healthy","system":"warning"}}
{"timestamp":"2025-09-02T06:55:34.922Z","type":"health_check","status":"error","details":{"database":"healthy","supabase":"healthy","system":"error"}}
{"timestamp":"2025-09-02T06:55:56.694Z","type":"health_check","status":"error","details":{"database":"healthy","supabase":"healthy","system":"error"}}
{"timestamp":"2025-09-02T06:56:35.223Z","type":"health_check","status":"error","details":{"database":"healthy","supabase":"healthy","system":"error"}}
{"timestamp":"2025-09-02T06:56:57.051Z","type":"health_check","status":"warning","details":{"database":"healthy","supabase":"healthy","system":"warning"}}
{"timestamp":"2025-09-02T06:57:35.629Z","type":"health_check","status":"error","details":{"database":"healthy","supabase":"healthy","system":"error"}}
{"timestamp":"2025-09-02T06:57:57.829Z","type":"health_check","status":"error","details":{"database":"healthy","supabase":"healthy","system":"error"}}
{"timestamp":"2025-09-02T06:58:35.986Z","type":"health_check","status":"error","details":{"database":"healthy","supabase":"healthy","system":"error"}}
{"timestamp":"2025-09-02T06:58:58.150Z","type":"health_check","status":"error","details":{"database":"healthy","supabase":"healthy","system":"error"}}
{"timestamp":"2025-09-02T06:59:36.379Z","type":"health_check","status":"warning","details":{"database":"healthy","supabase":"healthy","system":"warning"}}
{"timestamp":"2025-09-02T06:59:58.890Z","type":"health_check","status":"error","details":{"database":"healthy","supabase":"healthy","system":"error"}}
{"timestamp":"2025-09-02T07:00:37.085Z","type":"health_check","status":"error","details":{"database":"healthy","supabase":"healthy","system":"error"}}
{"timestamp":"2025-09-02T07:00:59.207Z","type":"health_check","status":"error","details":{"database":"healthy","supabase":"healthy","system":"error"}}
{"timestamp":"2025-09-02T07:01:37.367Z","type":"health_check","status":"error","details":{"database":"healthy","supabase":"healthy","system":"error"}}
{"timestamp":"2025-09-02T07:02:00.296Z","type":"health_check","status":"warning","details":{"database":"healthy","supabase":"healthy","system":"warning"}}
{"timestamp":"2025-09-02T07:02:37.712Z","type":"health_check","status":"error","details":{"database":"healthy","supabase":"healthy","system":"error"}}
{"timestamp":"2025-09-02T07:03:00.867Z","type":"health_check","status":"error","details":{"database":"healthy","supabase":"healthy","system":"error"}}
{"timestamp":"2025-09-02T07:03:38.029Z","type":"health_check","status":"error","details":{"database":"healthy","supabase":"healthy","system":"error"}}
{"timestamp":"2025-09-02T07:04:01.517Z","type":"health_check","status":"warning","details":{"database":"healthy","supabase":"healthy","system":"warning"}}
{"timestamp":"2025-09-02T07:04:38.384Z","type":"health_check","status":"error","details":{"database":"healthy","supabase":"healthy","system":"error"}}
{"timestamp":"2025-09-02T07:05:01.945Z","type":"health_check","status":"error","details":{"database":"healthy","supabase":"healthy","system":"error"}}
{"timestamp":"2025-09-02T07:05:38.754Z","type":"health_check","status":"error","details":{"database":"healthy","supabase":"healthy","system":"error"}}
{"timestamp":"2025-09-02T07:06:02.589Z","type":"health_check","status":"warning","details":{"database":"healthy","supabase":"healthy","system":"warning"}}
{"timestamp":"2025-09-02T07:06:39.113Z","type":"health_check","status":"error","details":{"database":"healthy","supabase":"healthy","system":"error"}}
{"timestamp":"2025-09-02T07:07:03.164Z","type":"health_check","status":"warning","details":{"database":"healthy","supabase":"healthy","system":"warning"}}
{"timestamp":"2025-09-02T07:07:39.448Z","type":"health_check","status":"error","details":{"database":"healthy","supabase":"healthy","system":"error"}}
{"timestamp":"2025-09-02T07:08:03.843Z","type":"health_check","status":"error","details":{"database":"healthy","supabase":"healthy","system":"error"}}
{"timestamp":"2025-09-02T07:08:40.022Z","type":"health_check","status":"warning","details":{"database":"healthy","supabase":"healthy","system":"warning"}}
{"timestamp":"2025-09-02T07:09:04.718Z","type":"health_check","status":"error","details":{"database":"healthy","supabase":"healthy","system":"error"}}
{"timestamp":"2025-09-02T07:09:40.323Z","type":"health_check","status":"error","details":{"database":"healthy","supabase":"healthy","system":"error"}}
{"timestamp":"2025-09-02T07:10:05.563Z","type":"health_check","status":"error","details":{"database":"healthy","supabase":"healthy","system":"error"}}
{"timestamp":"2025-09-02T07:10:40.824Z","type":"health_check","status":"error","details":{"database":"healthy","supabase":"healthy","system":"error"}}
{"timestamp":"2025-09-02T07:11:05.904Z","type":"health_check","status":"error","details":{"database":"healthy","supabase":"healthy","system":"error"}}
{"timestamp":"2025-09-02T07:11:41.150Z","type":"health_check","status":"warning","details":{"database":"healthy","supabase":"healthy","system":"warning"}}
{"timestamp":"2025-09-02T07:12:06.605Z","type":"health_check","status":"error","details":{"database":"healthy","supabase":"healthy","system":"error"}}
{"timestamp":"2025-09-02T07:12:41.804Z","type":"health_check","status":"warning","details":{"database":"healthy","supabase":"healthy","system":"warning"}}
{"timestamp":"2025-09-02T07:13:06.955Z","type":"health_check","status":"error","details":{"database":"healthy","supabase":"healthy","system":"error"}}
{"timestamp":"2025-09-02T07:13:42.411Z","type":"health_check","status":"warning","details":{"database":"healthy","supabase":"healthy","system":"warning"}}
{"timestamp":"2025-09-02T07:14:07.568Z","type":"health_check","status":"warning","details":{"database":"healthy","supabase":"healthy","system":"warning"}}
{"timestamp":"2025-09-02T07:14:27.941Z","type":"health_check","status":"warning","details":{"database":"healthy","supabase":"healthy","system":"warning"}}
{"timestamp":"2025-09-02T07:14:52.922Z","type":"health_check","status":"warning","details":{"database":"healthy","supabase":"healthy","system":"warning"}}
{"timestamp":"2025-09-02T07:15:13.298Z","type":"health_check","status":"warning","details":{"database":"healthy","supabase":"healthy","system":"warning"}}
{"timestamp":"2025-09-02T07:15:38.573Z","type":"health_check","status":"warning","details":{"database":"slow","supabase":"healthy","system":"warning"}}
{"timestamp":"2025-09-02T07:16:13.813Z","type":"health_check","status":"warning","details":{"database":"healthy","supabase":"healthy","system":"warning"}}
{"timestamp":"2025-09-02T07:16:42.029Z","type":"health_check","status":"warning","details":{"database":"healthy","supabase":"healthy","system":"warning"}}
{"timestamp":"2025-09-02T07:17:14.112Z","type":"health_check","status":"warning","details":{"database":"healthy","supabase":"healthy","system":"warning"}}
{"timestamp":"2025-09-02T07:17:42.259Z","type":"health_check","status":"error","details":{"database":"healthy","supabase":"healthy","system":"error"}}
{"timestamp":"2025-09-02T07:18:14.495Z","type":"health_check","status":"error","details":{"database":"healthy","supabase":"healthy","system":"error"}}
{"timestamp":"2025-09-02T07:18:42.744Z","type":"health_check","status":"warning","details":{"database":"healthy","supabase":"healthy","system":"warning"}}
{"timestamp":"2025-09-02T07:19:14.791Z","type":"health_check","status":"error","details":{"database":"healthy","supabase":"healthy","system":"error"}}
{"timestamp":"2025-09-02T07:19:43.057Z","type":"health_check","status":"error","details":{"database":"healthy","supabase":"healthy","system":"error"}}
{"timestamp":"2025-09-02T07:20:15.072Z","type":"health_check","status":"warning","details":{"database":"healthy","supabase":"healthy","system":"warning"}}
{"timestamp":"2025-09-02T07:20:43.638Z","type":"health_check","status":"warning","details":{"database":"healthy","supabase":"healthy","system":"warning"}}
{"timestamp":"2025-09-02T07:21:15.388Z","type":"health_check","status":"warning","details":{"database":"healthy","supabase":"healthy","system":"warning"}}
{"timestamp":"2025-09-02T07:21:43.837Z","type":"health_check","status":"warning","details":{"database":"healthy","supabase":"healthy","system":"warning"}}
{"timestamp":"2025-09-02T07:22:15.734Z","type":"health_check","status":"warning","details":{"database":"healthy","supabase":"healthy","system":"warning"}}
{"timestamp":"2025-09-02T07:22:44.118Z","type":"health_check","status":"warning","details":{"database":"healthy","supabase":"healthy","system":"warning"}}
{"timestamp":"2025-09-02T07:23:16.433Z","type":"health_check","status":"warning","details":{"database":"healthy","supabase":"healthy","system":"warning"}}
{"timestamp":"2025-09-02T07:24:16.782Z","type":"health_check","status":"warning","details":{"database":"healthy","supabase":"healthy","system":"warning"}}
{"timestamp":"2025-09-02T07:23:44.347Z","type":"health_check","status":"warning","details":{"database":"healthy","supabase":"warning","system":"warning"}}
{"timestamp":"2025-09-02T07:25:17.396Z","type":"health_check","status":"error","details":{"database":"healthy","supabase":"healthy","system":"error"}}
{"timestamp":"2025-09-02T07:25:29.629Z","type":"health_check","status":"error","details":{"database":"healthy","supabase":"healthy","system":"error"}}
{"timestamp":"2025-09-02T07:26:17.662Z","type":"health_check","status":"warning","details":{"database":"healthy","supabase":"healthy","system":"warning"}}
{"timestamp":"2025-09-02T07:26:29.918Z","type":"health_check","status":"warning","details":{"database":"healthy","supabase":"healthy","system":"warning"}}
{"timestamp":"2025-09-02T07:27:15.244Z","type":"health_check","status":"warning","details":{"database":"healthy","supabase":"healthy","system":"warning"}}
{"timestamp":"2025-09-02T07:27:18.229Z","type":"health_check","status":"warning","details":{"database":"healthy","supabase":"healthy","system":"warning"}}
{"timestamp":"2025-09-02T07:28:15.602Z","type":"health_check","status":"warning","details":{"database":"healthy","supabase":"healthy","system":"warning"}}
{"timestamp":"2025-09-02T07:28:18.378Z","type":"health_check","status":"warning","details":{"database":"healthy","supabase":"healthy","system":"warning"}}
{"timestamp":"2025-09-02T07:29:16.186Z","type":"health_check","status":"warning","details":{"database":"healthy","supabase":"healthy","system":"warning"}}
{"timestamp":"2025-09-02T07:29:18.537Z","type":"health_check","status":"warning","details":{"database":"healthy","supabase":"healthy","system":"warning"}}
{"timestamp":"2025-09-02T07:30:16.436Z","type":"health_check","status":"warning","details":{"database":"healthy","supabase":"healthy","system":"warning"}}
{"timestamp":"2025-09-02T07:30:18.669Z","type":"health_check","status":"warning","details":{"database":"healthy","supabase":"healthy","system":"warning"}}
{"timestamp":"2025-09-02T07:31:03.804Z","type":"health_check","status":"warning","details":{"database":"healthy","supabase":"healthy","system":"warning"}}
{"timestamp":"2025-09-02T07:31:17.151Z","type":"health_check","status":"warning","details":{"database":"healthy","supabase":"healthy","system":"warning"}}
{"timestamp":"2025-09-02T07:32:04.090Z","type":"health_check","status":"warning","details":{"database":"healthy","supabase":"healthy","system":"warning"}}
{"timestamp":"2025-09-02T07:32:17.350Z","type":"health_check","status":"warning","details":{"database":"healthy","supabase":"healthy","system":"warning"}}
{"timestamp":"2025-09-02T07:33:04.744Z","type":"health_check","status":"warning","details":{"database":"healthy","supabase":"healthy","system":"warning"}}
{"timestamp":"2025-09-02T07:33:17.874Z","type":"health_check","status":"warning","details":{"database":"healthy","supabase":"healthy","system":"warning"}}
{"timestamp":"2025-09-02T07:34:05.060Z","type":"health_check","status":"warning","details":{"database":"healthy","supabase":"healthy","system":"warning"}}
{"timestamp":"2025-09-02T07:34:18.348Z","type":"health_check","status":"warning","details":{"database":"healthy","supabase":"healthy","system":"warning"}}
{"timestamp":"2025-09-02T07:35:06.011Z","type":"health_check","status":"warning","details":{"database":"healthy","supabase":"healthy","system":"warning"}}
{"timestamp":"2025-09-02T07:35:18.641Z","type":"health_check","status":"error","details":{"database":"healthy","supabase":"healthy","system":"error"}}
{"timestamp":"2025-09-02T07:36:06.391Z","type":"health_check","status":"warning","details":{"database":"healthy","supabase":"healthy","system":"warning"}}
{"timestamp":"2025-09-02T07:36:18.909Z","type":"health_check","status":"error","details":{"database":"healthy","supabase":"healthy","system":"error"}}
{"timestamp":"2025-09-02T07:37:07.122Z","type":"health_check","status":"warning","details":{"database":"healthy","supabase":"healthy","system":"warning"}}
{"timestamp":"2025-09-02T07:37:19.191Z","type":"health_check","status":"error","details":{"database":"healthy","supabase":"healthy","system":"error"}}
{"timestamp":"2025-09-02T07:38:07.438Z","type":"health_check","status":"error","details":{"database":"healthy","supabase":"healthy","system":"error"}}
{"timestamp":"2025-09-02T07:38:19.387Z","type":"health_check","status":"error","details":{"database":"healthy","supabase":"healthy","system":"error"}}
{"timestamp":"2025-09-02T07:39:08.221Z","type":"health_check","status":"warning","details":{"database":"healthy","supabase":"healthy","system":"warning"}}
{"timestamp":"2025-09-02T07:39:19.724Z","type":"health_check","status":"error","details":{"database":"healthy","supabase":"healthy","system":"error"}}
{"timestamp":"2025-09-02T07:40:08.582Z","type":"health_check","status":"error","details":{"database":"healthy","supabase":"healthy","system":"error"}}
{"timestamp":"2025-09-02T07:40:19.943Z","type":"health_check","status":"error","details":{"database":"healthy","supabase":"healthy","system":"error"}}
{"timestamp":"2025-09-02T07:41:09.180Z","type":"health_check","status":"warning","details":{"database":"healthy","supabase":"healthy","system":"warning"}}
{"timestamp":"2025-09-02T07:41:20.186Z","type":"health_check","status":"warning","details":{"database":"healthy","supabase":"healthy","system":"warning"}}
{"timestamp":"2025-09-02T07:42:09.484Z","type":"health_check","status":"warning","details":{"database":"healthy","supabase":"healthy","system":"warning"}}
{"timestamp":"2025-09-02T07:42:20.558Z","type":"health_check","status":"warning","details":{"database":"healthy","supabase":"healthy","system":"warning"}}
{"timestamp":"2025-09-02T07:43:10.361Z","type":"health_check","status":"warning","details":{"database":"healthy","supabase":"healthy","system":"warning"}}
{"timestamp":"2025-09-02T07:43:20.844Z","type":"health_check","status":"warning","details":{"database":"healthy","supabase":"healthy","system":"warning"}}
{"timestamp":"2025-09-02T07:44:07.797Z","type":"health_check","status":"warning","details":{"database":"healthy","supabase":"healthy","system":"warning"}}
{"timestamp":"2025-09-02T07:44:07.767Z","type":"health_check","status":"warning","details":{"database":"healthy","supabase":"healthy","system":"warning"}}
{"timestamp":"2025-09-02T07:44:37.798Z","type":"health_check","status":"warning","details":{"database":"healthy","supabase":"healthy","system":"warning"}}
{"timestamp":"2025-09-02T07:44:37.778Z","type":"health_check","status":"warning","details":{"database":"healthy","supabase":"healthy","system":"warning"}}
{"timestamp":"2025-09-02T07:45:23.421Z","type":"health_check","status":"warning","details":{"database":"healthy","supabase":"healthy","system":"warning"}}
{"timestamp":"2025-09-02T07:45:23.521Z","type":"health_check","status":"warning","details":{"database":"healthy","supabase":"healthy","system":"warning"}}
{"timestamp":"2025-09-02T07:46:23.620Z","type":"health_check","status":"warning","details":{"database":"healthy","supabase":"healthy","system":"warning"}}
{"timestamp":"2025-09-02T07:46:23.738Z","type":"health_check","status":"warning","details":{"database":"healthy","supabase":"healthy","system":"warning"}}
{"timestamp":"2025-09-02T07:47:23.933Z","type":"health_check","status":"warning","details":{"database":"healthy","supabase":"healthy","system":"warning"}}
{"timestamp":"2025-09-02T07:47:23.918Z","type":"health_check","status":"warning","details":{"database":"healthy","supabase":"healthy","system":"warning"}}
{"timestamp":"2025-09-02T07:48:09.145Z","type":"health_check","status":"warning","details":{"database":"healthy","supabase":"healthy","system":"warning"}}
{"timestamp":"2025-09-02T07:48:09.223Z","type":"health_check","status":"warning","details":{"database":"healthy","supabase":"healthy","system":"warning"}}
{"timestamp":"2025-09-02T07:48:54.774Z","type":"health_check","status":"healthy","details":{"database":"healthy","supabase":"healthy","system":"healthy"}}
{"timestamp":"2025-09-02T07:48:54.729Z","type":"health_check","status":"healthy","details":{"database":"healthy","supabase":"healthy","system":"healthy"}}
{"timestamp":"2025-09-02T07:49:40.036Z","type":"health_check","status":"warning","details":{"database":"healthy","supabase":"healthy","system":"warning"}}
{"timestamp":"2025-09-02T07:49:40.582Z","type":"health_check","status":"warning","details":{"database":"healthy","supabase":"healthy","system":"warning"}}
{"timestamp":"2025-09-02T07:50:25.470Z","type":"health_check","status":"warning","details":{"database":"healthy","supabase":"healthy","system":"warning"}}
{"timestamp":"2025-09-02T07:50:25.747Z","type":"health_check","status":"warning","details":{"database":"healthy","supabase":"healthy","system":"warning"}}
{"timestamp":"2025-09-02T07:51:25.862Z","type":"health_check","status":"warning","details":{"database":"healthy","supabase":"healthy","system":"warning"}}
{"timestamp":"2025-09-02T07:51:25.970Z","type":"health_check","status":"warning","details":{"database":"healthy","supabase":"healthy","system":"warning"}}
{"timestamp":"2025-09-02T07:52:11.220Z","type":"health_check","status":"error","details":{"database":"healthy","supabase":"healthy","system":"error"}}
{"timestamp":"2025-09-02T07:52:11.144Z","type":"health_check","status":"warning","details":{"database":"healthy","supabase":"healthy","system":"warning"}}
{"timestamp":"2025-09-02T07:53:12.174Z","type":"health_check","status":"warning","details":{"database":"healthy","supabase":"healthy","system":"warning"}}
{"timestamp":"2025-09-02T07:53:12.090Z","type":"health_check","status":"warning","details":{"database":"healthy","supabase":"healthy","system":"warning"}}
{"timestamp":"2025-09-02T07:54:12.375Z","type":"health_check","status":"warning","details":{"database":"healthy","supabase":"healthy","system":"warning"}}
{"timestamp":"2025-09-02T07:54:12.370Z","type":"health_check","status":"warning","details":{"database":"healthy","supabase":"healthy","system":"warning"}}
{"timestamp":"2025-09-02T07:55:12.687Z","type":"health_check","status":"warning","details":{"database":"healthy","supabase":"healthy","system":"warning"}}
{"timestamp":"2025-09-02T07:55:12.898Z","type":"health_check","status":"warning","details":{"database":"healthy","supabase":"healthy","system":"warning"}}
{"timestamp":"2025-09-02T07:56:13.092Z","type":"health_check","status":"warning","details":{"database":"healthy","supabase":"healthy","system":"warning"}}
{"timestamp":"2025-09-02T07:56:13.383Z","type":"health_check","status":"warning","details":{"database":"healthy","supabase":"healthy","system":"warning"}}
{"timestamp":"2025-09-02T07:57:13.888Z","type":"health_check","status":"warning","details":{"database":"healthy","supabase":"healthy","system":"warning"}}
{"timestamp":"2025-09-02T07:57:13.795Z","type":"health_check","status":"warning","details":{"database":"healthy","supabase":"healthy","system":"warning"}}
{"timestamp":"2025-09-02T07:58:14.231Z","type":"health_check","status":"healthy","details":{"database":"healthy","supabase":"healthy","system":"healthy"}}
{"timestamp":"2025-09-02T07:58:14.375Z","type":"health_check","status":"healthy","details":{"database":"healthy","supabase":"healthy","system":"healthy"}}
{"timestamp":"2025-09-02T07:58:44.605Z","type":"health_check","status":"healthy","details":{"database":"healthy","supabase":"healthy","system":"healthy"}}
{"timestamp":"2025-09-02T07:58:44.463Z","type":"health_check","status":"healthy","details":{"database":"healthy","supabase":"healthy","system":"healthy"}}
{"timestamp":"2025-09-02T07:59:14.809Z","type":"health_check","status":"healthy","details":{"database":"healthy","supabase":"healthy","system":"healthy"}}
{"timestamp":"2025-09-02T07:59:14.803Z","type":"health_check","status":"healthy","details":{"database":"healthy","supabase":"healthy","system":"healthy"}}
{"timestamp":"2025-09-02T07:59:45.109Z","type":"health_check","status":"healthy","details":{"database":"healthy","supabase":"healthy","system":"healthy"}}
{"timestamp":"2025-09-02T07:59:45.062Z","type":"health_check","status":"healthy","details":{"database":"healthy","supabase":"healthy","system":"healthy"}}
{"timestamp":"2025-09-02T08:00:30.420Z","type":"health_check","status":"healthy","details":{"database":"healthy","supabase":"healthy","system":"healthy"}}
{"timestamp":"2025-09-02T08:00:30.651Z","type":"health_check","status":"healthy","details":{"database":"healthy","supabase":"healthy","system":"healthy"}}
{"timestamp":"2025-09-02T08:01:01.217Z","type":"health_check","status":"healthy","details":{"database":"healthy","supabase":"healthy","system":"healthy"}}
{"timestamp":"2025-09-02T08:01:16.097Z","type":"health_check","status":"healthy","details":{"database":"healthy","supabase":"healthy","system":"healthy"}}
{"timestamp":"2025-09-02T08:01:46.892Z","type":"health_check","status":"healthy","details":{"database":"healthy","supabase":"healthy","system":"healthy"}}
{"timestamp":"2025-09-02T08:02:01.466Z","type":"health_check","status":"healthy","details":{"database":"healthy","supabase":"healthy","system":"healthy"}}
{"timestamp":"2025-09-02T08:02:32.544Z","type":"health_check","status":"healthy","details":{"database":"healthy","supabase":"healthy","system":"healthy"}}
{"timestamp":"2025-09-02T08:02:48.288Z","type":"health_check","status":"warning","details":{"database":"healthy","supabase":"healthy","system":"warning"}}
{"timestamp":"2025-09-02T08:03:18.136Z","type":"health_check","status":"warning","details":{"database":"healthy","supabase":"healthy","system":"warning"}}
{"timestamp":"2025-09-02T08:03:33.589Z","type":"health_check","status":"healthy","details":{"database":"healthy","supabase":"healthy","system":"healthy"}}
{"timestamp":"2025-09-02T08:04:03.436Z","type":"health_check","status":"warning","details":{"database":"healthy","supabase":"healthy","system":"warning"}}
{"timestamp":"2025-09-02T08:04:18.887Z","type":"health_check","status":"warning","details":{"database":"healthy","supabase":"healthy","system":"warning"}}
{"timestamp":"2025-09-02T08:04:48.968Z","type":"health_check","status":"warning","details":{"database":"healthy","supabase":"healthy","system":"warning"}}
{"timestamp":"2025-09-02T08:05:04.552Z","type":"health_check","status":"healthy","details":{"database":"healthy","supabase":"healthy","system":"healthy"}}
{"timestamp":"2025-09-02T08:05:34.298Z","type":"health_check","status":"healthy","details":{"database":"healthy","supabase":"healthy","system":"healthy"}}
{"timestamp":"2025-09-02T08:05:34.815Z","type":"health_check","status":"healthy","details":{"database":"healthy","supabase":"healthy","system":"healthy"}}
{"timestamp":"2025-09-02T08:06:04.731Z","type":"health_check","status":"healthy","details":{"database":"healthy","supabase":"healthy","system":"healthy"}}
{"timestamp":"2025-09-02T08:06:04.980Z","type":"health_check","status":"healthy","details":{"database":"healthy","supabase":"healthy","system":"healthy"}}
{"timestamp":"2025-09-02T08:06:35.319Z","type":"health_check","status":"warning","details":{"database":"healthy","supabase":"healthy","system":"warning"}}
{"timestamp":"2025-09-02T08:06:35.316Z","type":"health_check","status":"warning","details":{"database":"healthy","supabase":"healthy","system":"warning"}}
{"timestamp":"2025-09-02T08:07:20.582Z","type":"health_check","status":"healthy","details":{"database":"healthy","supabase":"healthy","system":"healthy"}}
{"timestamp":"2025-09-02T08:07:20.625Z","type":"health_check","status":"healthy","details":{"database":"healthy","supabase":"healthy","system":"healthy"}}
{"timestamp":"2025-09-02T08:08:06.047Z","type":"health_check","status":"healthy","details":{"database":"healthy","supabase":"healthy","system":"healthy"}}
{"timestamp":"2025-09-02T08:08:06.050Z","type":"health_check","status":"healthy","details":{"database":"healthy","supabase":"healthy","system":"healthy"}}
{"timestamp":"2025-09-02T08:08:51.977Z","type":"health_check","status":"healthy","details":{"database":"healthy","supabase":"healthy","system":"healthy"}}
{"timestamp":"2025-09-02T08:08:52.660Z","type":"health_check","status":"warning","details":{"database":"healthy","supabase":"healthy","system":"warning"}}
{"timestamp":"2025-09-02T08:09:37.313Z","type":"health_check","status":"warning","details":{"database":"healthy","supabase":"healthy","system":"warning"}}
{"timestamp":"2025-09-02T08:09:37.841Z","type":"health_check","status":"warning","details":{"database":"healthy","supabase":"healthy","system":"warning"}}
{"timestamp":"2025-09-02T08:10:22.638Z","type":"health_check","status":"healthy","details":{"database":"healthy","supabase":"healthy","system":"healthy"}}
{"timestamp":"2025-09-02T08:10:23.004Z","type":"health_check","status":"healthy","details":{"database":"healthy","supabase":"healthy","system":"healthy"}}
{"timestamp":"2025-09-02T08:10:53.004Z","type":"health_check","status":"healthy","details":{"database":"healthy","supabase":"healthy","system":"healthy"}}
{"timestamp":"2025-09-02T08:11:08.504Z","type":"health_check","status":"healthy","details":{"database":"healthy","supabase":"healthy","system":"healthy"}}
{"timestamp":"2025-09-02T08:11:38.315Z","type":"health_check","status":"warning","details":{"database":"healthy","supabase":"healthy","system":"warning"}}
{"timestamp":"2025-09-02T08:11:38.880Z","type":"health_check","status":"warning","details":{"database":"healthy","supabase":"healthy","system":"warning"}}
{"timestamp":"2025-09-02T08:12:24.062Z","type":"health_check","status":"warning","details":{"database":"healthy","supabase":"healthy","system":"warning"}}
{"timestamp":"2025-09-02T08:12:38.663Z","type":"health_check","status":"warning","details":{"database":"healthy","supabase":"healthy","system":"warning"}}
{"timestamp":"2025-09-02T08:13:24.228Z","type":"health_check","status":"warning","details":{"database":"healthy","supabase":"healthy","system":"warning"}}
{"timestamp":"2025-09-02T08:13:24.561Z","type":"health_check","status":"warning","details":{"database":"healthy","supabase":"healthy","system":"warning"}}
{"timestamp":"2025-09-02T08:14:24.716Z","type":"health_check","status":"warning","details":{"database":"healthy","supabase":"healthy","system":"warning"}}
{"timestamp":"2025-09-02T08:14:24.548Z","type":"health_check","status":"warning","details":{"database":"healthy","supabase":"healthy","system":"warning"}}
{"timestamp":"2025-09-02T08:15:25.264Z","type":"health_check","status":"healthy","details":{"database":"healthy","supabase":"healthy","system":"healthy"}}
{"timestamp":"2025-09-02T08:15:25.363Z","type":"health_check","status":"healthy","details":{"database":"healthy","supabase":"healthy","system":"healthy"}}
{"timestamp":"2025-09-02T08:15:55.512Z","type":"health_check","status":"healthy","details":{"database":"healthy","supabase":"healthy","system":"healthy"}}
{"timestamp":"2025-09-02T08:15:55.611Z","type":"health_check","status":"healthy","details":{"database":"healthy","supabase":"healthy","system":"healthy"}}
{"timestamp":"2025-09-02T08:16:25.893Z","type":"health_check","status":"healthy","details":{"database":"healthy","supabase":"healthy","system":"healthy"}}
{"timestamp":"2025-09-02T08:16:25.827Z","type":"health_check","status":"healthy","details":{"database":"healthy","supabase":"healthy","system":"healthy"}}
{"timestamp":"2025-09-02T08:16:56.196Z","type":"health_check","status":"healthy","details":{"database":"healthy","supabase":"healthy","system":"healthy"}}
{"timestamp":"2025-09-02T08:16:56.396Z","type":"health_check","status":"healthy","details":{"database":"healthy","supabase":"healthy","system":"healthy"}}
{"timestamp":"2025-09-02T08:17:26.500Z","type":"health_check","status":"healthy","details":{"database":"healthy","supabase":"healthy","system":"healthy"}}
{"timestamp":"2025-09-02T08:17:26.629Z","type":"health_check","status":"healthy","details":{"database":"healthy","supabase":"healthy","system":"healthy"}}
{"timestamp":"2025-09-02T08:17:56.843Z","type":"health_check","status":"healthy","details":{"database":"healthy","supabase":"healthy","system":"healthy"}}
{"timestamp":"2025-09-02T08:18:11.874Z","type":"health_check","status":"healthy","details":{"database":"healthy","supabase":"healthy","system":"healthy"}}
{"timestamp":"2025-09-02T08:18:27.458Z","type":"health_check","status":"healthy","details":{"database":"healthy","supabase":"healthy","system":"healthy"}}
{"timestamp":"2025-09-02T08:18:57.504Z","type":"health_check","status":"healthy","details":{"database":"healthy","supabase":"healthy","system":"healthy"}}
{"timestamp":"2025-09-02T08:19:12.805Z","type":"health_check","status":"healthy","details":{"database":"healthy","supabase":"healthy","system":"healthy"}}
{"timestamp":"2025-09-02T08:19:27.870Z","type":"health_check","status":"healthy","details":{"database":"healthy","supabase":"healthy","system":"healthy"}}
{"timestamp":"2025-09-02T08:19:58.088Z","type":"health_check","status":"healthy","details":{"database":"healthy","supabase":"healthy","system":"healthy"}}
{"timestamp":"2025-09-02T08:20:13.189Z","type":"health_check","status":"healthy","details":{"database":"healthy","supabase":"healthy","system":"healthy"}}
{"timestamp":"2025-09-02T08:20:43.970Z","type":"health_check","status":"healthy","details":{"database":"healthy","supabase":"healthy","system":"healthy"}}
{"timestamp":"2025-09-02T08:20:58.504Z","type":"health_check","status":"warning","details":{"database":"healthy","supabase":"healthy","system":"warning"}}
{"timestamp":"2025-09-02T08:21:29.330Z","type":"health_check","status":"healthy","details":{"database":"healthy","supabase":"healthy","system":"healthy"}}
{"timestamp":"2025-09-02T08:21:43.835Z","type":"health_check","status":"warning","details":{"database":"healthy","supabase":"healthy","system":"warning"}}
{"timestamp":"2025-09-02T08:22:14.576Z","type":"health_check","status":"warning","details":{"database":"healthy","supabase":"healthy","system":"warning"}}
{"timestamp":"2025-09-02T08:22:29.542Z","type":"health_check","status":"warning","details":{"database":"healthy","supabase":"healthy","system":"warning"}}
{"timestamp":"2025-09-02T08:23:00.066Z","type":"health_check","status":"healthy","details":{"database":"healthy","supabase":"healthy","system":"healthy"}}
{"timestamp":"2025-09-02T08:23:14.906Z","type":"health_check","status":"warning","details":{"database":"healthy","supabase":"healthy","system":"warning"}}
{"timestamp":"2025-09-02T08:23:45.525Z","type":"health_check","status":"warning","details":{"database":"healthy","supabase":"healthy","system":"warning"}}
{"timestamp":"2025-09-02T08:24:00.227Z","type":"health_check","status":"warning","details":{"database":"healthy","supabase":"healthy","system":"warning"}}
{"timestamp":"2025-09-02T08:24:31.097Z","type":"health_check","status":"warning","details":{"database":"healthy","supabase":"healthy","system":"warning"}}
{"timestamp":"2025-09-02T08:24:45.579Z","type":"health_check","status":"warning","details":{"database":"healthy","supabase":"healthy","system":"warning"}}
{"timestamp":"2025-09-02T08:25:16.462Z","type":"health_check","status":"warning","details":{"database":"healthy","supabase":"healthy","system":"warning"}}
{"timestamp":"2025-09-02T08:25:46.001Z","type":"health_check","status":"warning","details":{"database":"healthy","supabase":"healthy","system":"warning"}}
{"timestamp":"2025-09-02T08:26:17.093Z","type":"health_check","status":"warning","details":{"database":"healthy","supabase":"healthy","system":"warning"}}
{"timestamp":"2025-09-02T08:26:31.280Z","type":"health_check","status":"warning","details":{"database":"healthy","supabase":"healthy","system":"warning"}}
{"timestamp":"2025-09-02T08:27:17.400Z","type":"health_check","status":"warning","details":{"database":"healthy","supabase":"healthy","system":"warning"}}
{"timestamp":"2025-09-02T08:27:31.490Z","type":"health_check","status":"healthy","details":{"database":"healthy","supabase":"healthy","system":"healthy"}}
{"timestamp":"2025-09-02T08:28:01.806Z","type":"health_check","status":"healthy","details":{"database":"healthy","supabase":"healthy","system":"healthy"}}
{"timestamp":"2025-09-02T08:28:17.704Z","type":"health_check","status":"healthy","details":{"database":"healthy","supabase":"healthy","system":"healthy"}}
{"timestamp":"2025-09-02T08:28:32.237Z","type":"health_check","status":"healthy","details":{"database":"healthy","supabase":"healthy","system":"healthy"}}
{"timestamp":"2025-09-02T08:28:48.085Z","type":"health_check","status":"healthy","details":{"database":"healthy","supabase":"healthy","system":"healthy"}}
{"timestamp":"2025-09-02T08:29:02.542Z","type":"health_check","status":"healthy","details":{"database":"healthy","supabase":"healthy","system":"healthy"}}
{"timestamp":"2025-09-02T08:29:18.382Z","type":"health_check","status":"healthy","details":{"database":"healthy","supabase":"healthy","system":"healthy"}}
{"timestamp":"2025-09-02T08:29:33.117Z","type":"health_check","status":"healthy","details":{"database":"healthy","supabase":"healthy","system":"healthy"}}
{"timestamp":"2025-09-02T08:29:48.852Z","type":"health_check","status":"healthy","details":{"database":"healthy","supabase":"healthy","system":"healthy"}}
{"timestamp":"2025-09-02T08:30:03.416Z","type":"health_check","status":"healthy","details":{"database":"healthy","supabase":"healthy","system":"healthy"}}
{"timestamp":"2025-09-02T08:30:33.691Z","type":"health_check","status":"warning","details":{"database":"healthy","supabase":"healthy","system":"warning"}}
{"timestamp":"2025-09-02T08:30:34.155Z","type":"health_check","status":"healthy","details":{"database":"healthy","supabase":"healthy","system":"healthy"}}
{"timestamp":"2025-09-02T08:31:19.141Z","type":"health_check","status":"warning","details":{"database":"healthy","supabase":"healthy","system":"warning"}}
{"timestamp":"2025-09-02T08:31:19.293Z","type":"health_check","status":"warning","details":{"database":"healthy","supabase":"healthy","system":"warning"}}
{"timestamp":"2025-09-02T08:32:04.798Z","type":"health_check","status":"healthy","details":{"database":"healthy","supabase":"healthy","system":"healthy"}}
{"timestamp":"2025-09-02T08:32:04.844Z","type":"health_check","status":"warning","details":{"database":"healthy","supabase":"healthy","system":"warning"}}
{"timestamp":"2025-09-02T08:32:50.133Z","type":"health_check","status":"warning","details":{"database":"healthy","supabase":"healthy","system":"warning"}}
{"timestamp":"2025-09-02T08:32:50.236Z","type":"health_check","status":"warning","details":{"database":"healthy","supabase":"healthy","system":"warning"}}
{"timestamp":"2025-09-02T08:33:50.484Z","type":"health_check","status":"warning","details":{"database":"healthy","supabase":"healthy","system":"warning"}}
{"timestamp":"2025-09-02T08:33:50.559Z","type":"health_check","status":"warning","details":{"database":"healthy","supabase":"healthy","system":"warning"}}
{"timestamp":"2025-09-02T08:34:36.151Z","type":"health_check","status":"warning","details":{"database":"healthy","supabase":"healthy","system":"warning"}}
{"timestamp":"2025-09-02T08:34:36.288Z","type":"health_check","status":"warning","details":{"database":"healthy","supabase":"healthy","system":"warning"}}
{"timestamp":"2025-09-02T08:35:36.649Z","type":"health_check","status":"warning","details":{"database":"healthy","supabase":"healthy","system":"warning"}}
{"timestamp":"2025-09-02T08:35:36.618Z","type":"health_check","status":"warning","details":{"database":"healthy","supabase":"healthy","system":"warning"}}
{"timestamp":"2025-09-02T08:36:36.965Z","type":"health_check","status":"warning","details":{"database":"healthy","supabase":"healthy","system":"warning"}}
{"timestamp":"2025-09-02T08:36:37.162Z","type":"health_check","status":"warning","details":{"database":"healthy","supabase":"healthy","system":"warning"}}
{"timestamp":"2025-09-02T08:37:22.323Z","type":"health_check","status":"warning","details":{"database":"healthy","supabase":"healthy","system":"warning"}}
{"timestamp":"2025-09-02T08:37:37.419Z","type":"health_check","status":"warning","details":{"database":"healthy","supabase":"healthy","system":"warning"}}
{"timestamp":"2025-09-02T08:38:23.135Z","type":"health_check","status":"warning","details":{"database":"healthy","supabase":"healthy","system":"warning"}}
{"timestamp":"2025-09-02T08:38:37.791Z","type":"health_check","status":"warning","details":{"database":"healthy","supabase":"healthy","system":"warning"}}
{"timestamp":"2025-09-02T08:39:08.518Z","type":"health_check","status":"warning","details":{"database":"healthy","supabase":"healthy","system":"warning"}}
{"timestamp":"2025-09-02T08:39:23.132Z","type":"health_check","status":"warning","details":{"database":"healthy","supabase":"healthy","system":"warning"}}
{"timestamp":"2025-09-02T08:40:09.102Z","type":"health_check","status":"warning","details":{"database":"healthy","supabase":"healthy","system":"warning"}}
{"timestamp":"2025-09-02T08:41:09.576Z","type":"health_check","status":"warning","details":{"database":"healthy","supabase":"healthy","system":"warning"}}
{"timestamp":"2025-09-02T08:40:23.463Z","type":"health_check","status":"warning","details":{"database":"healthy","supabase":"warning","system":"warning"}}
{"timestamp":"2025-09-02T08:42:10.210Z","type":"health_check","status":"warning","details":{"database":"healthy","supabase":"healthy","system":"warning"}}
{"timestamp":"2025-09-02T08:42:23.768Z","type":"health_check","status":"warning","details":{"database":"healthy","supabase":"healthy","system":"warning"}}
{"timestamp":"2025-09-02T08:43:10.551Z","type":"health_check","status":"warning","details":{"database":"healthy","supabase":"healthy","system":"warning"}}
{"timestamp":"2025-09-02T08:43:24.132Z","type":"health_check","status":"warning","details":{"database":"healthy","supabase":"healthy","system":"warning"}}
{"timestamp":"2025-09-02T08:44:09.786Z","type":"health_check","status":"warning","details":{"database":"healthy","supabase":"healthy","system":"warning"}}
{"timestamp":"2025-09-02T08:44:11.309Z","type":"health_check","status":"warning","details":{"database":"healthy","supabase":"healthy","system":"warning"}}
{"timestamp":"2025-09-02T08:45:10.132Z","type":"health_check","status":"warning","details":{"database":"healthy","supabase":"healthy","system":"warning"}}
{"timestamp":"2025-09-02T08:45:11.470Z","type":"health_check","status":"warning","details":{"database":"healthy","supabase":"healthy","system":"warning"}}
{"timestamp":"2025-09-02T08:45:55.485Z","type":"health_check","status":"healthy","details":{"database":"healthy","supabase":"healthy","system":"healthy"}}
{"timestamp":"2025-09-02T08:45:56.667Z","type":"health_check","status":"healthy","details":{"database":"healthy","supabase":"healthy","system":"healthy"}}
{"timestamp":"2025-09-02T08:46:25.867Z","type":"health_check","status":"healthy","details":{"database":"healthy","supabase":"healthy","system":"healthy"}}
{"timestamp":"2025-09-02T08:46:26.924Z","type":"health_check","status":"warning","details":{"database":"healthy","supabase":"healthy","system":"warning"}}
{"timestamp":"2025-09-02T08:46:56.278Z","type":"health_check","status":"healthy","details":{"database":"healthy","supabase":"healthy","system":"healthy"}}
{"timestamp":"2025-09-02T08:47:12.109Z","type":"health_check","status":"healthy","details":{"database":"healthy","supabase":"healthy","system":"healthy"}}
{"timestamp":"2025-09-02T08:47:26.931Z","type":"health_check","status":"healthy","details":{"database":"healthy","supabase":"healthy","system":"healthy"}}
{"timestamp":"2025-09-02T08:47:57.465Z","type":"health_check","status":"warning","details":{"database":"healthy","supabase":"healthy","system":"warning"}}
{"timestamp":"2025-09-02T08:48:12.247Z","type":"health_check","status":"warning","details":{"database":"healthy","supabase":"healthy","system":"warning"}}
{"timestamp":"2025-09-02T08:48:43.297Z","type":"health_check","status":"warning","details":{"database":"healthy","supabase":"healthy","system":"warning"}}
{"timestamp":"2025-09-02T08:48:57.616Z","type":"health_check","status":"warning","details":{"database":"healthy","supabase":"healthy","system":"warning"}}
{"timestamp":"2025-09-02T08:49:28.898Z","type":"health_check","status":"warning","details":{"database":"healthy","supabase":"healthy","system":"warning"}}
{"timestamp":"2025-09-02T08:49:42.947Z","type":"health_check","status":"warning","details":{"database":"healthy","supabase":"healthy","system":"warning"}}
{"timestamp":"2025-09-02T08:50:14.219Z","type":"health_check","status":"warning","details":{"database":"healthy","supabase":"healthy","system":"warning"}}
{"timestamp":"2025-09-02T08:50:28.300Z","type":"health_check","status":"warning","details":{"database":"healthy","supabase":"healthy","system":"warning"}}
{"timestamp":"2025-09-02T08:51:14.584Z","type":"health_check","status":"warning","details":{"database":"healthy","supabase":"healthy","system":"warning"}}
{"timestamp":"2025-09-02T08:51:28.950Z","type":"health_check","status":"warning","details":{"database":"healthy","supabase":"healthy","system":"warning"}}
{"timestamp":"2025-09-02T08:52:00.033Z","type":"health_check","status":"healthy","details":{"database":"healthy","supabase":"healthy","system":"healthy"}}
{"timestamp":"2025-09-02T08:52:29.417Z","type":"health_check","status":"healthy","details":{"database":"healthy","supabase":"healthy","system":"healthy"}}
{"timestamp":"2025-09-02T08:52:45.408Z","type":"health_check","status":"healthy","details":{"database":"healthy","supabase":"healthy","system":"healthy"}}
{"timestamp":"2025-09-02T08:53:00.025Z","type":"health_check","status":"healthy","details":{"database":"healthy","supabase":"healthy","system":"healthy"}}
{"timestamp":"2025-09-02T08:53:15.921Z","type":"health_check","status":"healthy","details":{"database":"healthy","supabase":"healthy","system":"healthy"}}
{"timestamp":"2025-09-02T08:53:30.339Z","type":"health_check","status":"healthy","details":{"database":"healthy","supabase":"healthy","system":"healthy"}}
{"timestamp":"2025-09-02T08:53:46.191Z","type":"health_check","status":"warning","details":{"database":"healthy","supabase":"healthy","system":"warning"}}
{"timestamp":"2025-09-02T08:54:00.653Z","type":"health_check","status":"warning","details":{"database":"healthy","supabase":"healthy","system":"warning"}}
{"timestamp":"2025-09-02T08:54:31.942Z","type":"health_check","status":"warning","details":{"database":"healthy","supabase":"healthy","system":"warning"}}
{"timestamp":"2025-09-02T08:55:00.919Z","type":"health_check","status":"warning","details":{"database":"healthy","supabase":"healthy","system":"warning"}}
{"timestamp":"2025-09-02T08:55:17.235Z","type":"health_check","status":"warning","details":{"database":"healthy","supabase":"healthy","system":"warning"}}
{"timestamp":"2025-09-02T08:55:46.202Z","type":"health_check","status":"warning","details":{"database":"healthy","supabase":"healthy","system":"warning"}}
{"timestamp":"2025-09-02T08:56:02.584Z","type":"health_check","status":"warning","details":{"database":"healthy","supabase":"healthy","system":"warning"}}
{"timestamp":"2025-09-02T08:56:31.501Z","type":"health_check","status":"warning","details":{"database":"healthy","supabase":"healthy","system":"warning"}}
{"timestamp":"2025-09-02T08:57:03.309Z","type":"health_check","status":"warning","details":{"database":"healthy","supabase":"healthy","system":"warning"}}
{"timestamp":"2025-09-02T08:57:31.782Z","type":"health_check","status":"warning","details":{"database":"healthy","supabase":"healthy","system":"warning"}}
{"timestamp":"2025-09-02T08:57:48.680Z","type":"health_check","status":"warning","details":{"database":"healthy","supabase":"healthy","system":"warning"}}
{"timestamp":"2025-09-02T08:58:32.062Z","type":"health_check","status":"healthy","details":{"database":"healthy","supabase":"healthy","system":"healthy"}}
{"timestamp":"2025-09-02T08:58:49.254Z","type":"health_check","status":"healthy","details":{"database":"healthy","supabase":"healthy","system":"healthy"}}
{"timestamp":"2025-09-02T08:59:02.503Z","type":"health_check","status":"healthy","details":{"database":"healthy","supabase":"healthy","system":"healthy"}}
{"timestamp":"2025-09-02T08:59:34.608Z","type":"health_check","status":"healthy","details":{"database":"healthy","supabase":"healthy","system":"healthy"}}
{"timestamp":"2025-09-02T08:59:48.070Z","type":"health_check","status":"healthy","details":{"database":"healthy","supabase":"healthy","system":"healthy"}}
{"timestamp":"2025-09-02T09:00:05.151Z","type":"health_check","status":"healthy","details":{"database":"healthy","supabase":"healthy","system":"healthy"}}
{"timestamp":"2025-09-02T12:43:38.566Z","type":"health_check","status":"warning","details":{"database":"healthy","supabase":"healthy","system":"warning"}}
{"timestamp":"2025-09-02T12:43:38.516Z","type":"health_check","status":"warning","details":{"database":"healthy","supabase":"healthy","system":"warning"}}
{"timestamp":"2025-09-02T12:44:08.534Z","type":"health_check","status":"warning","details":{"database":"healthy","supabase":"healthy","system":"warning"}}
{"timestamp":"2025-09-02T12:44:08.580Z","type":"health_check","status":"warning","details":{"database":"healthy","supabase":"healthy","system":"warning"}}
{"timestamp":"2025-09-02T12:44:53.880Z","type":"health_check","status":"warning","details":{"database":"healthy","supabase":"healthy","system":"warning"}}
{"timestamp":"2025-09-02T12:44:53.941Z","type":"health_check","status":"warning","details":{"database":"healthy","supabase":"healthy","system":"warning"}}
{"timestamp":"2025-09-02T12:45:54.288Z","type":"health_check","status":"warning","details":{"database":"healthy","supabase":"healthy","system":"warning"}}
{"timestamp":"2025-09-02T12:45:54.323Z","type":"health_check","status":"warning","details":{"database":"healthy","supabase":"healthy","system":"warning"}}
{"timestamp":"2025-09-02T12:46:54.989Z","type":"health_check","status":"error","details":{"database":"healthy","supabase":"healthy","system":"error"}}
{"timestamp":"2025-09-02T12:46:54.987Z","type":"health_check","status":"warning","details":{"database":"warning","supabase":"healthy","system":"warning"}}
{"timestamp":"2025-09-02T12:47:55.714Z","type":"health_check","status":"warning","details":{"database":"healthy","supabase":"healthy","system":"warning"}}
{"timestamp":"2025-09-02T12:47:56.313Z","type":"health_check","status":"warning","details":{"database":"healthy","supabase":"healthy","system":"warning"}}
{"timestamp":"2025-09-02T12:48:56.363Z","type":"health_check","status":"warning","details":{"database":"healthy","supabase":"healthy","system":"warning"}}
{"timestamp":"2025-09-02T12:48:56.454Z","type":"health_check","status":"warning","details":{"database":"healthy","supabase":"healthy","system":"warning"}}
{"timestamp":"2025-09-02T12:49:56.777Z","type":"health_check","status":"warning","details":{"database":"healthy","supabase":"healthy","system":"warning"}}
{"timestamp":"2025-09-02T12:49:56.792Z","type":"health_check","status":"warning","details":{"database":"healthy","supabase":"healthy","system":"warning"}}
{"timestamp":"2025-09-02T12:50:57.479Z","type":"health_check","status":"warning","details":{"database":"healthy","supabase":"healthy","system":"warning"}}
{"timestamp":"2025-09-02T12:50:57.599Z","type":"health_check","status":"warning","details":{"database":"healthy","supabase":"healthy","system":"warning"}}
{"timestamp":"2025-09-02T12:51:57.950Z","type":"health_check","status":"warning","details":{"database":"healthy","supabase":"healthy","system":"warning"}}
{"timestamp":"2025-09-02T12:51:57.952Z","type":"health_check","status":"warning","details":{"database":"healthy","supabase":"healthy","system":"warning"}}
{"timestamp":"2025-09-02T12:52:58.640Z","type":"health_check","status":"error","details":{"database":"healthy","supabase":"healthy","system":"error"}}
{"timestamp":"2025-09-02T12:52:58.538Z","type":"health_check","status":"error","details":{"database":"healthy","supabase":"healthy","system":"error"}}
{"timestamp":"2025-09-02T12:53:58.991Z","type":"health_check","status":"warning","details":{"database":"healthy","supabase":"healthy","system":"warning"}}
{"timestamp":"2025-09-02T12:53:59.053Z","type":"health_check","status":"warning","details":{"database":"healthy","supabase":"healthy","system":"warning"}}
{"timestamp":"2025-09-02T12:54:59.763Z","type":"health_check","status":"warning","details":{"database":"healthy","supabase":"healthy","system":"warning"}}
{"timestamp":"2025-09-02T12:54:59.840Z","type":"health_check","status":"warning","details":{"database":"healthy","supabase":"healthy","system":"warning"}}
{"timestamp":"2025-09-02T12:56:00.317Z","type":"health_check","status":"warning","details":{"database":"healthy","supabase":"healthy","system":"warning"}}
{"timestamp":"2025-09-02T12:56:00.150Z","type":"health_check","status":"warning","details":{"database":"healthy","supabase":"healthy","system":"warning"}}
{"timestamp":"2025-09-02T12:57:01.814Z","type":"health_check","status":"warning","details":{"database":"healthy","supabase":"healthy","system":"warning"}}
{"timestamp":"2025-09-02T12:57:02.149Z","type":"health_check","status":"error","details":{"database":"healthy","supabase":"healthy","system":"error"}}
{"timestamp":"2025-09-02T12:58:02.431Z","type":"health_check","status":"warning","details":{"database":"healthy","supabase":"healthy","system":"warning"}}
{"timestamp":"2025-09-02T12:58:02.585Z","type":"health_check","status":"warning","details":{"database":"healthy","supabase":"healthy","system":"warning"}}
{"timestamp":"2025-09-02T12:59:03.216Z","type":"health_check","status":"warning","details":{"database":"healthy","supabase":"healthy","system":"warning"}}
{"timestamp":"2025-09-02T12:59:03.185Z","type":"health_check","status":"warning","details":{"database":"healthy","supabase":"healthy","system":"warning"}}
{"timestamp":"2025-09-02T13:00:03.623Z","type":"health_check","status":"healthy","details":{"database":"healthy","supabase":"healthy","system":"healthy"}}
{"timestamp":"2025-09-02T13:00:03.684Z","type":"health_check","status":"warning","details":{"database":"healthy","supabase":"healthy","system":"warning"}}
{"timestamp":"2025-09-02T13:00:49.390Z","type":"health_check","status":"warning","details":{"database":"healthy","supabase":"healthy","system":"warning"}}
{"timestamp":"2025-09-02T13:00:49.483Z","type":"health_check","status":"warning","details":{"database":"healthy","supabase":"healthy","system":"warning"}}
{"timestamp":"2025-09-02T13:01:34.817Z","type":"health_check","status":"warning","details":{"database":"healthy","supabase":"healthy","system":"warning"}}
{"timestamp":"2025-09-02T13:01:34.955Z","type":"health_check","status":"warning","details":{"database":"healthy","supabase":"healthy","system":"warning"}}
{"timestamp":"2025-09-02T13:02:35.392Z","type":"health_check","status":"warning","details":{"database":"healthy","supabase":"healthy","system":"warning"}}
{"timestamp":"2025-09-02T13:02:35.483Z","type":"health_check","status":"warning","details":{"database":"healthy","supabase":"healthy","system":"warning"}}
{"timestamp":"2025-09-02T13:03:36.094Z","type":"health_check","status":"warning","details":{"database":"healthy","supabase":"healthy","system":"warning"}}
{"timestamp":"2025-09-02T13:03:36.170Z","type":"health_check","status":"warning","details":{"database":"healthy","supabase":"healthy","system":"warning"}}
{"timestamp":"2025-09-02T13:04:36.521Z","type":"health_check","status":"warning","details":{"database":"healthy","supabase":"healthy","system":"warning"}}
{"timestamp":"2025-09-02T13:04:36.476Z","type":"health_check","status":"warning","details":{"database":"healthy","supabase":"healthy","system":"warning"}}
{"timestamp":"2025-09-02T13:05:22.158Z","type":"health_check","status":"warning","details":{"database":"healthy","supabase":"healthy","system":"warning"}}
{"timestamp":"2025-09-02T13:05:37.200Z","type":"health_check","status":"warning","details":{"database":"healthy","supabase":"healthy","system":"warning"}}
{"timestamp":"2025-09-02T13:06:22.647Z","type":"health_check","status":"warning","details":{"database":"healthy","supabase":"healthy","system":"warning"}}
{"timestamp":"2025-09-02T13:06:37.589Z","type":"health_check","status":"warning","details":{"database":"healthy","supabase":"healthy","system":"warning"}}
{"timestamp":"2025-09-02T13:07:23.430Z","type":"health_check","status":"warning","details":{"database":"healthy","supabase":"healthy","system":"warning"}}
{"timestamp":"2025-09-02T13:07:37.993Z","type":"health_check","status":"warning","details":{"database":"healthy","supabase":"healthy","system":"warning"}}
{"timestamp":"2025-09-02T13:08:23.834Z","type":"health_check","status":"warning","details":{"database":"healthy","supabase":"healthy","system":"warning"}}
{"timestamp":"2025-09-02T13:08:38.393Z","type":"health_check","status":"warning","details":{"database":"healthy","supabase":"healthy","system":"warning"}}
{"timestamp":"2025-09-02T13:09:09.630Z","type":"health_check","status":"warning","details":{"database":"healthy","supabase":"healthy","system":"warning"}}
{"timestamp":"2025-09-02T13:09:38.818Z","type":"health_check","status":"warning","details":{"database":"healthy","supabase":"healthy","system":"warning"}}
{"timestamp":"2025-09-02T13:10:10.111Z","type":"health_check","status":"warning","details":{"database":"healthy","supabase":"healthy","system":"warning"}}
{"timestamp":"2025-09-02T13:10:39.246Z","type":"health_check","status":"warning","details":{"database":"healthy","supabase":"healthy","system":"warning"}}
{"timestamp":"2025-09-02T13:11:10.782Z","type":"health_check","status":"warning","details":{"database":"healthy","supabase":"healthy","system":"warning"}}
{"timestamp":"2025-09-02T13:11:39.696Z","type":"health_check","status":"warning","details":{"database":"healthy","supabase":"healthy","system":"warning"}}
{"timestamp":"2025-09-02T13:12:11.577Z","type":"health_check","status":"warning","details":{"database":"healthy","supabase":"healthy","system":"warning"}}
{"timestamp":"2025-09-02T13:12:40.196Z","type":"health_check","status":"warning","details":{"database":"healthy","supabase":"healthy","system":"warning"}}
{"timestamp":"2025-09-02T13:12:57.652Z","type":"health_check","status":"warning","details":{"database":"healthy","supabase":"healthy","system":"warning"}}
{"timestamp":"2025-09-02T13:13:40.716Z","type":"health_check","status":"warning","details":{"database":"healthy","supabase":"healthy","system":"warning"}}
{"timestamp":"2025-09-02T13:13:58.176Z","type":"health_check","status":"warning","details":{"database":"healthy","supabase":"healthy","system":"warning"}}
{"timestamp":"2025-09-02T13:14:41.187Z","type":"health_check","status":"warning","details":{"database":"healthy","supabase":"healthy","system":"warning"}}
{"timestamp":"2025-09-02T13:14:59.100Z","type":"health_check","status":"warning","details":{"database":"healthy","supabase":"healthy","system":"warning"}}
{"timestamp":"2025-09-02T13:15:41.631Z","type":"health_check","status":"warning","details":{"database":"healthy","supabase":"healthy","system":"warning"}}
{"timestamp":"2025-09-02T13:15:59.544Z","type":"health_check","status":"warning","details":{"database":"healthy","supabase":"healthy","system":"warning"}}
{"timestamp":"2025-09-02T13:16:42.131Z","type":"health_check","status":"warning","details":{"database":"healthy","supabase":"healthy","system":"warning"}}
{"timestamp":"2025-09-02T13:17:00.047Z","type":"health_check","status":"warning","details":{"database":"healthy","supabase":"healthy","system":"warning"}}
{"timestamp":"2025-09-02T13:17:27.675Z","type":"health_check","status":"warning","details":{"database":"healthy","supabase":"healthy","system":"warning"}}
{"timestamp":"2025-09-02T13:18:00.463Z","type":"health_check","status":"healthy","details":{"database":"healthy","supabase":"healthy","system":"healthy"}}
{"timestamp":"2025-09-02T13:18:28.397Z","type":"health_check","status":"warning","details":{"database":"healthy","supabase":"healthy","system":"warning"}}
{"timestamp":"2025-09-02T13:18:30.667Z","type":"health_check","status":"warning","details":{"database":"healthy","supabase":"healthy","system":"warning"}}
{"timestamp":"2025-09-02T13:19:15.853Z","type":"health_check","status":"warning","details":{"database":"healthy","supabase":"healthy","system":"warning"}}
{"timestamp":"2025-09-02T13:19:28.765Z","type":"health_check","status":"warning","details":{"database":"healthy","supabase":"healthy","system":"warning"}}
{"timestamp":"2025-09-02T13:20:01.496Z","type":"health_check","status":"warning","details":{"database":"healthy","supabase":"healthy","system":"warning"}}
{"timestamp":"2025-09-02T13:20:14.176Z","type":"health_check","status":"warning","details":{"database":"healthy","supabase":"healthy","system":"warning"}}
{"timestamp":"2025-09-02T13:21:02.058Z","type":"health_check","status":"warning","details":{"database":"healthy","supabase":"healthy","system":"warning"}}
{"timestamp":"2025-09-02T13:21:14.761Z","type":"health_check","status":"warning","details":{"database":"healthy","supabase":"healthy","system":"warning"}}
{"timestamp":"2025-09-02T13:21:48.024Z","type":"health_check","status":"warning","details":{"database":"healthy","supabase":"healthy","system":"warning"}}
{"timestamp":"2025-09-02T13:22:00.123Z","type":"health_check","status":"warning","details":{"database":"healthy","supabase":"healthy","system":"warning"}}
{"timestamp":"2025-09-02T13:22:48.588Z","type":"health_check","status":"healthy","details":{"database":"healthy","supabase":"healthy","system":"healthy"}}
{"timestamp":"2025-09-02T13:23:00.520Z","type":"health_check","status":"healthy","details":{"database":"healthy","supabase":"healthy","system":"healthy"}}
{"timestamp":"2025-09-02T13:23:19.318Z","type":"health_check","status":"healthy","details":{"database":"healthy","supabase":"healthy","system":"healthy"}}
{"timestamp":"2025-09-02T13:23:30.844Z","type":"health_check","status":"healthy","details":{"database":"healthy","supabase":"healthy","system":"healthy"}}
{"timestamp":"2025-09-02T13:24:16.543Z","type":"health_check","status":"healthy","details":{"database":"healthy","supabase":"healthy","system":"healthy"}}
{"timestamp":"2025-09-02T13:24:46.910Z","type":"health_check","status":"healthy","details":{"database":"healthy","supabase":"healthy","system":"healthy"}}
{"timestamp":"2025-09-02T13:23:49.595Z","type":"health_check","status":"warning","details":{"database":"healthy","supabase":"warning","system":"healthy"}}
{"timestamp":"2025-09-02T13:25:32.686Z","type":"health_check","status":"warning","details":{"database":"healthy","supabase":"healthy","system":"warning"}}
{"timestamp":"2025-09-02T13:25:34.970Z","type":"health_check","status":"warning","details":{"database":"healthy","supabase":"healthy","system":"warning"}}
{"timestamp":"2025-09-02T13:26:17.965Z","type":"health_check","status":"warning","details":{"database":"healthy","supabase":"healthy","system":"warning"}}
{"timestamp":"2025-09-02T13:26:20.142Z","type":"health_check","status":"warning","details":{"database":"healthy","supabase":"healthy","system":"warning"}}
{"timestamp":"2025-09-02T13:27:03.851Z","type":"health_check","status":"warning","details":{"database":"healthy","supabase":"healthy","system":"warning"}}
{"timestamp":"2025-09-02T13:27:03.811Z","type":"health_check","status":"warning","details":{"database":"healthy","supabase":"healthy","system":"warning"}}
{"timestamp":"2025-09-02T13:27:33.826Z","type":"health_check","status":"warning","details":{"database":"healthy","supabase":"healthy","system":"warning"}}
{"timestamp":"2025-09-02T13:27:33.857Z","type":"health_check","status":"warning","details":{"database":"healthy","supabase":"healthy","system":"warning"}}
{"timestamp":"2025-09-02T13:28:19.131Z","type":"health_check","status":"warning","details":{"database":"healthy","supabase":"healthy","system":"warning"}}
{"timestamp":"2025-09-02T13:28:19.156Z","type":"health_check","status":"warning","details":{"database":"healthy","supabase":"healthy","system":"warning"}}
{"timestamp":"2025-09-02T13:29:19.536Z","type":"health_check","status":"warning","details":{"database":"healthy","supabase":"healthy","system":"warning"}}
{"timestamp":"2025-09-02T13:29:19.567Z","type":"health_check","status":"warning","details":{"database":"healthy","supabase":"healthy","system":"warning"}}
{"timestamp":"2025-09-02T13:30:05.193Z","type":"health_check","status":"warning","details":{"database":"healthy","supabase":"healthy","system":"warning"}}
{"timestamp":"2025-09-02T13:30:05.163Z","type":"health_check","status":"warning","details":{"database":"healthy","supabase":"healthy","system":"warning"}}
{"timestamp":"2025-09-02T13:31:05.585Z","type":"health_check","status":"warning","details":{"database":"healthy","supabase":"healthy","system":"warning"}}
{"timestamp":"2025-09-02T13:31:05.554Z","type":"health_check","status":"warning","details":{"database":"healthy","supabase":"healthy","system":"warning"}}
{"timestamp":"2025-09-02T13:31:51.020Z","type":"health_check","status":"warning","details":{"database":"healthy","supabase":"healthy","system":"warning"}}
{"timestamp":"2025-09-02T13:31:51.205Z","type":"health_check","status":"warning","details":{"database":"healthy","supabase":"healthy","system":"warning"}}
{"timestamp":"2025-09-02T13:32:52.001Z","type":"health_check","status":"warning","details":{"database":"healthy","supabase":"healthy","system":"warning"}}
{"timestamp":"2025-09-02T13:32:52.021Z","type":"health_check","status":"warning","details":{"database":"healthy","supabase":"healthy","system":"warning"}}
{"timestamp":"2025-09-02T13:33:37.934Z","type":"health_check","status":"warning","details":{"database":"healthy","supabase":"healthy","system":"warning"}}
{"timestamp":"2025-09-02T13:33:52.456Z","type":"health_check","status":"warning","details":{"database":"healthy","supabase":"healthy","system":"warning"}}
{"timestamp":"2025-09-02T13:34:38.346Z","type":"health_check","status":"healthy","details":{"database":"healthy","supabase":"healthy","system":"healthy"}}
{"timestamp":"2025-09-02T13:34:52.888Z","type":"health_check","status":"warning","details":{"database":"healthy","supabase":"healthy","system":"warning"}}
{"timestamp":"2025-09-02T13:35:24.193Z","type":"health_check","status":"warning","details":{"database":"healthy","supabase":"healthy","system":"warning"}}
{"timestamp":"2025-09-02T13:35:38.271Z","type":"health_check","status":"warning","details":{"database":"healthy","supabase":"healthy","system":"warning"}}
{"timestamp":"2025-09-02T13:36:09.631Z","type":"health_check","status":"warning","details":{"database":"healthy","supabase":"healthy","system":"warning"}}
{"timestamp":"2025-09-02T13:36:23.772Z","type":"health_check","status":"warning","details":{"database":"healthy","supabase":"healthy","system":"warning"}}
{"timestamp":"2025-09-02T13:36:55.049Z","type":"health_check","status":"warning","details":{"database":"healthy","supabase":"healthy","system":"warning"}}
{"timestamp":"2025-09-02T13:37:24.504Z","type":"health_check","status":"healthy","details":{"database":"healthy","supabase":"healthy","system":"healthy"}}
{"timestamp":"2025-09-02T13:37:40.406Z","type":"health_check","status":"healthy","details":{"database":"healthy","supabase":"healthy","system":"healthy"}}
{"timestamp":"2025-09-02T13:37:54.895Z","type":"health_check","status":"healthy","details":{"database":"healthy","supabase":"healthy","system":"healthy"}}
{"timestamp":"2025-09-02T13:38:10.830Z","type":"health_check","status":"healthy","details":{"database":"healthy","supabase":"healthy","system":"healthy"}}
{"timestamp":"2025-09-02T13:38:25.353Z","type":"health_check","status":"healthy","details":{"database":"healthy","supabase":"healthy","system":"healthy"}}
{"timestamp":"2025-09-02T13:38:55.732Z","type":"health_check","status":"healthy","details":{"database":"healthy","supabase":"healthy","system":"healthy"}}
{"timestamp":"2025-09-02T13:38:56.620Z","type":"health_check","status":"healthy","details":{"database":"healthy","supabase":"healthy","system":"healthy"}}
{"timestamp":"2025-09-02T13:39:41.118Z","type":"health_check","status":"healthy","details":{"database":"healthy","supabase":"healthy","system":"healthy"}}
{"timestamp":"2025-09-02T13:39:41.775Z","type":"health_check","status":"healthy","details":{"database":"healthy","supabase":"healthy","system":"healthy"}}
{"timestamp":"2025-09-02T13:40:26.528Z","type":"health_check","status":"warning","details":{"database":"healthy","supabase":"healthy","system":"warning"}}
{"timestamp":"2025-09-02T13:40:26.960Z","type":"health_check","status":"warning","details":{"database":"healthy","supabase":"healthy","system":"warning"}}
{"timestamp":"2025-09-02T13:41:12.193Z","type":"health_check","status":"healthy","details":{"database":"healthy","supabase":"healthy","system":"healthy"}}
{"timestamp":"2025-09-02T13:41:12.199Z","type":"health_check","status":"warning","details":{"database":"healthy","supabase":"healthy","system":"warning"}}
{"timestamp":"2025-09-02T13:41:57.612Z","type":"health_check","status":"warning","details":{"database":"healthy","supabase":"healthy","system":"warning"}}
{"timestamp":"2025-09-02T13:41:57.627Z","type":"health_check","status":"warning","details":{"database":"healthy","supabase":"healthy","system":"warning"}}
{"timestamp":"2025-09-02T13:42:42.995Z","type":"health_check","status":"warning","details":{"database":"healthy","supabase":"healthy","system":"warning"}}
{"timestamp":"2025-09-02T13:42:42.993Z","type":"health_check","status":"warning","details":{"database":"healthy","supabase":"healthy","system":"warning"}}
{"timestamp":"2025-09-02T13:43:28.627Z","type":"health_check","status":"warning","details":{"database":"healthy","supabase":"healthy","system":"warning"}}
{"timestamp":"2025-09-02T13:43:28.669Z","type":"health_check","status":"warning","details":{"database":"healthy","supabase":"healthy","system":"warning"}}
{"timestamp":"2025-09-02T13:44:29.080Z","type":"health_check","status":"warning","details":{"database":"healthy","supabase":"healthy","system":"warning"}}
{"timestamp":"2025-09-02T13:44:29.034Z","type":"health_check","status":"warning","details":{"database":"healthy","supabase":"healthy","system":"warning"}}
{"timestamp":"2025-09-02T13:45:08.559Z","type":"health_check","status":"warning","details":{"database":"healthy","supabase":"healthy","system":"warning"}}
{"timestamp":"2025-09-02T13:45:08.597Z","type":"health_check","status":"warning","details":{"database":"healthy","supabase":"healthy","system":"warning"}}
{"timestamp":"2025-09-02T13:45:38.598Z","type":"health_check","status":"warning","details":{"database":"healthy","supabase":"healthy","system":"warning"}}
{"timestamp":"2025-09-02T13:45:38.564Z","type":"health_check","status":"warning","details":{"database":"healthy","supabase":"healthy","system":"warning"}}
{"timestamp":"2025-09-02T13:46:38.965Z","type":"health_check","status":"warning","details":{"database":"healthy","supabase":"healthy","system":"warning"}}
{"timestamp":"2025-09-02T13:46:38.964Z","type":"health_check","status":"warning","details":{"database":"healthy","supabase":"healthy","system":"warning"}}
{"timestamp":"2025-09-02T13:47:39.661Z","type":"health_check","status":"error","details":{"database":"healthy","supabase":"healthy","system":"error"}}
{"timestamp":"2025-09-02T13:47:39.709Z","type":"health_check","status":"warning","details":{"database":"healthy","supabase":"healthy","system":"warning"}}
{"timestamp":"2025-09-02T13:48:40.024Z","type":"health_check","status":"warning","details":{"database":"healthy","supabase":"healthy","system":"warning"}}
{"timestamp":"2025-09-02T13:48:40.071Z","type":"health_check","status":"warning","details":{"database":"healthy","supabase":"healthy","system":"warning"}}
{"timestamp":"2025-09-02T13:49:40.884Z","type":"health_check","status":"warning","details":{"database":"healthy","supabase":"healthy","system":"warning"}}
{"timestamp":"2025-09-02T13:49:40.793Z","type":"health_check","status":"warning","details":{"database":"healthy","supabase":"healthy","system":"warning"}}
{"timestamp":"2025-09-02T13:50:26.221Z","type":"health_check","status":"warning","details":{"database":"healthy","supabase":"healthy","system":"warning"}}
{"timestamp":"2025-09-02T13:50:26.220Z","type":"health_check","status":"warning","details":{"database":"healthy","supabase":"healthy","system":"warning"}}
{"timestamp":"2025-09-02T13:51:26.691Z","type":"health_check","status":"warning","details":{"database":"healthy","supabase":"healthy","system":"warning"}}
{"timestamp":"2025-09-02T13:51:26.576Z","type":"health_check","status":"warning","details":{"database":"healthy","supabase":"healthy","system":"warning"}}
{"timestamp":"2025-09-02T13:52:11.965Z","type":"health_check","status":"warning","details":{"database":"healthy","supabase":"healthy","system":"warning"}}
{"timestamp":"2025-09-02T13:52:11.970Z","type":"health_check","status":"warning","details":{"database":"healthy","supabase":"healthy","system":"warning"}}
{"timestamp":"2025-09-02T13:52:57.845Z","type":"health_check","status":"warning","details":{"database":"healthy","supabase":"healthy","system":"warning"}}
{"timestamp":"2025-09-02T13:52:57.772Z","type":"health_check","status":"warning","details":{"database":"healthy","supabase":"healthy","system":"warning"}}
{"timestamp":"2025-09-02T13:53:58.278Z","type":"health_check","status":"warning","details":{"database":"healthy","supabase":"healthy","system":"warning"}}
{"timestamp":"2025-09-02T13:53:58.170Z","type":"health_check","status":"warning","details":{"database":"healthy","supabase":"healthy","system":"warning"}}
{"timestamp":"2025-09-02T13:54:43.792Z","type":"health_check","status":"warning","details":{"database":"healthy","supabase":"healthy","system":"warning"}}
{"timestamp":"2025-09-02T13:54:43.640Z","type":"health_check","status":"warning","details":{"database":"healthy","supabase":"warning","system":"warning"}}
{"timestamp":"2025-09-02T13:55:44.220Z","type":"health_check","status":"warning","details":{"database":"healthy","supabase":"healthy","system":"warning"}}
{"timestamp":"2025-09-02T13:56:37.893Z","type":"health_check","status":"warning","details":{"database":"healthy","supabase":"healthy","system":"warning"}}
{"timestamp":"2025-09-02T13:56:44.996Z","type":"health_check","status":"warning","details":{"database":"healthy","supabase":"healthy","system":"warning"}}
{"timestamp":"2025-09-02T13:57:23.354Z","type":"health_check","status":"warning","details":{"database":"healthy","supabase":"healthy","system":"warning"}}
{"timestamp":"2025-09-02T13:57:30.357Z","type":"health_check","status":"warning","details":{"database":"healthy","supabase":"healthy","system":"warning"}}
{"timestamp":"2025-09-02T13:58:23.883Z","type":"health_check","status":"warning","details":{"database":"healthy","supabase":"healthy","system":"warning"}}
{"timestamp":"2025-09-02T13:58:31.067Z","type":"health_check","status":"warning","details":{"database":"healthy","supabase":"healthy","system":"warning"}}
{"timestamp":"2025-09-02T13:59:16.404Z","type":"health_check","status":"warning","details":{"database":"healthy","supabase":"healthy","system":"warning"}}
{"timestamp":"2025-09-02T13:59:24.311Z","type":"health_check","status":"warning","details":{"database":"healthy","supabase":"healthy","system":"warning"}}
{"timestamp":"2025-09-02T14:00:17.255Z","type":"health_check","status":"warning","details":{"database":"healthy","supabase":"healthy","system":"warning"}}
{"timestamp":"2025-09-02T14:00:24.717Z","type":"health_check","status":"warning","details":{"database":"healthy","supabase":"healthy","system":"warning"}}
{"timestamp":"2025-09-02T14:01:18.124Z","type":"health_check","status":"warning","details":{"database":"healthy","supabase":"healthy","system":"warning"}}
{"timestamp":"2025-09-02T14:01:25.095Z","type":"health_check","status":"warning","details":{"database":"healthy","supabase":"healthy","system":"warning"}}
{"timestamp":"2025-09-02T14:02:04.119Z","type":"health_check","status":"warning","details":{"database":"healthy","supabase":"healthy","system":"warning"}}
{"timestamp":"2025-09-02T14:02:25.518Z","type":"health_check","status":"warning","details":{"database":"healthy","supabase":"healthy","system":"warning"}}
{"timestamp":"2025-09-02T14:03:04.555Z","type":"health_check","status":"warning","details":{"database":"healthy","supabase":"healthy","system":"warning"}}
{"timestamp":"2025-09-02T14:03:26.081Z","type":"health_check","status":"warning","details":{"database":"healthy","supabase":"healthy","system":"warning"}}
{"timestamp":"2025-09-02T14:04:05.380Z","type":"health_check","status":"warning","details":{"database":"healthy","supabase":"healthy","system":"warning"}}
{"timestamp":"2025-09-02T14:04:11.482Z","type":"health_check","status":"warning","details":{"database":"healthy","supabase":"healthy","system":"warning"}}
{"timestamp":"2025-09-02T14:05:05.863Z","type":"health_check","status":"warning","details":{"database":"healthy","supabase":"healthy","system":"warning"}}
{"timestamp":"2025-09-02T14:05:11.882Z","type":"health_check","status":"warning","details":{"database":"healthy","supabase":"healthy","system":"warning"}}
{"timestamp":"2025-09-02T14:05:57.263Z","type":"health_check","status":"warning","details":{"database":"healthy","supabase":"healthy","system":"warning"}}
{"timestamp":"2025-09-02T14:06:06.794Z","type":"health_check","status":"warning","details":{"database":"healthy","supabase":"healthy","system":"warning"}}
{"timestamp":"2025-09-02T14:06:57.726Z","type":"health_check","status":"warning","details":{"database":"healthy","supabase":"healthy","system":"warning"}}
{"timestamp":"2025-09-02T14:07:07.156Z","type":"health_check","status":"warning","details":{"database":"healthy","supabase":"healthy","system":"warning"}}
{"timestamp":"2025-09-02T14:07:58.543Z","type":"health_check","status":"warning","details":{"database":"healthy","supabase":"healthy","system":"warning"}}
{"timestamp":"2025-09-02T14:08:07.537Z","type":"health_check","status":"warning","details":{"database":"healthy","supabase":"healthy","system":"warning"}}
{"timestamp":"2025-09-02T14:08:44.119Z","type":"health_check","status":"warning","details":{"database":"healthy","supabase":"healthy","system":"warning"}}
{"timestamp":"2025-09-02T14:09:07.891Z","type":"health_check","status":"warning","details":{"database":"healthy","supabase":"healthy","system":"warning"}}
{"timestamp":"2025-09-02T14:09:44.832Z","type":"health_check","status":"healthy","details":{"database":"healthy","supabase":"healthy","system":"healthy"}}
{"timestamp":"2025-09-02T14:10:08.344Z","type":"health_check","status":"healthy","details":{"database":"healthy","supabase":"healthy","system":"healthy"}}
{"timestamp":"2025-09-02T14:10:15.215Z","type":"health_check","status":"healthy","details":{"database":"healthy","supabase":"healthy","system":"healthy"}}
{"timestamp":"2025-09-02T14:10:38.718Z","type":"health_check","status":"healthy","details":{"database":"healthy","supabase":"healthy","system":"healthy"}}
{"timestamp":"2025-09-02T14:10:45.598Z","type":"health_check","status":"healthy","details":{"database":"healthy","supabase":"healthy","system":"healthy"}}
{"timestamp":"2025-09-02T14:11:09.396Z","type":"health_check","status":"healthy","details":{"database":"healthy","supabase":"healthy","system":"healthy"}}
{"timestamp":"2025-09-02T14:11:16.017Z","type":"health_check","status":"healthy","details":{"database":"healthy","supabase":"healthy","system":"healthy"}}
{"timestamp":"2025-09-02T14:11:40.184Z","type":"health_check","status":"healthy","details":{"database":"healthy","supabase":"healthy","system":"healthy"}}
{"timestamp":"2025-09-02T14:11:46.414Z","type":"health_check","status":"warning","details":{"database":"healthy","supabase":"healthy","system":"warning"}}
{"timestamp":"2025-09-02T14:12:10.533Z","type":"health_check","status":"warning","details":{"database":"healthy","supabase":"healthy","system":"warning"}}
{"timestamp":"2025-09-02T14:12:46.766Z","type":"health_check","status":"warning","details":{"database":"healthy","supabase":"healthy","system":"warning"}}
{"timestamp":"2025-09-02T14:13:10.866Z","type":"health_check","status":"warning","details":{"database":"healthy","supabase":"healthy","system":"warning"}}
{"timestamp":"2025-09-02T14:13:47.461Z","type":"health_check","status":"warning","details":{"database":"healthy","supabase":"healthy","system":"warning"}}
{"timestamp":"2025-09-02T14:14:11.246Z","type":"health_check","status":"warning","details":{"database":"healthy","supabase":"healthy","system":"warning"}}
{"timestamp":"2025-09-02T14:14:48.128Z","type":"health_check","status":"warning","details":{"database":"healthy","supabase":"healthy","system":"warning"}}
{"timestamp":"2025-09-02T14:15:11.577Z","type":"health_check","status":"warning","details":{"database":"healthy","supabase":"healthy","system":"warning"}}
{"timestamp":"2025-09-02T14:15:48.911Z","type":"health_check","status":"error","details":{"database":"healthy","supabase":"healthy","system":"error"}}
{"timestamp":"2025-09-02T14:16:11.967Z","type":"health_check","status":"error","details":{"database":"healthy","supabase":"healthy","system":"error"}}
{"timestamp":"2025-09-02T14:16:49.312Z","type":"health_check","status":"healthy","details":{"database":"healthy","supabase":"healthy","system":"healthy"}}
{"timestamp":"2025-09-02T14:17:12.293Z","type":"health_check","status":"warning","details":{"database":"healthy","supabase":"healthy","system":"warning"}}
{"timestamp":"2025-09-02T14:17:19.629Z","type":"health_check","status":"warning","details":{"database":"healthy","supabase":"healthy","system":"warning"}}
{"timestamp":"2025-09-02T14:17:57.585Z","type":"health_check","status":"warning","details":{"database":"healthy","supabase":"healthy","system":"warning"}}
{"timestamp":"2025-09-02T14:18:19.972Z","type":"health_check","status":"warning","details":{"database":"healthy","supabase":"healthy","system":"warning"}}
{"timestamp":"2025-09-02T14:18:43.005Z","type":"health_check","status":"warning","details":{"database":"healthy","supabase":"healthy","system":"warning"}}
{"timestamp":"2025-09-02T14:19:07.564Z","type":"health_check","status":"warning","details":{"database":"healthy","supabase":"healthy","system":"warning"}}
{"timestamp":"2025-09-02T14:19:07.601Z","type":"health_check","status":"warning","details":{"database":"healthy","supabase":"healthy","system":"warning"}}
{"timestamp":"2025-09-02T14:19:37.573Z","type":"health_check","status":"error","details":{"database":"healthy","supabase":"healthy","system":"error"}}
{"timestamp":"2025-09-02T14:19:37.606Z","type":"health_check","status":"warning","details":{"database":"healthy","supabase":"healthy","system":"warning"}}
{"timestamp":"2025-09-02T14:20:37.927Z","type":"health_check","status":"error","details":{"database":"healthy","supabase":"healthy","system":"error"}}
{"timestamp":"2025-09-02T14:20:38.055Z","type":"health_check","status":"warning","details":{"database":"healthy","supabase":"healthy","system":"warning"}}
{"timestamp":"2025-09-02T14:21:38.554Z","type":"health_check","status":"warning","details":{"database":"healthy","supabase":"healthy","system":"warning"}}
{"timestamp":"2025-09-02T14:21:38.524Z","type":"health_check","status":"warning","details":{"database":"healthy","supabase":"healthy","system":"warning"}}
{"timestamp":"2025-09-02T14:22:23.982Z","type":"health_check","status":"warning","details":{"database":"healthy","supabase":"healthy","system":"warning"}}
{"timestamp":"2025-09-02T14:23:09.335Z","type":"health_check","status":"warning","details":{"database":"healthy","supabase":"healthy","system":"warning"}}
{"timestamp":"2025-09-02T14:22:23.967Z","type":"health_check","status":"warning","details":{"database":"healthy","supabase":"warning","system":"warning"}}
{"timestamp":"2025-09-02T14:23:54.972Z","type":"health_check","status":"error","details":{"database":"healthy","supabase":"healthy","system":"error"}}
{"timestamp":"2025-09-02T14:24:09.617Z","type":"health_check","status":"error","details":{"database":"healthy","supabase":"healthy","system":"error"}}
{"timestamp":"2025-09-02T14:24:55.410Z","type":"health_check","status":"warning","details":{"database":"healthy","supabase":"healthy","system":"warning"}}
{"timestamp":"2025-09-02T14:25:10.399Z","type":"health_check","status":"warning","details":{"database":"healthy","supabase":"healthy","system":"warning"}}
{"timestamp":"2025-09-02T14:25:55.746Z","type":"health_check","status":"error","details":{"database":"healthy","supabase":"healthy","system":"error"}}
{"timestamp":"2025-09-02T14:26:10.766Z","type":"health_check","status":"warning","details":{"database":"healthy","supabase":"healthy","system":"warning"}}
{"timestamp":"2025-09-02T14:26:56.449Z","type":"health_check","status":"error","details":{"database":"healthy","supabase":"healthy","system":"error"}}
{"timestamp":"2025-09-02T14:27:11.244Z","type":"health_check","status":"error","details":{"database":"healthy","supabase":"healthy","system":"error"}}
{"timestamp":"2025-09-02T14:27:56.852Z","type":"health_check","status":"error","details":{"database":"healthy","supabase":"healthy","system":"error"}}
{"timestamp":"2025-09-02T14:28:11.635Z","type":"health_check","status":"warning","details":{"database":"healthy","supabase":"healthy","system":"warning"}}
{"timestamp":"2025-09-02T14:28:57.588Z","type":"health_check","status":"error","details":{"database":"healthy","supabase":"healthy","system":"error"}}
{"timestamp":"2025-09-02T14:29:12.095Z","type":"health_check","status":"error","details":{"database":"healthy","supabase":"healthy","system":"error"}}
{"timestamp":"2025-09-02T14:29:58.036Z","type":"health_check","status":"error","details":{"database":"healthy","supabase":"healthy","system":"error"}}
{"timestamp":"2025-09-02T14:30:12.475Z","type":"health_check","status":"warning","details":{"database":"healthy","supabase":"healthy","system":"warning"}}
{"timestamp":"2025-09-02T14:30:58.766Z","type":"health_check","status":"error","details":{"database":"healthy","supabase":"healthy","system":"error"}}
{"timestamp":"2025-09-02T14:31:13.363Z","type":"health_check","status":"error","details":{"database":"healthy","supabase":"healthy","system":"error"}}
{"timestamp":"2025-09-02T14:31:59.207Z","type":"health_check","status":"error","details":{"database":"healthy","supabase":"healthy","system":"error"}}
{"timestamp":"2025-09-02T14:32:14.034Z","type":"health_check","status":"error","details":{"database":"healthy","supabase":"healthy","system":"error"}}
{"timestamp":"2025-09-02T14:33:00.304Z","type":"health_check","status":"warning","details":{"database":"healthy","supabase":"healthy","system":"warning"}}
{"timestamp":"2025-09-02T14:33:14.593Z","type":"health_check","status":"warning","details":{"database":"healthy","supabase":"healthy","system":"warning"}}
{"timestamp":"2025-09-02T14:34:00.699Z","type":"health_check","status":"error","details":{"database":"healthy","supabase":"healthy","system":"error"}}
{"timestamp":"2025-09-02T14:34:15.111Z","type":"health_check","status":"error","details":{"database":"healthy","supabase":"healthy","system":"error"}}
{"timestamp":"2025-09-02T14:35:01.561Z","type":"health_check","status":"error","details":{"database":"healthy","supabase":"healthy","system":"error"}}
{"timestamp":"2025-09-02T14:35:15.478Z","type":"health_check","status":"warning","details":{"database":"healthy","supabase":"healthy","system":"warning"}}
{"timestamp":"2025-09-02T14:36:02.277Z","type":"health_check","status":"error","details":{"database":"healthy","supabase":"healthy","system":"error"}}
{"timestamp":"2025-09-02T14:36:15.930Z","type":"health_check","status":"error","details":{"database":"healthy","supabase":"healthy","system":"error"}}
{"timestamp":"2025-09-02T14:37:02.955Z","type":"health_check","status":"error","details":{"database":"healthy","supabase":"healthy","system":"error"}}
{"timestamp":"2025-09-02T14:37:16.338Z","type":"health_check","status":"error","details":{"database":"healthy","supabase":"healthy","system":"error"}}
{"timestamp":"2025-09-02T14:38:03.334Z","type":"health_check","status":"error","details":{"database":"healthy","supabase":"healthy","system":"error"}}
{"timestamp":"2025-09-02T14:38:16.709Z","type":"health_check","status":"error","details":{"database":"healthy","supabase":"healthy","system":"error"}}
{"timestamp":"2025-09-02T14:39:04.256Z","type":"health_check","status":"warning","details":{"database":"healthy","supabase":"healthy","system":"warning"}}
{"timestamp":"2025-09-02T14:39:17.275Z","type":"health_check","status":"error","details":{"database":"healthy","supabase":"healthy","system":"error"}}
{"timestamp":"2025-09-02T14:40:04.649Z","type":"health_check","status":"error","details":{"database":"healthy","supabase":"healthy","system":"error"}}
{"timestamp":"2025-09-02T14:40:17.833Z","type":"health_check","status":"error","details":{"database":"healthy","supabase":"healthy","system":"error"}}
{"timestamp":"2025-09-02T14:41:05.345Z","type":"health_check","status":"warning","details":{"database":"healthy","supabase":"healthy","system":"warning"}}
{"timestamp":"2025-09-02T14:41:18.199Z","type":"health_check","status":"error","details":{"database":"healthy","supabase":"healthy","system":"error"}}
{"timestamp":"2025-09-02T14:42:06.217Z","type":"health_check","status":"error","details":{"database":"healthy","supabase":"healthy","system":"error"}}
{"timestamp":"2025-09-02T14:42:18.572Z","type":"health_check","status":"error","details":{"database":"healthy","supabase":"healthy","system":"error"}}
{"timestamp":"2025-09-02T14:43:06.904Z","type":"health_check","status":"error","details":{"database":"healthy","supabase":"healthy","system":"error"}}
{"timestamp":"2025-09-02T14:43:18.972Z","type":"health_check","status":"warning","details":{"database":"healthy","supabase":"healthy","system":"warning"}}
{"timestamp":"2025-09-02T14:44:07.268Z","type":"health_check","status":"error","details":{"database":"healthy","supabase":"healthy","system":"error"}}
{"timestamp":"2025-09-02T14:44:19.308Z","type":"health_check","status":"error","details":{"database":"healthy","supabase":"healthy","system":"error"}}
{"timestamp":"2025-09-02T15:18:16.075Z","type":"health_check","status":"warning","details":{"database":"warning","supabase":"healthy","system":"warning"}}
{"timestamp":"2025-09-02T15:18:16.082Z","type":"health_check","status":"error","details":{"database":"warning","supabase":"healthy","system":"error"}}
{"timestamp":"2025-09-03T05:51:15.510Z","type":"health_check","status":"warning","details":{"database":"slow","supabase":"healthy","system":"warning"}}
{"timestamp":"2025-09-03T05:51:15.544Z","type":"health_check","status":"warning","details":{"database":"slow","supabase":"healthy","system":"warning"}}
{"timestamp":"2025-09-03T05:51:45.550Z","type":"health_check","status":"warning","details":{"database":"healthy","supabase":"healthy","system":"warning"}}
{"timestamp":"2025-09-03T05:51:45.518Z","type":"health_check","status":"warning","details":{"database":"healthy","supabase":"healthy","system":"warning"}}
{"timestamp":"2025-09-03T05:52:46.019Z","type":"health_check","status":"warning","details":{"database":"healthy","supabase":"healthy","system":"warning"}}
{"timestamp":"2025-09-03T05:52:46.155Z","type":"health_check","status":"warning","details":{"database":"healthy","supabase":"healthy","system":"warning"}}
{"timestamp":"2025-09-03T05:53:46.570Z","type":"health_check","status":"warning","details":{"database":"healthy","supabase":"healthy","system":"warning"}}
{"timestamp":"2025-09-03T05:53:46.472Z","type":"health_check","status":"warning","details":{"database":"healthy","supabase":"healthy","system":"warning"}}
{"timestamp":"2025-09-03T05:54:47.168Z","type":"health_check","status":"warning","details":{"database":"healthy","supabase":"healthy","system":"warning"}}
{"timestamp":"2025-09-03T05:54:47.151Z","type":"health_check","status":"warning","details":{"database":"healthy","supabase":"healthy","system":"warning"}}
{"timestamp":"2025-09-03T05:55:47.852Z","type":"health_check","status":"warning","details":{"database":"healthy","supabase":"healthy","system":"warning"}}
{"timestamp":"2025-09-03T05:55:48.127Z","type":"health_check","status":"warning","details":{"database":"healthy","supabase":"healthy","system":"warning"}}
{"timestamp":"2025-09-03T05:56:48.833Z","type":"health_check","status":"warning","details":{"database":"slow","supabase":"healthy","system":"warning"}}
{"timestamp":"2025-09-03T05:56:48.829Z","type":"health_check","status":"warning","details":{"database":"slow","supabase":"healthy","system":"warning"}}
{"timestamp":"2025-09-03T05:57:56.611Z","type":"health_check","status":"warning","details":{"database":"healthy","supabase":"healthy","system":"warning"}}
{"timestamp":"2025-09-03T05:57:59.465Z","type":"health_check","status":"warning","details":{"database":"healthy","supabase":"healthy","system":"warning"}}
{"timestamp":"2025-09-03T05:58:57.289Z","type":"health_check","status":"warning","details":{"database":"healthy","supabase":"healthy","system":"warning"}}
{"timestamp":"2025-09-03T05:58:59.737Z","type":"health_check","status":"warning","details":{"database":"healthy","supabase":"healthy","system":"warning"}}
{"timestamp":"2025-09-03T05:59:57.673Z","type":"health_check","status":"error","details":{"database":"healthy","supabase":"healthy","system":"error"}}
{"timestamp":"2025-09-03T05:59:59.973Z","type":"health_check","status":"warning","details":{"database":"healthy","supabase":"healthy","system":"warning"}}
{"timestamp":"2025-09-03T06:01:00.138Z","type":"health_check","status":"warning","details":{"database":"slow","supabase":"healthy","system":"warning"}}
{"timestamp":"2025-09-03T06:00:58.352Z","type":"health_check","status":"warning","details":{"database":"slow","supabase":"healthy","system":"warning"}}
{"timestamp":"2025-09-03T06:02:08.023Z","type":"health_check","status":"warning","details":{"database":"healthy","supabase":"healthy","system":"warning"}}
{"timestamp":"2025-09-03T06:02:11.141Z","type":"health_check","status":"error","details":{"database":"healthy","supabase":"healthy","system":"error"}}
{"timestamp":"2025-09-03T06:03:11.320Z","type":"health_check","status":"warning","details":{"database":"slow","supabase":"healthy","system":"warning"}}
{"timestamp":"2025-09-03T06:03:09.284Z","type":"health_check","status":"error","details":{"database":"error","supabase":"healthy","system":"warning"}}
{"timestamp":"2025-09-03T06:04:24.601Z","type":"health_check","status":"warning","details":{"database":"healthy","supabase":"healthy","system":"warning"}}
{"timestamp":"2025-09-03T06:04:25.933Z","type":"health_check","status":"warning","details":{"database":"healthy","supabase":"healthy","system":"warning"}}
{"timestamp":"2025-09-03T06:05:25.301Z","type":"health_check","status":"warning","details":{"database":"healthy","supabase":"healthy","system":"warning"}}
{"timestamp":"2025-09-03T06:05:26.122Z","type":"health_check","status":"error","details":{"database":"healthy","supabase":"healthy","system":"error"}}
{"timestamp":"2025-09-03T06:06:25.745Z","type":"health_check","status":"warning","details":{"database":"healthy","supabase":"healthy","system":"warning"}}
{"timestamp":"2025-09-03T06:06:26.326Z","type":"health_check","status":"warning","details":{"database":"healthy","supabase":"healthy","system":"warning"}}
{"timestamp":"2025-09-03T06:07:26.430Z","type":"health_check","status":"warning","details":{"database":"healthy","supabase":"healthy","system":"warning"}}
{"timestamp":"2025-09-03T06:07:26.523Z","type":"health_check","status":"warning","details":{"database":"healthy","supabase":"healthy","system":"warning"}}
{"timestamp":"2025-09-03T06:08:26.885Z","type":"health_check","status":"healthy","details":{"database":"healthy","supabase":"healthy","system":"healthy"}}
{"timestamp":"2025-09-03T06:08:26.880Z","type":"health_check","status":"healthy","details":{"database":"healthy","supabase":"healthy","system":"healthy"}}
{"timestamp":"2025-09-03T06:08:57.474Z","type":"health_check","status":"healthy","details":{"database":"healthy","supabase":"healthy","system":"healthy"}}
{"timestamp":"2025-09-03T06:09:12.247Z","type":"health_check","status":"healthy","details":{"database":"healthy","supabase":"healthy","system":"healthy"}}
{"timestamp":"2025-09-03T06:09:27.922Z","type":"health_check","status":"healthy","details":{"database":"healthy","supabase":"healthy","system":"healthy"}}
{"timestamp":"2025-09-03T06:09:42.551Z","type":"health_check","status":"healthy","details":{"database":"healthy","supabase":"healthy","system":"healthy"}}
{"timestamp":"2025-09-03T06:10:13.521Z","type":"health_check","status":"healthy","details":{"database":"healthy","supabase":"healthy","system":"healthy"}}
{"timestamp":"2025-09-03T06:10:27.904Z","type":"health_check","status":"healthy","details":{"database":"healthy","supabase":"healthy","system":"healthy"}}
{"timestamp":"2025-09-03T06:10:44.187Z","type":"health_check","status":"healthy","details":{"database":"healthy","supabase":"healthy","system":"healthy"}}
{"timestamp":"2025-09-03T06:11:13.384Z","type":"health_check","status":"healthy","details":{"database":"healthy","supabase":"healthy","system":"healthy"}}
{"timestamp":"2025-09-03T06:11:29.516Z","type":"health_check","status":"healthy","details":{"database":"healthy","supabase":"healthy","system":"healthy"}}
{"timestamp":"2025-09-03T06:11:59.268Z","type":"health_check","status":"healthy","details":{"database":"healthy","supabase":"healthy","system":"healthy"}}
{"timestamp":"2025-09-03T06:12:15.117Z","type":"health_check","status":"healthy","details":{"database":"healthy","supabase":"healthy","system":"healthy"}}
{"timestamp":"2025-09-03T06:12:45.056Z","type":"health_check","status":"healthy","details":{"database":"healthy","supabase":"healthy","system":"healthy"}}
{"timestamp":"2025-09-03T06:13:00.548Z","type":"health_check","status":"warning","details":{"database":"healthy","supabase":"healthy","system":"warning"}}
{"timestamp":"2025-09-03T06:13:30.693Z","type":"health_check","status":"healthy","details":{"database":"healthy","supabase":"healthy","system":"healthy"}}
{"timestamp":"2025-09-03T06:13:46.367Z","type":"health_check","status":"warning","details":{"database":"healthy","supabase":"healthy","system":"warning"}}
{"timestamp":"2025-09-03T06:14:16.198Z","type":"health_check","status":"warning","details":{"database":"healthy","supabase":"healthy","system":"warning"}}
{"timestamp":"2025-09-03T06:14:32.065Z","type":"health_check","status":"warning","details":{"database":"healthy","supabase":"healthy","system":"warning"}}
{"timestamp":"2025-09-03T06:15:01.575Z","type":"health_check","status":"warning","details":{"database":"healthy","supabase":"healthy","system":"warning"}}
{"timestamp":"2025-09-03T06:15:17.613Z","type":"health_check","status":"warning","details":{"database":"healthy","supabase":"healthy","system":"warning"}}
{"timestamp":"2025-09-03T06:15:47.097Z","type":"health_check","status":"warning","details":{"database":"healthy","supabase":"healthy","system":"warning"}}
{"timestamp":"2025-09-03T06:16:03.102Z","type":"health_check","status":"warning","details":{"database":"healthy","supabase":"healthy","system":"warning"}}
{"timestamp":"2025-09-03T06:16:32.730Z","type":"health_check","status":"warning","details":{"database":"healthy","supabase":"healthy","system":"warning"}}
{"timestamp":"2025-09-03T06:16:48.466Z","type":"health_check","status":"warning","details":{"database":"healthy","supabase":"healthy","system":"warning"}}
{"timestamp":"2025-09-03T06:17:18.159Z","type":"health_check","status":"warning","details":{"database":"healthy","supabase":"healthy","system":"warning"}}
{"timestamp":"2025-09-03T06:17:34.024Z","type":"health_check","status":"warning","details":{"database":"healthy","supabase":"healthy","system":"warning"}}
{"timestamp":"2025-09-03T06:18:03.734Z","type":"health_check","status":"warning","details":{"database":"healthy","supabase":"healthy","system":"warning"}}
{"timestamp":"2025-09-03T06:18:34.797Z","type":"health_check","status":"error","details":{"database":"error","supabase":"warning","system":"warning"}}
{"timestamp":"2025-09-03T06:19:04.140Z","type":"health_check","status":"error","details":{"database":"error","supabase":"healthy","system":"warning"}}
{"timestamp":"2025-09-03T06:19:56.021Z","type":"health_check","status":"warning","details":{"database":"healthy","supabase":"healthy","system":"warning"}}
{"timestamp":"2025-09-03T06:20:16.589Z","type":"health_check","status":"warning","details":{"database":"healthy","supabase":"healthy","system":"warning"}}
{"timestamp":"2025-09-03T06:20:56.613Z","type":"health_check","status":"warning","details":{"database":"healthy","supabase":"healthy","system":"warning"}}
{"timestamp":"2025-09-03T06:21:16.934Z","type":"health_check","status":"warning","details":{"database":"healthy","supabase":"healthy","system":"warning"}}
{"timestamp":"2025-09-03T06:21:57.222Z","type":"health_check","status":"warning","details":{"database":"healthy","supabase":"healthy","system":"warning"}}
{"timestamp":"2025-09-03T06:22:17.809Z","type":"health_check","status":"warning","details":{"database":"healthy","supabase":"healthy","system":"warning"}}
{"timestamp":"2025-09-03T06:22:58.208Z","type":"health_check","status":"error","details":{"database":"healthy","supabase":"healthy","system":"error"}}
{"timestamp":"2025-09-03T06:23:18.889Z","type":"health_check","status":"healthy","details":{"database":"healthy","supabase":"healthy","system":"healthy"}}
{"timestamp":"2025-09-03T06:23:49.212Z","type":"health_check","status":"healthy","details":{"database":"healthy","supabase":"healthy","system":"healthy"}}
{"timestamp":"2025-09-03T06:23:58.779Z","type":"health_check","status":"healthy","details":{"database":"healthy","supabase":"healthy","system":"healthy"}}
{"timestamp":"2025-09-03T06:24:20.105Z","type":"health_check","status":"healthy","details":{"database":"healthy","supabase":"healthy","system":"healthy"}}
{"timestamp":"2025-09-03T06:24:29.502Z","type":"health_check","status":"healthy","details":{"database":"healthy","supabase":"healthy","system":"healthy"}}
{"timestamp":"2025-09-03T06:24:50.519Z","type":"health_check","status":"healthy","details":{"database":"healthy","supabase":"healthy","system":"healthy"}}
{"timestamp":"2025-09-03T06:25:00.165Z","type":"health_check","status":"healthy","details":{"database":"healthy","supabase":"healthy","system":"healthy"}}
{"timestamp":"2025-09-03T06:25:30.846Z","type":"health_check","status":"healthy","details":{"database":"healthy","supabase":"healthy","system":"healthy"}}
{"timestamp":"2025-09-03T06:26:01.356Z","type":"health_check","status":"healthy","details":{"database":"healthy","supabase":"healthy","system":"healthy"}}
{"timestamp":"2025-09-03T06:25:20.904Z","type":"health_check","status":"warning","details":{"database":"healthy","supabase":"warning","system":"healthy"}}
{"timestamp":"2025-09-03T06:26:32.472Z","type":"health_check","status":"healthy","details":{"database":"healthy","supabase":"healthy","system":"healthy"}}
{"timestamp":"2025-09-03T06:26:51.884Z","type":"health_check","status":"healthy","details":{"database":"healthy","supabase":"healthy","system":"healthy"}}
{"timestamp":"2025-09-03T06:27:03.503Z","type":"health_check","status":"healthy","details":{"database":"healthy","supabase":"healthy","system":"healthy"}}
{"timestamp":"2025-09-03T06:27:22.492Z","type":"health_check","status":"healthy","details":{"database":"healthy","supabase":"healthy","system":"healthy"}}
{"timestamp":"2025-09-03T06:27:49.169Z","type":"health_check","status":"healthy","details":{"database":"healthy","supabase":"healthy","system":"healthy"}}
{"timestamp":"2025-09-03T06:28:08.609Z","type":"health_check","status":"warning","details":{"database":"slow","supabase":"healthy","system":"healthy"}}
{"timestamp":"2025-09-03T06:28:35.111Z","type":"health_check","status":"error","details":{"database":"error","supabase":"warning","system":"healthy"}}
{"timestamp":"2025-09-03T06:28:46.246Z","type":"health_check","status":"error","details":{"database":"error","supabase":"warning","system":"healthy"}}
{"timestamp":"2025-09-03T06:29:31.265Z","type":"health_check","status":"warning","details":{"database":"slow","supabase":"healthy","system":"healthy"}}
{"timestamp":"2025-09-03T06:29:52.454Z","type":"health_check","status":"warning","details":{"database":"warning","supabase":"healthy","system":"healthy"}}
{"timestamp":"2025-09-03T06:30:21.549Z","type":"health_check","status":"healthy","details":{"database":"healthy","supabase":"healthy","system":"healthy"}}
{"timestamp":"2025-09-03T06:30:39.786Z","type":"health_check","status":"warning","details":{"database":"slow","supabase":"healthy","system":"healthy"}}
{"timestamp":"2025-09-03T06:31:07.022Z","type":"health_check","status":"healthy","details":{"database":"healthy","supabase":"healthy","system":"healthy"}}
{"timestamp":"2025-09-03T06:31:29.742Z","type":"health_check","status":"healthy","details":{"database":"healthy","supabase":"healthy","system":"healthy"}}
{"timestamp":"2025-09-03T06:31:52.351Z","type":"health_check","status":"healthy","details":{"database":"healthy","supabase":"healthy","system":"healthy"}}
{"timestamp":"2025-09-03T06:32:16.290Z","type":"health_check","status":"warning","details":{"database":"healthy","supabase":"healthy","system":"warning"}}
{"timestamp":"2025-09-03T06:32:37.758Z","type":"health_check","status":"healthy","details":{"database":"healthy","supabase":"healthy","system":"healthy"}}
{"timestamp":"2025-09-03T06:33:01.623Z","type":"health_check","status":"warning","details":{"database":"healthy","supabase":"healthy","system":"warning"}}
{"timestamp":"2025-09-03T06:33:23.100Z","type":"health_check","status":"warning","details":{"database":"healthy","supabase":"healthy","system":"warning"}}
{"timestamp":"2025-09-03T06:33:46.972Z","type":"health_check","status":"warning","details":{"database":"healthy","supabase":"healthy","system":"warning"}}
{"timestamp":"2025-09-03T06:34:08.799Z","type":"health_check","status":"warning","details":{"database":"healthy","supabase":"healthy","system":"warning"}}
{"timestamp":"2025-09-03T06:34:32.288Z","type":"health_check","status":"warning","details":{"database":"healthy","supabase":"healthy","system":"warning"}}
{"timestamp":"2025-09-03T06:34:54.369Z","type":"health_check","status":"warning","details":{"database":"healthy","supabase":"healthy","system":"warning"}}
{"timestamp":"2025-09-03T06:35:17.639Z","type":"health_check","status":"warning","details":{"database":"healthy","supabase":"healthy","system":"warning"}}
{"timestamp":"2025-09-03T06:35:39.774Z","type":"health_check","status":"warning","details":{"database":"healthy","supabase":"healthy","system":"warning"}}
{"timestamp":"2025-09-03T06:36:03.272Z","type":"health_check","status":"warning","details":{"database":"healthy","supabase":"healthy","system":"warning"}}
{"timestamp":"2025-09-03T06:36:25.453Z","type":"health_check","status":"warning","details":{"database":"healthy","supabase":"healthy","system":"warning"}}
{"timestamp":"2025-09-03T06:36:48.626Z","type":"health_check","status":"healthy","details":{"database":"healthy","supabase":"healthy","system":"healthy"}}
{"timestamp":"2025-09-03T06:37:10.808Z","type":"health_check","status":"healthy","details":{"database":"healthy","supabase":"healthy","system":"healthy"}}
{"timestamp":"2025-09-03T06:37:18.962Z","type":"health_check","status":"healthy","details":{"database":"healthy","supabase":"healthy","system":"healthy"}}
{"timestamp":"2025-09-03T06:37:41.451Z","type":"health_check","status":"healthy","details":{"database":"healthy","supabase":"healthy","system":"healthy"}}
{"timestamp":"2025-09-03T06:37:49.552Z","type":"health_check","status":"healthy","details":{"database":"healthy","supabase":"healthy","system":"healthy"}}
{"timestamp":"2025-09-03T06:38:12.035Z","type":"health_check","status":"healthy","details":{"database":"healthy","supabase":"healthy","system":"healthy"}}
{"timestamp":"2025-09-03T06:38:20.042Z","type":"health_check","status":"healthy","details":{"database":"healthy","supabase":"healthy","system":"healthy"}}
{"timestamp":"2025-09-03T06:38:42.434Z","type":"health_check","status":"healthy","details":{"database":"healthy","supabase":"healthy","system":"healthy"}}
{"timestamp":"2025-09-03T06:38:50.353Z","type":"health_check","status":"healthy","details":{"database":"healthy","supabase":"healthy","system":"healthy"}}
{"timestamp":"2025-09-03T06:39:12.853Z","type":"health_check","status":"healthy","details":{"database":"healthy","supabase":"healthy","system":"healthy"}}
{"timestamp":"2025-09-03T06:39:20.998Z","type":"health_check","status":"healthy","details":{"database":"healthy","supabase":"healthy","system":"healthy"}}
{"timestamp":"2025-09-03T06:39:43.703Z","type":"health_check","status":"warning","details":{"database":"warning","supabase":"healthy","system":"healthy"}}
{"timestamp":"2025-09-03T06:39:51.748Z","type":"health_check","status":"healthy","details":{"database":"healthy","supabase":"healthy","system":"healthy"}}
{"timestamp":"2025-09-03T06:40:15.789Z","type":"health_check","status":"healthy","details":{"database":"healthy","supabase":"healthy","system":"healthy"}}
{"timestamp":"2025-09-03T06:40:22.929Z","type":"health_check","status":"warning","details":{"database":"slow","supabase":"healthy","system":"healthy"}}
{"timestamp":"2025-09-03T06:40:46.205Z","type":"health_check","status":"healthy","details":{"database":"healthy","supabase":"healthy","system":"healthy"}}
{"timestamp":"2025-09-03T06:40:57.917Z","type":"health_check","status":"healthy","details":{"database":"healthy","supabase":"healthy","system":"healthy"}}
{"timestamp":"2025-09-03T06:41:16.816Z","type":"health_check","status":"healthy","details":{"database":"healthy","supabase":"healthy","system":"healthy"}}
{"timestamp":"2025-09-03T06:41:43.603Z","type":"health_check","status":"healthy","details":{"database":"healthy","supabase":"healthy","system":"healthy"}}
{"timestamp":"2025-09-03T06:41:47.199Z","type":"health_check","status":"healthy","details":{"database":"healthy","supabase":"healthy","system":"healthy"}}
{"timestamp":"2025-09-03T06:42:29.186Z","type":"health_check","status":"healthy","details":{"database":"healthy","supabase":"healthy","system":"healthy"}}
{"timestamp":"2025-09-03T06:42:32.359Z","type":"health_check","status":"healthy","details":{"database":"healthy","supabase":"healthy","system":"healthy"}}
{"timestamp":"2025-09-03T06:42:59.580Z","type":"health_check","status":"healthy","details":{"database":"healthy","supabase":"healthy","system":"healthy"}}
{"timestamp":"2025-09-03T06:43:17.763Z","type":"health_check","status":"healthy","details":{"database":"healthy","supabase":"healthy","system":"healthy"}}
{"timestamp":"2025-09-03T06:43:45.246Z","type":"health_check","status":"healthy","details":{"database":"healthy","supabase":"healthy","system":"healthy"}}
{"timestamp":"2025-09-03T06:44:03.105Z","type":"health_check","status":"warning","details":{"database":"slow","supabase":"healthy","system":"warning"}}
{"timestamp":"2025-09-03T06:44:30.650Z","type":"health_check","status":"healthy","details":{"database":"healthy","supabase":"healthy","system":"healthy"}}
{"timestamp":"2025-09-03T06:44:52.569Z","type":"health_check","status":"warning","details":{"database":"healthy","supabase":"healthy","system":"warning"}}
{"timestamp":"2025-09-03T06:45:16.220Z","type":"health_check","status":"warning","details":{"database":"healthy","supabase":"healthy","system":"warning"}}
{"timestamp":"2025-09-03T06:45:38.471Z","type":"health_check","status":"warning","details":{"database":"healthy","supabase":"healthy","system":"warning"}}
{"timestamp":"2025-09-03T06:46:01.592Z","type":"health_check","status":"warning","details":{"database":"healthy","supabase":"healthy","system":"warning"}}
{"timestamp":"2025-09-03T06:46:23.798Z","type":"health_check","status":"warning","details":{"database":"healthy","supabase":"healthy","system":"warning"}}
{"timestamp":"2025-09-03T06:46:46.950Z","type":"health_check","status":"warning","details":{"database":"healthy","supabase":"healthy","system":"warning"}}
{"timestamp":"2025-09-03T06:47:09.130Z","type":"health_check","status":"warning","details":{"database":"healthy","supabase":"healthy","system":"warning"}}
{"timestamp":"2025-09-03T06:47:32.749Z","type":"health_check","status":"warning","details":{"database":"healthy","supabase":"healthy","system":"warning"}}
{"timestamp":"2025-09-03T06:47:54.458Z","type":"health_check","status":"warning","details":{"database":"healthy","supabase":"healthy","system":"warning"}}
{"timestamp":"2025-09-03T06:48:18.043Z","type":"health_check","status":"warning","details":{"database":"healthy","supabase":"healthy","system":"warning"}}
{"timestamp":"2025-09-03T06:48:39.737Z","type":"health_check","status":"warning","details":{"database":"healthy","supabase":"healthy","system":"warning"}}
{"timestamp":"2025-09-03T06:49:03.568Z","type":"health_check","status":"healthy","details":{"database":"healthy","supabase":"healthy","system":"healthy"}}
{"timestamp":"2025-09-03T06:49:34.095Z","type":"health_check","status":"healthy","details":{"database":"healthy","supabase":"healthy","system":"healthy"}}
{"timestamp":"2025-09-03T06:49:40.391Z","type":"health_check","status":"healthy","details":{"database":"healthy","supabase":"healthy","system":"healthy"}}
{"timestamp":"2025-09-03T06:50:04.568Z","type":"health_check","status":"healthy","details":{"database":"healthy","supabase":"healthy","system":"healthy"}}
{"timestamp":"2025-09-03T06:50:10.666Z","type":"health_check","status":"healthy","details":{"database":"healthy","supabase":"healthy","system":"healthy"}}
{"timestamp":"2025-09-03T06:50:34.861Z","type":"health_check","status":"healthy","details":{"database":"healthy","supabase":"healthy","system":"healthy"}}
{"timestamp":"2025-09-03T06:50:40.967Z","type":"health_check","status":"healthy","details":{"database":"healthy","supabase":"healthy","system":"healthy"}}
{"timestamp":"2025-09-03T06:51:05.486Z","type":"health_check","status":"healthy","details":{"database":"healthy","supabase":"healthy","system":"healthy"}}
{"timestamp":"2025-09-03T06:51:11.217Z","type":"health_check","status":"healthy","details":{"database":"healthy","supabase":"healthy","system":"healthy"}}
{"timestamp":"2025-09-03T06:51:35.768Z","type":"health_check","status":"healthy","details":{"database":"healthy","supabase":"healthy","system":"healthy"}}
{"timestamp":"2025-09-03T06:51:41.492Z","type":"health_check","status":"healthy","details":{"database":"healthy","supabase":"healthy","system":"healthy"}}
{"timestamp":"2025-09-03T06:52:06.093Z","type":"health_check","status":"healthy","details":{"database":"healthy","supabase":"healthy","system":"healthy"}}
{"timestamp":"2025-09-03T06:52:11.805Z","type":"health_check","status":"healthy","details":{"database":"healthy","supabase":"healthy","system":"healthy"}}
{"timestamp":"2025-09-03T06:52:36.371Z","type":"health_check","status":"healthy","details":{"database":"healthy","supabase":"healthy","system":"healthy"}}
{"timestamp":"2025-09-03T06:52:42.055Z","type":"health_check","status":"warning","details":{"database":"warning","supabase":"healthy","system":"healthy"}}
{"timestamp":"2025-09-03T06:53:06.970Z","type":"health_check","status":"healthy","details":{"database":"healthy","supabase":"healthy","system":"healthy"}}
{"timestamp":"2025-09-03T06:53:13.738Z","type":"health_check","status":"healthy","details":{"database":"healthy","supabase":"healthy","system":"healthy"}}
{"timestamp":"2025-09-03T06:53:37.237Z","type":"health_check","status":"healthy","details":{"database":"healthy","supabase":"healthy","system":"healthy"}}
{"timestamp":"2025-09-03T06:53:44.064Z","type":"health_check","status":"healthy","details":{"database":"healthy","supabase":"healthy","system":"healthy"}}
{"timestamp":"2025-09-03T06:54:22.733Z","type":"health_check","status":"healthy","details":{"database":"healthy","supabase":"healthy","system":"healthy"}}
{"timestamp":"2025-09-03T06:54:29.385Z","type":"health_check","status":"healthy","details":{"database":"healthy","supabase":"healthy","system":"healthy"}}
{"timestamp":"2025-09-03T06:54:53.366Z","type":"health_check","status":"healthy","details":{"database":"healthy","supabase":"healthy","system":"healthy"}}
{"timestamp":"2025-09-03T06:55:14.666Z","type":"health_check","status":"healthy","details":{"database":"healthy","supabase":"healthy","system":"healthy"}}
{"timestamp":"2025-09-03T06:55:38.733Z","type":"health_check","status":"healthy","details":{"database":"healthy","supabase":"healthy","system":"healthy"}}
{"timestamp":"2025-09-03T06:56:00.033Z","type":"health_check","status":"healthy","details":{"database":"healthy","supabase":"healthy","system":"healthy"}}
{"timestamp":"2025-09-03T06:56:24.181Z","type":"health_check","status":"healthy","details":{"database":"healthy","supabase":"healthy","system":"healthy"}}
{"timestamp":"2025-09-03T06:56:45.863Z","type":"health_check","status":"warning","details":{"database":"healthy","supabase":"healthy","system":"warning"}}
{"timestamp":"2025-09-03T06:57:09.807Z","type":"health_check","status":"warning","details":{"database":"slow","supabase":"healthy","system":"warning"}}
{"timestamp":"2025-09-03T06:57:31.293Z","type":"health_check","status":"healthy","details":{"database":"healthy","supabase":"healthy","system":"healthy"}}
{"timestamp":"2025-09-03T06:58:00.413Z","type":"health_check","status":"warning","details":{"database":"warning","supabase":"healthy","system":"warning"}}
{"timestamp":"2025-09-03T06:58:16.652Z","type":"health_check","status":"warning","details":{"database":"healthy","supabase":"healthy","system":"warning"}}
{"timestamp":"2025-09-03T06:58:47.770Z","type":"health_check","status":"warning","details":{"database":"healthy","supabase":"healthy","system":"warning"}}
{"timestamp":"2025-09-03T06:59:02.380Z","type":"health_check","status":"warning","details":{"database":"healthy","supabase":"healthy","system":"warning"}}
{"timestamp":"2025-09-03T06:59:33.250Z","type":"health_check","status":"warning","details":{"database":"healthy","supabase":"healthy","system":"warning"}}
{"timestamp":"2025-09-03T06:59:47.881Z","type":"health_check","status":"warning","details":{"database":"healthy","supabase":"healthy","system":"warning"}}
{"timestamp":"2025-09-03T07:00:18.957Z","type":"health_check","status":"warning","details":{"database":"healthy","supabase":"healthy","system":"warning"}}
{"timestamp":"2025-09-03T07:00:30.897Z","type":"health_check","status":"warning","details":{"database":"slow","supabase":"healthy","system":"warning"}}
{"timestamp":"2025-09-03T07:00:30.872Z","type":"health_check","status":"warning","details":{"database":"slow","supabase":"healthy","system":"warning"}}
{"timestamp":"2025-09-03T07:01:00.879Z","type":"health_check","status":"warning","details":{"database":"slow","supabase":"healthy","system":"warning"}}
{"timestamp":"2025-09-03T07:01:00.909Z","type":"health_check","status":"warning","details":{"database":"slow","supabase":"healthy","system":"healthy"}}
{"timestamp":"2025-09-03T07:01:47.720Z","type":"health_check","status":"warning","details":{"database":"healthy","supabase":"healthy","system":"warning"}}
{"timestamp":"2025-09-03T07:02:14.304Z","type":"health_check","status":"warning","details":{"database":"healthy","supabase":"healthy","system":"warning"}}
{"timestamp":"2025-09-03T07:02:33.519Z","type":"health_check","status":"warning","details":{"database":"healthy","supabase":"healthy","system":"warning"}}
{"timestamp":"2025-09-03T07:03:00.037Z","type":"health_check","status":"warning","details":{"database":"healthy","supabase":"healthy","system":"warning"}}
{"timestamp":"2025-09-03T07:03:18.902Z","type":"health_check","status":"warning","details":{"database":"healthy","supabase":"healthy","system":"warning"}}
{"timestamp":"2025-09-03T07:03:45.582Z","type":"health_check","status":"warning","details":{"database":"healthy","supabase":"healthy","system":"warning"}}
{"timestamp":"2025-09-03T07:04:04.373Z","type":"health_check","status":"warning","details":{"database":"healthy","supabase":"healthy","system":"warning"}}
{"timestamp":"2025-09-03T07:04:30.924Z","type":"health_check","status":"warning","details":{"database":"healthy","supabase":"healthy","system":"warning"}}
{"timestamp":"2025-09-03T07:04:50.009Z","type":"health_check","status":"warning","details":{"database":"healthy","supabase":"healthy","system":"warning"}}
{"timestamp":"2025-09-03T07:05:31.523Z","type":"health_check","status":"warning","details":{"database":"healthy","supabase":"healthy","system":"warning"}}
{"timestamp":"2025-09-03T07:05:50.373Z","type":"health_check","status":"warning","details":{"database":"warning","supabase":"healthy","system":"warning"}}
{"timestamp":"2025-09-03T07:06:32.134Z","type":"health_check","status":"warning","details":{"database":"healthy","supabase":"healthy","system":"warning"}}
{"timestamp":"2025-09-03T07:06:36.925Z","type":"health_check","status":"warning","details":{"database":"healthy","supabase":"healthy","system":"warning"}}
{"timestamp":"2025-09-03T07:07:32.496Z","type":"health_check","status":"warning","details":{"database":"healthy","supabase":"healthy","system":"warning"}}
{"timestamp":"2025-09-03T07:07:37.563Z","type":"health_check","status":"warning","details":{"database":"healthy","supabase":"healthy","system":"warning"}}
{"timestamp":"2025-09-03T07:08:17.933Z","type":"health_check","status":"warning","details":{"database":"healthy","supabase":"healthy","system":"warning"}}
{"timestamp":"2025-09-03T07:08:38.446Z","type":"health_check","status":"warning","details":{"database":"healthy","supabase":"healthy","system":"warning"}}
{"timestamp":"2025-09-03T07:09:03.283Z","type":"health_check","status":"warning","details":{"database":"healthy","supabase":"healthy","system":"warning"}}
{"timestamp":"2025-09-03T07:09:39.370Z","type":"health_check","status":"warning","details":{"database":"healthy","supabase":"healthy","system":"warning"}}
{"timestamp":"2025-09-03T07:10:04.054Z","type":"health_check","status":"warning","details":{"database":"healthy","supabase":"healthy","system":"warning"}}
{"timestamp":"2025-09-03T07:10:40.165Z","type":"health_check","status":"warning","details":{"database":"healthy","supabase":"healthy","system":"warning"}}
{"timestamp":"2025-09-03T07:10:49.442Z","type":"health_check","status":"warning","details":{"database":"healthy","supabase":"healthy","system":"warning"}}
{"timestamp":"2025-09-03T07:11:40.643Z","type":"health_check","status":"warning","details":{"database":"healthy","supabase":"healthy","system":"warning"}}
{"timestamp":"2025-09-03T07:11:49.847Z","type":"health_check","status":"warning","details":{"database":"healthy","supabase":"healthy","system":"warning"}}
{"timestamp":"2025-09-03T07:12:42.088Z","type":"health_check","status":"warning","details":{"database":"healthy","supabase":"healthy","system":"warning"}}
{"timestamp":"2025-09-03T07:12:51.585Z","type":"health_check","status":"warning","details":{"database":"healthy","supabase":"healthy","system":"warning"}}
{"timestamp":"2025-09-03T07:13:27.917Z","type":"health_check","status":"warning","details":{"database":"healthy","supabase":"healthy","system":"warning"}}
{"timestamp":"2025-09-03T07:13:52.526Z","type":"health_check","status":"warning","details":{"database":"warning","supabase":"healthy","system":"warning"}}
{"timestamp":"2025-09-03T07:14:29.107Z","type":"health_check","status":"warning","details":{"database":"healthy","supabase":"healthy","system":"warning"}}
{"timestamp":"2025-09-03T07:14:54.037Z","type":"health_check","status":"warning","details":{"database":"healthy","supabase":"healthy","system":"warning"}}
{"timestamp":"2025-09-03T07:15:29.537Z","type":"health_check","status":"warning","details":{"database":"healthy","supabase":"healthy","system":"warning"}}
{"timestamp":"2025-09-03T07:15:39.910Z","type":"health_check","status":"warning","details":{"database":"healthy","supabase":"healthy","system":"warning"}}
{"timestamp":"2025-09-03T07:16:30.745Z","type":"health_check","status":"warning","details":{"database":"healthy","supabase":"healthy","system":"warning"}}
{"timestamp":"2025-09-03T07:16:40.707Z","type":"health_check","status":"warning","details":{"database":"healthy","supabase":"healthy","system":"warning"}}
{"timestamp":"2025-09-03T07:17:26.496Z","type":"health_check","status":"warning","details":{"database":"healthy","supabase":"healthy","system":"warning"}}
{"timestamp":"2025-09-03T07:17:31.534Z","type":"health_check","status":"warning","details":{"database":"healthy","supabase":"healthy","system":"warning"}}
{"timestamp":"2025-09-03T07:18:27.254Z","type":"health_check","status":"warning","details":{"database":"healthy","supabase":"healthy","system":"warning"}}
{"timestamp":"2025-09-03T07:18:31.900Z","type":"health_check","status":"healthy","details":{"database":"healthy","supabase":"healthy","system":"healthy"}}
{"timestamp":"2025-09-03T07:19:02.505Z","type":"health_check","status":"healthy","details":{"database":"healthy","supabase":"healthy","system":"healthy"}}
{"timestamp":"2025-09-03T07:19:27.752Z","type":"health_check","status":"healthy","details":{"database":"healthy","supabase":"healthy","system":"healthy"}}
{"timestamp":"2025-09-03T07:19:32.987Z","type":"health_check","status":"healthy","details":{"database":"healthy","supabase":"healthy","system":"healthy"}}
{"timestamp":"2025-09-03T07:19:58.737Z","type":"health_check","status":"healthy","details":{"database":"healthy","supabase":"healthy","system":"healthy"}}
{"timestamp":"2025-09-03T07:20:03.383Z","type":"health_check","status":"healthy","details":{"database":"healthy","supabase":"healthy","system":"healthy"}}
{"timestamp":"2025-09-03T07:20:29.739Z","type":"health_check","status":"healthy","details":{"database":"healthy","supabase":"healthy","system":"healthy"}}
{"timestamp":"2025-09-03T07:20:33.672Z","type":"health_check","status":"healthy","details":{"database":"healthy","supabase":"healthy","system":"healthy"}}
{"timestamp":"2025-09-03T07:21:00.507Z","type":"health_check","status":"healthy","details":{"database":"healthy","supabase":"healthy","system":"healthy"}}
{"timestamp":"2025-09-03T07:21:04.522Z","type":"health_check","status":"healthy","details":{"database":"healthy","supabase":"healthy","system":"healthy"}}
{"timestamp":"2025-09-03T07:21:31.294Z","type":"health_check","status":"healthy","details":{"database":"healthy","supabase":"healthy","system":"healthy"}}
{"timestamp":"2025-09-03T07:21:34.714Z","type":"health_check","status":"healthy","details":{"database":"healthy","supabase":"healthy","system":"healthy"}}
{"timestamp":"2025-09-03T07:22:02.768Z","type":"health_check","status":"healthy","details":{"database":"healthy","supabase":"healthy","system":"healthy"}}
{"timestamp":"2025-09-03T07:22:05.039Z","type":"health_check","status":"healthy","details":{"database":"healthy","supabase":"healthy","system":"healthy"}}
{"timestamp":"2025-09-03T07:22:33.641Z","type":"health_check","status":"healthy","details":{"database":"healthy","supabase":"healthy","system":"healthy"}}
{"timestamp":"2025-09-03T07:22:35.435Z","type":"health_check","status":"healthy","details":{"database":"healthy","supabase":"healthy","system":"healthy"}}
{"timestamp":"2025-09-03T07:23:04.465Z","type":"health_check","status":"healthy","details":{"database":"healthy","supabase":"healthy","system":"healthy"}}
{"timestamp":"2025-09-03T07:23:05.848Z","type":"health_check","status":"healthy","details":{"database":"healthy","supabase":"healthy","system":"healthy"}}
{"timestamp":"2025-09-03T07:23:51.191Z","type":"health_check","status":"healthy","details":{"database":"healthy","supabase":"healthy","system":"healthy"}}
{"timestamp":"2025-09-03T07:23:50.782Z","type":"health_check","status":"healthy","details":{"database":"healthy","supabase":"healthy","system":"healthy"}}
{"timestamp":"2025-09-03T07:24:36.806Z","type":"health_check","status":"healthy","details":{"database":"healthy","supabase":"healthy","system":"healthy"}}
{"timestamp":"2025-09-03T07:24:36.712Z","type":"health_check","status":"healthy","details":{"database":"healthy","supabase":"healthy","system":"healthy"}}
{"timestamp":"2025-09-03T07:25:22.964Z","type":"health_check","status":"healthy","details":{"database":"healthy","supabase":"healthy","system":"healthy"}}
{"timestamp":"2025-09-03T07:25:22.781Z","type":"health_check","status":"warning","details":{"database":"healthy","supabase":"healthy","system":"warning"}}
{"timestamp":"2025-09-03T07:26:08.584Z","type":"health_check","status":"warning","details":{"database":"healthy","supabase":"healthy","system":"warning"}}
{"timestamp":"2025-09-03T07:26:08.630Z","type":"health_check","status":"warning","details":{"database":"healthy","supabase":"healthy","system":"warning"}}
{"timestamp":"2025-09-03T07:26:55.071Z","type":"health_check","status":"warning","details":{"database":"healthy","supabase":"healthy","system":"warning"}}
{"timestamp":"2025-09-03T07:26:54.778Z","type":"health_check","status":"warning","details":{"database":"healthy","supabase":"healthy","system":"warning"}}
{"timestamp":"2025-09-03T07:27:40.712Z","type":"health_check","status":"healthy","details":{"database":"healthy","supabase":"healthy","system":"healthy"}}
{"timestamp":"2025-09-03T07:27:40.605Z","type":"health_check","status":"warning","details":{"database":"healthy","supabase":"healthy","system":"warning"}}
{"timestamp":"2025-09-03T07:28:27.165Z","type":"health_check","status":"warning","details":{"database":"healthy","supabase":"healthy","system":"warning"}}
{"timestamp":"2025-09-03T07:28:27.644Z","type":"health_check","status":"warning","details":{"database":"healthy","supabase":"healthy","system":"warning"}}
{"timestamp":"2025-09-03T07:29:13.175Z","type":"health_check","status":"warning","details":{"database":"healthy","supabase":"healthy","system":"warning"}}
{"timestamp":"2025-09-03T07:29:13.453Z","type":"health_check","status":"warning","details":{"database":"healthy","supabase":"healthy","system":"warning"}}
{"timestamp":"2025-09-03T07:29:59.098Z","type":"health_check","status":"warning","details":{"database":"healthy","supabase":"healthy","system":"warning"}}
{"timestamp":"2025-09-03T07:30:14.153Z","type":"health_check","status":"warning","details":{"database":"healthy","supabase":"healthy","system":"warning"}}
{"timestamp":"2025-09-03T07:30:45.273Z","type":"health_check","status":"warning","details":{"database":"healthy","supabase":"healthy","system":"warning"}}
{"timestamp":"2025-09-03T07:31:15.399Z","type":"health_check","status":"warning","details":{"database":"healthy","supabase":"healthy","system":"warning"}}
{"timestamp":"2025-09-03T07:31:45.932Z","type":"health_check","status":"warning","details":{"database":"warning","supabase":"healthy","system":"warning"}}
{"timestamp":"2025-09-03T07:32:16.895Z","type":"health_check","status":"warning","details":{"database":"slow","supabase":"healthy","system":"healthy"}}
{"timestamp":"2025-09-03T07:32:32.577Z","type":"health_check","status":"warning","details":{"database":"slow","supabase":"healthy","system":"healthy"}}
{"timestamp":"2025-09-03T07:32:57.861Z","type":"health_check","status":"warning","details":{"database":"slow","supabase":"healthy","system":"healthy"}}
{"timestamp":"2025-09-03T07:33:10.967Z","type":"health_check","status":"warning","details":{"database":"slow","supabase":"healthy","system":"healthy"}}
{"timestamp":"2025-09-03T07:33:35.688Z","type":"health_check","status":"warning","details":{"database":"slow","supabase":"healthy","system":"healthy"}}
{"timestamp":"2025-09-03T07:33:51.895Z","type":"health_check","status":"warning","details":{"database":"slow","supabase":"healthy","system":"healthy"}}
{"timestamp":"2025-09-03T07:34:23.855Z","type":"health_check","status":"warning","details":{"database":"slow","supabase":"healthy","system":"healthy"}}
{"timestamp":"2025-09-03T07:34:30.003Z","type":"health_check","status":"warning","details":{"database":"slow","supabase":"healthy","system":"healthy"}}
{"timestamp":"2025-09-03T07:35:03.477Z","type":"health_check","status":"warning","details":{"database":"slow","supabase":"healthy","system":"healthy"}}
{"timestamp":"2025-09-03T07:35:03.602Z","type":"health_check","status":"warning","details":{"database":"slow","supabase":"healthy","system":"healthy"}}
{"timestamp":"2025-09-03T07:35:46.853Z","type":"health_check","status":"warning","details":{"database":"slow","supabase":"healthy","system":"healthy"}}
{"timestamp":"2025-09-03T07:35:45.969Z","type":"health_check","status":"warning","details":{"database":"slow","supabase":"healthy","system":"healthy"}}
{"timestamp":"2025-09-03T07:36:22.795Z","type":"health_check","status":"warning","details":{"database":"slow","supabase":"healthy","system":"healthy"}}
{"timestamp":"2025-09-03T07:36:26.267Z","type":"health_check","status":"warning","details":{"database":"slow","supabase":"healthy","system":"healthy"}}
{"timestamp":"2025-09-03T07:37:03.862Z","type":"health_check","status":"warning","details":{"database":"slow","supabase":"healthy","system":"healthy"}}
{"timestamp":"2025-09-03T07:37:03.923Z","type":"health_check","status":"warning","details":{"database":"slow","supabase":"healthy","system":"healthy"}}
{"timestamp":"2025-09-03T07:38:01.991Z","type":"health_check","status":"warning","details":{"database":"slow","supabase":"healthy","system":"healthy"}}
{"timestamp":"2025-09-03T07:37:59.830Z","type":"health_check","status":"warning","details":{"database":"slow","supabase":"healthy","system":"healthy"}}
{"timestamp":"2025-09-03T07:38:36.196Z","type":"health_check","status":"warning","details":{"database":"slow","supabase":"healthy","system":"healthy"}}
{"timestamp":"2025-09-03T07:38:35.352Z","type":"health_check","status":"warning","details":{"database":"slow","supabase":"healthy","system":"healthy"}}
{"timestamp":"2025-09-03T07:39:33.557Z","type":"health_check","status":"warning","details":{"database":"slow","supabase":"warning","system":"healthy"}}
{"timestamp":"2025-09-03T07:39:33.526Z","type":"health_check","status":"warning","details":{"database":"slow","supabase":"warning","system":"healthy"}}
{"timestamp":"2025-09-03T07:40:41.247Z","type":"health_check","status":"error","details":{"database":"error","supabase":"warning","system":"healthy"}}
{"timestamp":"2025-09-03T07:40:41.418Z","type":"health_check","status":"error","details":{"database":"error","supabase":"warning","system":"healthy"}}
{"timestamp":"2025-09-03T07:41:31.852Z","type":"health_check","status":"healthy","details":{"database":"healthy","supabase":"healthy","system":"healthy"}}
{"timestamp":"2025-09-03T07:41:31.883Z","type":"health_check","status":"healthy","details":{"database":"healthy","supabase":"healthy","system":"healthy"}}
{"timestamp":"2025-09-03T07:42:02.602Z","type":"health_check","status":"healthy","details":{"database":"healthy","supabase":"healthy","system":"healthy"}}
{"timestamp":"2025-09-03T07:42:02.541Z","type":"health_check","status":"healthy","details":{"database":"healthy","supabase":"healthy","system":"healthy"}}
{"timestamp":"2025-09-03T07:42:33.170Z","type":"health_check","status":"healthy","details":{"database":"healthy","supabase":"healthy","system":"healthy"}}
{"timestamp":"2025-09-03T07:42:33.154Z","type":"health_check","status":"healthy","details":{"database":"healthy","supabase":"healthy","system":"healthy"}}
{"timestamp":"2025-09-03T07:43:03.496Z","type":"health_check","status":"healthy","details":{"database":"healthy","supabase":"healthy","system":"healthy"}}
{"timestamp":"2025-09-03T07:43:03.604Z","type":"health_check","status":"healthy","details":{"database":"healthy","supabase":"healthy","system":"healthy"}}
{"timestamp":"2025-09-03T07:43:33.924Z","type":"health_check","status":"healthy","details":{"database":"healthy","supabase":"healthy","system":"healthy"}}
{"timestamp":"2025-09-03T07:43:34.077Z","type":"health_check","status":"healthy","details":{"database":"healthy","supabase":"healthy","system":"healthy"}}
{"timestamp":"2025-09-03T07:44:19.692Z","type":"health_check","status":"healthy","details":{"database":"healthy","supabase":"healthy","system":"healthy"}}
{"timestamp":"2025-09-03T07:44:19.697Z","type":"health_check","status":"healthy","details":{"database":"healthy","supabase":"healthy","system":"healthy"}}
{"timestamp":"2025-09-03T07:44:50.312Z","type":"health_check","status":"healthy","details":{"database":"healthy","supabase":"healthy","system":"healthy"}}
{"timestamp":"2025-09-03T07:44:50.281Z","type":"health_check","status":"healthy","details":{"database":"healthy","supabase":"healthy","system":"healthy"}}
{"timestamp":"2025-09-03T07:45:35.728Z","type":"health_check","status":"healthy","details":{"database":"healthy","supabase":"healthy","system":"healthy"}}
{"timestamp":"2025-09-03T07:45:35.723Z","type":"health_check","status":"healthy","details":{"database":"healthy","supabase":"healthy","system":"healthy"}}
{"timestamp":"2025-09-03T07:46:21.665Z","type":"health_check","status":"healthy","details":{"database":"healthy","supabase":"healthy","system":"healthy"}}
{"timestamp":"2025-09-03T07:46:21.605Z","type":"health_check","status":"healthy","details":{"database":"healthy","supabase":"healthy","system":"healthy"}}
{"timestamp":"2025-09-03T07:47:07.361Z","type":"health_check","status":"warning","details":{"database":"healthy","supabase":"healthy","system":"warning"}}
{"timestamp":"2025-09-03T07:47:07.376Z","type":"health_check","status":"warning","details":{"database":"healthy","supabase":"healthy","system":"warning"}}
{"timestamp":"2025-09-03T07:47:53.199Z","type":"health_check","status":"warning","details":{"database":"slow","supabase":"healthy","system":"warning"}}
{"timestamp":"2025-09-03T07:47:53.276Z","type":"health_check","status":"warning","details":{"database":"slow","supabase":"healthy","system":"warning"}}
{"timestamp":"2025-09-03T07:48:47.633Z","type":"health_check","status":"warning","details":{"database":"healthy","supabase":"healthy","system":"warning"}}
{"timestamp":"2025-09-03T07:48:47.625Z","type":"health_check","status":"warning","details":{"database":"healthy","supabase":"healthy","system":"warning"}}
{"timestamp":"2025-09-03T07:49:34.562Z","type":"health_check","status":"warning","details":{"database":"warning","supabase":"healthy","system":"warning"}}
{"timestamp":"2025-09-03T07:49:34.547Z","type":"health_check","status":"warning","details":{"database":"warning","supabase":"healthy","system":"warning"}}
{"timestamp":"2025-09-03T07:50:21.631Z","type":"health_check","status":"warning","details":{"database":"healthy","supabase":"healthy","system":"warning"}}
{"timestamp":"2025-09-03T07:50:21.801Z","type":"health_check","status":"warning","details":{"database":"healthy","supabase":"healthy","system":"warning"}}
{"timestamp":"2025-09-03T07:51:07.438Z","type":"health_check","status":"warning","details":{"database":"healthy","supabase":"healthy","system":"warning"}}
{"timestamp":"2025-09-03T07:51:07.485Z","type":"health_check","status":"warning","details":{"database":"healthy","supabase":"healthy","system":"warning"}}
{"timestamp":"2025-09-03T07:51:52.863Z","type":"health_check","status":"warning","details":{"database":"healthy","supabase":"healthy","system":"warning"}}
{"timestamp":"2025-09-03T07:51:52.869Z","type":"health_check","status":"warning","details":{"database":"healthy","supabase":"healthy","system":"warning"}}
{"timestamp":"2025-09-03T07:52:53.332Z","type":"health_check","status":"warning","details":{"database":"slow","supabase":"healthy","system":"warning"}}
{"timestamp":"2025-09-03T07:52:53.241Z","type":"health_check","status":"warning","details":{"database":"slow","supabase":"healthy","system":"warning"}}
{"timestamp":"2025-09-03T07:54:07.528Z","type":"health_check","status":"warning","details":{"database":"healthy","supabase":"healthy","system":"warning"}}
{"timestamp":"2025-09-03T07:54:08.295Z","type":"health_check","status":"warning","details":{"database":"healthy","supabase":"healthy","system":"warning"}}
{"timestamp":"2025-09-03T07:54:53.481Z","type":"health_check","status":"error","details":{"database":"error","supabase":"warning","system":"healthy"}}
{"timestamp":"2025-09-03T07:55:07.866Z","type":"health_check","status":"error","details":{"database":"error","supabase":"healthy","system":"healthy"}}
{"timestamp":"2025-09-03T07:55:42.756Z","type":"health_check","status":"warning","details":{"database":"slow","supabase":"healthy","system":"healthy"}}
{"timestamp":"2025-09-03T07:55:58.965Z","type":"health_check","status":"warning","details":{"database":"warning","supabase":"healthy","system":"healthy"}}
{"timestamp":"2025-09-03T07:56:35.173Z","type":"health_check","status":"warning","details":{"database":"slow","supabase":"healthy","system":"healthy"}}
{"timestamp":"2025-09-03T07:56:32.884Z","type":"health_check","status":"warning","details":{"database":"slow","supabase":"healthy","system":"healthy"}}
{"timestamp":"2025-09-03T07:57:14.419Z","type":"health_check","status":"healthy","details":{"database":"healthy","supabase":"healthy","system":"healthy"}}
{"timestamp":"2025-09-03T07:57:18.801Z","type":"health_check","status":"healthy","details":{"database":"healthy","supabase":"healthy","system":"healthy"}}
{"timestamp":"2025-09-03T07:57:45.289Z","type":"health_check","status":"healthy","details":{"database":"healthy","supabase":"healthy","system":"healthy"}}
{"timestamp":"2025-09-03T07:57:48.988Z","type":"health_check","status":"healthy","details":{"database":"healthy","supabase":"healthy","system":"healthy"}}
{"timestamp":"2025-09-03T07:58:15.811Z","type":"health_check","status":"healthy","details":{"database":"healthy","supabase":"healthy","system":"healthy"}}
{"timestamp":"2025-09-03T07:58:19.202Z","type":"health_check","status":"healthy","details":{"database":"healthy","supabase":"healthy","system":"healthy"}}
{"timestamp":"2025-09-03T07:58:46.157Z","type":"health_check","status":"healthy","details":{"database":"healthy","supabase":"healthy","system":"healthy"}}
{"timestamp":"2025-09-03T07:58:51.191Z","type":"health_check","status":"healthy","details":{"database":"healthy","supabase":"healthy","system":"healthy"}}
{"timestamp":"2025-09-03T07:59:17.160Z","type":"health_check","status":"warning","details":{"database":"slow","supabase":"healthy","system":"healthy"}}
{"timestamp":"2025-09-03T07:59:21.566Z","type":"health_check","status":"healthy","details":{"database":"healthy","supabase":"healthy","system":"healthy"}}
{"timestamp":"2025-09-03T07:59:51.711Z","type":"health_check","status":"healthy","details":{"database":"healthy","supabase":"healthy","system":"healthy"}}
{"timestamp":"2025-09-03T07:59:51.805Z","type":"health_check","status":"healthy","details":{"database":"healthy","supabase":"healthy","system":"healthy"}}
{"timestamp":"2025-09-03T08:00:37.167Z","type":"health_check","status":"healthy","details":{"database":"healthy","supabase":"healthy","system":"healthy"}}
{"timestamp":"2025-09-03T08:00:37.288Z","type":"health_check","status":"healthy","details":{"database":"healthy","supabase":"healthy","system":"healthy"}}
{"timestamp":"2025-09-03T08:01:07.478Z","type":"health_check","status":"warning","details":{"database":"slow","supabase":"healthy","system":"healthy"}}
{"timestamp":"2025-09-03T08:01:07.556Z","type":"health_check","status":"warning","details":{"database":"slow","supabase":"healthy","system":"healthy"}}
{"timestamp":"2025-09-03T08:01:55.483Z","type":"health_check","status":"warning","details":{"database":"slow","supabase":"healthy","system":"healthy"}}
{"timestamp":"2025-09-03T08:01:55.639Z","type":"health_check","status":"warning","details":{"database":"slow","supabase":"healthy","system":"healthy"}}
{"timestamp":"2025-09-03T08:02:50.424Z","type":"health_check","status":"warning","details":{"database":"slow","supabase":"healthy","system":"healthy"}}
{"timestamp":"2025-09-03T08:02:50.439Z","type":"health_check","status":"warning","details":{"database":"slow","supabase":"healthy","system":"healthy"}}
{"timestamp":"2025-09-03T08:03:39.753Z","type":"health_check","status":"warning","details":{"database":"healthy","supabase":"healthy","system":"warning"}}
{"timestamp":"2025-09-03T08:03:39.749Z","type":"health_check","status":"warning","details":{"database":"healthy","supabase":"healthy","system":"warning"}}
{"timestamp":"2025-09-03T08:04:25.700Z","type":"health_check","status":"healthy","details":{"database":"healthy","supabase":"healthy","system":"healthy"}}
{"timestamp":"2025-09-03T08:04:25.639Z","type":"health_check","status":"healthy","details":{"database":"healthy","supabase":"healthy","system":"healthy"}}
{"timestamp":"2025-09-03T08:05:11.333Z","type":"health_check","status":"warning","details":{"database":"healthy","supabase":"healthy","system":"warning"}}
{"timestamp":"2025-09-03T08:05:11.364Z","type":"health_check","status":"warning","details":{"database":"healthy","supabase":"healthy","system":"warning"}}
{"timestamp":"2025-09-03T08:05:56.885Z","type":"health_check","status":"healthy","details":{"database":"healthy","supabase":"healthy","system":"healthy"}}
{"timestamp":"2025-09-03T08:05:57.040Z","type":"health_check","status":"healthy","details":{"database":"healthy","supabase":"healthy","system":"healthy"}}
{"timestamp":"2025-09-03T08:06:27.406Z","type":"health_check","status":"healthy","details":{"database":"healthy","supabase":"healthy","system":"healthy"}}
{"timestamp":"2025-09-03T08:06:27.392Z","type":"health_check","status":"healthy","details":{"database":"healthy","supabase":"healthy","system":"healthy"}}
{"timestamp":"2025-09-03T08:06:57.723Z","type":"health_check","status":"healthy","details":{"database":"healthy","supabase":"healthy","system":"healthy"}}
{"timestamp":"2025-09-03T08:06:57.720Z","type":"health_check","status":"healthy","details":{"database":"healthy","supabase":"healthy","system":"healthy"}}
{"timestamp":"2025-09-03T08:07:27.985Z","type":"health_check","status":"healthy","details":{"database":"healthy","supabase":"healthy","system":"healthy"}}
{"timestamp":"2025-09-03T08:07:28.093Z","type":"health_check","status":"healthy","details":{"database":"healthy","supabase":"healthy","system":"healthy"}}
{"timestamp":"2025-09-03T08:07:58.330Z","type":"health_check","status":"healthy","details":{"database":"healthy","supabase":"healthy","system":"healthy"}}
{"timestamp":"2025-09-03T08:07:58.346Z","type":"health_check","status":"healthy","details":{"database":"healthy","supabase":"healthy","system":"healthy"}}
{"timestamp":"2025-09-03T08:08:28.656Z","type":"health_check","status":"healthy","details":{"database":"healthy","supabase":"healthy","system":"healthy"}}
{"timestamp":"2025-09-03T08:08:28.717Z","type":"health_check","status":"healthy","details":{"database":"healthy","supabase":"healthy","system":"healthy"}}
{"timestamp":"2025-09-03T08:08:59.090Z","type":"health_check","status":"healthy","details":{"database":"healthy","supabase":"healthy","system":"healthy"}}
{"timestamp":"2025-09-03T08:09:30.547Z","type":"health_check","status":"warning","details":{"database":"warning","supabase":"healthy","system":"healthy"}}
{"timestamp":"2025-09-03T08:09:14.014Z","type":"health_check","status":"warning","details":{"database":"slow","supabase":"healthy","system":"healthy"}}
{"timestamp":"2025-09-03T08:10:18.616Z","type":"health_check","status":"warning","details":{"database":"slow","supabase":"healthy","system":"healthy"}}
{"timestamp":"2025-09-03T08:10:20.634Z","type":"health_check","status":"warning","details":{"database":"warning","supabase":"healthy","system":"healthy"}}
{"timestamp":"2025-09-03T08:11:07.408Z","type":"health_check","status":"healthy","details":{"database":"healthy","supabase":"healthy","system":"healthy"}}
{"timestamp":"2025-09-03T08:11:07.500Z","type":"health_check","status":"healthy","details":{"database":"healthy","supabase":"healthy","system":"healthy"}}
{"timestamp":"2025-09-03T08:11:53.098Z","type":"health_check","status":"healthy","details":{"database":"healthy","supabase":"healthy","system":"healthy"}}
{"timestamp":"2025-09-03T08:11:53.220Z","type":"health_check","status":"healthy","details":{"database":"healthy","supabase":"healthy","system":"healthy"}}
{"timestamp":"2025-09-03T08:12:38.438Z","type":"health_check","status":"warning","details":{"database":"slow","supabase":"healthy","system":"healthy"}}
{"timestamp":"2025-09-03T08:12:38.547Z","type":"health_check","status":"warning","details":{"database":"slow","supabase":"healthy","system":"healthy"}}
{"timestamp":"2025-09-03T08:13:26.947Z","type":"health_check","status":"warning","details":{"database":"healthy","supabase":"healthy","system":"warning"}}
{"timestamp":"2025-09-03T08:13:27.333Z","type":"health_check","status":"warning","details":{"database":"healthy","supabase":"healthy","system":"warning"}}
{"timestamp":"2025-09-03T08:14:12.623Z","type":"health_check","status":"warning","details":{"database":"healthy","supabase":"healthy","system":"warning"}}
{"timestamp":"2025-09-03T08:14:12.662Z","type":"health_check","status":"warning","details":{"database":"healthy","supabase":"healthy","system":"warning"}}
{"timestamp":"2025-09-03T08:14:58.090Z","type":"health_check","status":"warning","details":{"database":"healthy","supabase":"healthy","system":"warning"}}
{"timestamp":"2025-09-03T08:14:58.095Z","type":"health_check","status":"warning","details":{"database":"healthy","supabase":"healthy","system":"warning"}}
{"timestamp":"2025-09-03T08:15:43.481Z","type":"health_check","status":"warning","details":{"database":"warning","supabase":"healthy","system":"warning"}}
{"timestamp":"2025-09-03T08:15:43.496Z","type":"health_check","status":"warning","details":{"database":"warning","supabase":"healthy","system":"warning"}}
{"timestamp":"2025-09-03T08:16:29.902Z","type":"health_check","status":"warning","details":{"database":"healthy","supabase":"healthy","system":"warning"}}
{"timestamp":"2025-09-03T08:16:29.840Z","type":"health_check","status":"warning","details":{"database":"healthy","supabase":"healthy","system":"warning"}}
{"timestamp":"2025-09-03T08:17:15.826Z","type":"health_check","status":"warning","details":{"database":"slow","supabase":"warning","system":"warning"}}
{"timestamp":"2025-09-03T08:17:30.816Z","type":"health_check","status":"warning","details":{"database":"slow","supabase":"warning","system":"warning"}}
{"timestamp":"2025-09-03T08:18:19.545Z","type":"health_check","status":"error","details":{"database":"error","supabase":"healthy","system":"healthy"}}
{"timestamp":"2025-09-03T08:18:24.544Z","type":"health_check","status":"warning","details":{"database":"slow","supabase":"healthy","system":"healthy"}}
{"timestamp":"2025-09-03T08:18:59.141Z","type":"health_check","status":"healthy","details":{"database":"healthy","supabase":"healthy","system":"healthy"}}
{"timestamp":"2025-09-03T08:18:59.017Z","type":"health_check","status":"healthy","details":{"database":"healthy","supabase":"healthy","system":"healthy"}}
{"timestamp":"2025-09-03T08:19:29.467Z","type":"health_check","status":"healthy","details":{"database":"healthy","supabase":"healthy","system":"healthy"}}
{"timestamp":"2025-09-03T08:19:29.757Z","type":"health_check","status":"healthy","details":{"database":"healthy","supabase":"healthy","system":"healthy"}}
{"timestamp":"2025-09-03T08:20:00.241Z","type":"health_check","status":"healthy","details":{"database":"healthy","supabase":"healthy","system":"healthy"}}
{"timestamp":"2025-09-03T08:20:00.088Z","type":"health_check","status":"healthy","details":{"database":"healthy","supabase":"healthy","system":"healthy"}}
{"timestamp":"2025-09-03T08:20:30.705Z","type":"health_check","status":"healthy","details":{"database":"healthy","supabase":"healthy","system":"healthy"}}
{"timestamp":"2025-09-03T08:20:30.720Z","type":"health_check","status":"healthy","details":{"database":"healthy","supabase":"healthy","system":"healthy"}}
{"timestamp":"2025-09-03T08:21:01.007Z","type":"health_check","status":"healthy","details":{"database":"healthy","supabase":"healthy","system":"healthy"}}
{"timestamp":"2025-09-03T08:21:01.026Z","type":"health_check","status":"healthy","details":{"database":"healthy","supabase":"healthy","system":"healthy"}}
{"timestamp":"2025-09-03T08:21:31.420Z","type":"health_check","status":"healthy","details":{"database":"healthy","supabase":"healthy","system":"healthy"}}
{"timestamp":"2025-09-03T08:21:46.424Z","type":"health_check","status":"healthy","details":{"database":"healthy","supabase":"healthy","system":"healthy"}}
{"timestamp":"2025-09-03T08:22:02.083Z","type":"health_check","status":"healthy","details":{"database":"healthy","supabase":"healthy","system":"healthy"}}
{"timestamp":"2025-09-03T08:22:31.696Z","type":"health_check","status":"healthy","details":{"database":"healthy","supabase":"healthy","system":"healthy"}}
{"timestamp":"2025-09-03T08:22:47.396Z","type":"health_check","status":"healthy","details":{"database":"healthy","supabase":"healthy","system":"healthy"}}
{"timestamp":"2025-09-03T08:23:16.967Z","type":"health_check","status":"healthy","details":{"database":"healthy","supabase":"healthy","system":"healthy"}}
{"timestamp":"2025-09-03T08:23:32.772Z","type":"health_check","status":"healthy","details":{"database":"healthy","supabase":"healthy","system":"healthy"}}
{"timestamp":"2025-09-03T08:24:02.770Z","type":"health_check","status":"warning","details":{"database":"healthy","supabase":"healthy","system":"warning"}}
{"timestamp":"2025-09-03T08:24:18.096Z","type":"health_check","status":"warning","details":{"database":"healthy","supabase":"healthy","system":"warning"}}
{"timestamp":"2025-09-03T08:24:48.276Z","type":"health_check","status":"warning","details":{"database":"healthy","supabase":"healthy","system":"warning"}}
{"timestamp":"2025-09-03T08:25:03.394Z","type":"health_check","status":"warning","details":{"database":"healthy","supabase":"healthy","system":"warning"}}
{"timestamp":"2025-09-03T08:25:33.552Z","type":"health_check","status":"warning","details":{"database":"healthy","supabase":"healthy","system":"warning"}}
{"timestamp":"2025-09-03T08:25:49.530Z","type":"health_check","status":"warning","details":{"database":"healthy","supabase":"healthy","system":"warning"}}
{"timestamp":"2025-09-03T08:26:49.904Z","type":"health_check","status":"warning","details":{"database":"healthy","supabase":"healthy","system":"warning"}}
{"timestamp":"2025-09-03T08:26:18.946Z","type":"health_check","status":"warning","details":{"database":"healthy","supabase":"warning","system":"warning"}}
{"timestamp":"2025-09-03T08:27:35.662Z","type":"health_check","status":"healthy","details":{"database":"healthy","supabase":"healthy","system":"healthy"}}
{"timestamp":"2025-09-03T08:28:04.245Z","type":"health_check","status":"warning","details":{"database":"healthy","supabase":"healthy","system":"warning"}}
{"timestamp":"2025-09-03T08:28:21.021Z","type":"health_check","status":"warning","details":{"database":"healthy","supabase":"healthy","system":"warning"}}
{"timestamp":"2025-09-03T08:28:49.777Z","type":"health_check","status":"healthy","details":{"database":"healthy","supabase":"healthy","system":"healthy"}}
{"timestamp":"2025-09-03T08:29:06.403Z","type":"health_check","status":"warning","details":{"database":"healthy","supabase":"healthy","system":"warning"}}
{"timestamp":"2025-09-03T08:29:35.529Z","type":"health_check","status":"warning","details":{"database":"healthy","supabase":"healthy","system":"warning"}}
{"timestamp":"2025-09-03T08:29:51.798Z","type":"health_check","status":"warning","details":{"database":"slow","supabase":"healthy","system":"warning"}}
{"timestamp":"2025-09-03T08:30:20.948Z","type":"health_check","status":"warning","details":{"database":"healthy","supabase":"healthy","system":"warning"}}
{"timestamp":"2025-09-03T08:30:40.226Z","type":"health_check","status":"warning","details":{"database":"healthy","supabase":"healthy","system":"warning"}}
{"timestamp":"2025-09-03T08:31:21.260Z","type":"health_check","status":"warning","details":{"database":"healthy","supabase":"healthy","system":"warning"}}
{"timestamp":"2025-09-03T08:31:40.944Z","type":"health_check","status":"warning","details":{"database":"healthy","supabase":"healthy","system":"warning"}}
{"timestamp":"2025-09-03T08:32:21.756Z","type":"health_check","status":"warning","details":{"database":"healthy","supabase":"healthy","system":"warning"}}
{"timestamp":"2025-09-03T08:32:26.517Z","type":"health_check","status":"warning","details":{"database":"healthy","supabase":"healthy","system":"warning"}}
{"timestamp":"2025-09-03T08:33:07.079Z","type":"health_check","status":"warning","details":{"database":"healthy","supabase":"healthy","system":"warning"}}
{"timestamp":"2025-09-03T08:33:12.122Z","type":"health_check","status":"warning","details":{"database":"healthy","supabase":"healthy","system":"warning"}}
{"timestamp":"2025-09-03T08:33:52.474Z","type":"health_check","status":"warning","details":{"database":"healthy","supabase":"healthy","system":"warning"}}
{"timestamp":"2025-09-03T08:34:12.705Z","type":"health_check","status":"warning","details":{"database":"healthy","supabase":"healthy","system":"warning"}}
{"timestamp":"2025-09-03T08:34:38.031Z","type":"health_check","status":"warning","details":{"database":"healthy","supabase":"healthy","system":"warning"}}
{"timestamp":"2025-09-03T08:35:13.328Z","type":"health_check","status":"warning","details":{"database":"healthy","supabase":"healthy","system":"warning"}}
{"timestamp":"2025-09-03T08:35:38.371Z","type":"health_check","status":"warning","details":{"database":"healthy","supabase":"healthy","system":"warning"}}
{"timestamp":"2025-09-03T08:36:13.762Z","type":"health_check","status":"warning","details":{"database":"healthy","supabase":"healthy","system":"warning"}}
{"timestamp":"2025-09-03T08:36:38.693Z","type":"health_check","status":"warning","details":{"database":"healthy","supabase":"healthy","system":"warning"}}
{"timestamp":"2025-09-03T08:36:59.460Z","type":"health_check","status":"warning","details":{"database":"healthy","supabase":"healthy","system":"warning"}}
{"timestamp":"2025-09-03T08:37:39.090Z","type":"health_check","status":"warning","details":{"database":"healthy","supabase":"healthy","system":"warning"}}
{"timestamp":"2025-09-03T08:37:59.859Z","type":"health_check","status":"warning","details":{"database":"healthy","supabase":"healthy","system":"warning"}}
{"timestamp":"2025-09-03T08:38:24.553Z","type":"health_check","status":"warning","details":{"database":"healthy","supabase":"healthy","system":"warning"}}
{"timestamp":"2025-09-03T08:39:00.560Z","type":"health_check","status":"warning","details":{"database":"healthy","supabase":"healthy","system":"warning"}}
{"timestamp":"2025-09-03T08:39:24.907Z","type":"health_check","status":"warning","details":{"database":"healthy","supabase":"healthy","system":"warning"}}
{"timestamp":"2025-09-03T08:40:00.911Z","type":"health_check","status":"warning","details":{"database":"healthy","supabase":"healthy","system":"warning"}}
{"timestamp":"2025-09-03T08:40:25.187Z","type":"health_check","status":"warning","details":{"database":"healthy","supabase":"healthy","system":"warning"}}
{"timestamp":"2025-09-03T08:40:47.004Z","type":"health_check","status":"warning","details":{"database":"healthy","supabase":"healthy","system":"warning"}}
{"timestamp":"2025-09-03T08:41:25.506Z","type":"health_check","status":"warning","details":{"database":"healthy","supabase":"healthy","system":"warning"}}
{"timestamp":"2025-09-03T08:41:47.380Z","type":"health_check","status":"warning","details":{"database":"healthy","supabase":"healthy","system":"warning"}}
{"timestamp":"2025-09-03T08:42:25.966Z","type":"health_check","status":"warning","details":{"database":"healthy","supabase":"healthy","system":"warning"}}
{"timestamp":"2025-09-03T08:42:47.978Z","type":"health_check","status":"warning","details":{"database":"healthy","supabase":"healthy","system":"warning"}}
{"timestamp":"2025-09-03T08:43:26.303Z","type":"health_check","status":"warning","details":{"database":"healthy","supabase":"healthy","system":"warning"}}
{"timestamp":"2025-09-03T08:43:48.373Z","type":"health_check","status":"healthy","details":{"database":"healthy","supabase":"healthy","system":"healthy"}}
{"timestamp":"2025-09-03T08:44:18.936Z","type":"health_check","status":"warning","details":{"database":"warning","supabase":"healthy","system":"healthy"}}
{"timestamp":"2025-09-03T08:44:26.774Z","type":"health_check","status":"healthy","details":{"database":"healthy","supabase":"healthy","system":"healthy"}}
{"timestamp":"2025-09-03T08:44:50.526Z","type":"health_check","status":"healthy","details":{"database":"healthy","supabase":"healthy","system":"healthy"}}
{"timestamp":"2025-09-03T08:44:57.045Z","type":"health_check","status":"healthy","details":{"database":"healthy","supabase":"healthy","system":"healthy"}}
{"timestamp":"2025-09-03T08:45:20.967Z","type":"health_check","status":"healthy","details":{"database":"healthy","supabase":"healthy","system":"healthy"}}
{"timestamp":"2025-09-03T08:45:27.546Z","type":"health_check","status":"healthy","details":{"database":"healthy","supabase":"healthy","system":"healthy"}}
{"timestamp":"2025-09-03T08:45:51.606Z","type":"health_check","status":"healthy","details":{"database":"healthy","supabase":"healthy","system":"healthy"}}
{"timestamp":"2025-09-03T08:45:57.871Z","type":"health_check","status":"healthy","details":{"database":"healthy","supabase":"healthy","system":"healthy"}}
{"timestamp":"2025-09-03T08:46:21.964Z","type":"health_check","status":"healthy","details":{"database":"healthy","supabase":"healthy","system":"healthy"}}
{"timestamp":"2025-09-03T08:46:28.347Z","type":"health_check","status":"healthy","details":{"database":"healthy","supabase":"healthy","system":"healthy"}}
{"timestamp":"2025-09-03T08:46:52.280Z","type":"health_check","status":"healthy","details":{"database":"healthy","supabase":"healthy","system":"healthy"}}
{"timestamp":"2025-09-03T08:46:58.670Z","type":"health_check","status":"healthy","details":{"database":"healthy","supabase":"healthy","system":"healthy"}}
{"timestamp":"2025-09-03T08:47:29.009Z","type":"health_check","status":"healthy","details":{"database":"healthy","supabase":"healthy","system":"healthy"}}
{"timestamp":"2025-09-03T08:47:37.641Z","type":"health_check","status":"healthy","details":{"database":"healthy","supabase":"healthy","system":"healthy"}}
{"timestamp":"2025-09-03T08:48:14.620Z","type":"health_check","status":"healthy","details":{"database":"healthy","supabase":"healthy","system":"healthy"}}
{"timestamp":"2025-09-03T08:48:22.963Z","type":"health_check","status":"healthy","details":{"database":"healthy","supabase":"healthy","system":"healthy"}}
{"timestamp":"2025-09-03T08:48:59.936Z","type":"health_check","status":"warning","details":{"database":"healthy","supabase":"healthy","system":"warning"}}
{"timestamp":"2025-09-03T08:49:08.247Z","type":"health_check","status":"healthy","details":{"database":"healthy","supabase":"healthy","system":"healthy"}}
{"timestamp":"2025-09-03T08:49:45.248Z","type":"health_check","status":"warning","details":{"database":"healthy","supabase":"healthy","system":"warning"}}
{"timestamp":"2025-09-03T08:49:53.523Z","type":"health_check","status":"warning","details":{"database":"healthy","supabase":"healthy","system":"warning"}}
{"timestamp":"2025-09-03T08:50:30.530Z","type":"health_check","status":"warning","details":{"database":"healthy","supabase":"healthy","system":"warning"}}
{"timestamp":"2025-09-03T08:50:53.936Z","type":"health_check","status":"warning","details":{"database":"healthy","supabase":"healthy","system":"warning"}}
{"timestamp":"2025-09-03T12:27:19.323Z","type":"health_check","status":"warning","details":{"database":"healthy","supabase":"healthy","system":"warning"}}
{"timestamp":"2025-09-03T12:27:19.363Z","type":"health_check","status":"warning","details":{"database":"healthy","supabase":"healthy","system":"warning"}}
{"timestamp":"2025-09-03T12:27:49.338Z","type":"health_check","status":"warning","details":{"database":"healthy","supabase":"healthy","system":"warning"}}
{"timestamp":"2025-09-03T12:27:49.365Z","type":"health_check","status":"warning","details":{"database":"healthy","supabase":"healthy","system":"warning"}}
{"timestamp":"2025-09-03T12:28:49.734Z","type":"health_check","status":"warning","details":{"database":"healthy","supabase":"healthy","system":"warning"}}
{"timestamp":"2025-09-03T12:28:49.900Z","type":"health_check","status":"warning","details":{"database":"healthy","supabase":"healthy","system":"warning"}}
{"timestamp":"2025-09-03T12:29:50.120Z","type":"health_check","status":"warning","details":{"database":"healthy","supabase":"healthy","system":"warning"}}
{"timestamp":"2025-09-03T12:29:50.052Z","type":"health_check","status":"warning","details":{"database":"healthy","supabase":"healthy","system":"warning"}}
{"timestamp":"2025-09-04T01:23:28.384Z","type":"health_check","status":"error","details":{"database":"error","supabase":"warning","system":"warning"}}
{"timestamp":"2025-09-04T01:23:28.386Z","type":"health_check","status":"error","details":{"database":"error","supabase":"warning","system":"warning"}}
{"timestamp":"2025-09-04T15:56:48.229Z","type":"health_check","status":"warning","details":{"database":"warning","supabase":"healthy","system":"warning"}}
{"timestamp":"2025-09-04T15:56:48.255Z","type":"health_check","status":"warning","details":{"database":"warning","supabase":"healthy","system":"warning"}}
{"timestamp":"2025-09-04T15:57:18.249Z","type":"health_check","status":"warning","details":{"database":"healthy","supabase":"healthy","system":"warning"}}
{"timestamp":"2025-09-04T15:57:18.255Z","type":"health_check","status":"warning","details":{"database":"healthy","supabase":"healthy","system":"warning"}}
{"timestamp":"2025-09-04T15:58:03.587Z","type":"health_check","status":"warning","details":{"database":"healthy","supabase":"healthy","system":"warning"}}
{"timestamp":"2025-09-04T15:58:03.721Z","type":"health_check","status":"warning","details":{"database":"healthy","supabase":"healthy","system":"warning"}}
{"timestamp":"2025-09-04T15:59:04.055Z","type":"health_check","status":"warning","details":{"database":"healthy","supabase":"healthy","system":"warning"}}
{"timestamp":"2025-09-04T15:59:04.007Z","type":"health_check","status":"warning","details":{"database":"healthy","supabase":"healthy","system":"warning"}}
{"timestamp":"2025-09-04T16:00:04.463Z","type":"health_check","status":"warning","details":{"database":"healthy","supabase":"healthy","system":"warning"}}
{"timestamp":"2025-09-04T16:00:04.485Z","type":"health_check","status":"warning","details":{"database":"healthy","supabase":"healthy","system":"warning"}}
{"timestamp":"2025-09-04T16:01:04.929Z","type":"health_check","status":"warning","details":{"database":"healthy","supabase":"healthy","system":"warning"}}
{"timestamp":"2025-09-04T16:01:04.890Z","type":"health_check","status":"warning","details":{"database":"healthy","supabase":"healthy","system":"warning"}}
{"timestamp":"2025-09-04T16:02:05.649Z","type":"health_check","status":"warning","details":{"database":"healthy","supabase":"healthy","system":"warning"}}
{"timestamp":"2025-09-04T16:02:05.743Z","type":"health_check","status":"warning","details":{"database":"healthy","supabase":"healthy","system":"warning"}}
{"timestamp":"2025-09-04T16:03:06.176Z","type":"health_check","status":"warning","details":{"database":"healthy","supabase":"healthy","system":"warning"}}
{"timestamp":"2025-09-04T16:03:06.113Z","type":"health_check","status":"warning","details":{"database":"healthy","supabase":"healthy","system":"warning"}}
{"timestamp":"2025-09-04T16:04:06.928Z","type":"health_check","status":"warning","details":{"database":"healthy","supabase":"healthy","system":"warning"}}
{"timestamp":"2025-09-04T16:04:06.844Z","type":"health_check","status":"error","details":{"database":"healthy","supabase":"healthy","system":"error"}}
{"timestamp":"2025-09-04T16:05:07.277Z","type":"health_check","status":"warning","details":{"database":"healthy","supabase":"healthy","system":"warning"}}
{"timestamp":"2025-09-04T16:05:07.274Z","type":"health_check","status":"warning","details":{"database":"healthy","supabase":"healthy","system":"warning"}}
{"timestamp":"2025-09-04T16:06:08.120Z","type":"health_check","status":"warning","details":{"database":"healthy","supabase":"healthy","system":"warning"}}
{"timestamp":"2025-09-04T16:06:08.074Z","type":"health_check","status":"warning","details":{"database":"healthy","supabase":"warning","system":"warning"}}
{"timestamp":"2025-09-04T16:07:08.554Z","type":"health_check","status":"warning","details":{"database":"healthy","supabase":"healthy","system":"warning"}}
{"timestamp":"2025-09-04T16:07:45.738Z","type":"health_check","status":"warning","details":{"database":"healthy","supabase":"healthy","system":"warning"}}
{"timestamp":"2025-09-04T16:07:54.241Z","type":"health_check","status":"warning","details":{"database":"healthy","supabase":"healthy","system":"warning"}}
{"timestamp":"2025-09-04T16:08:39.622Z","type":"health_check","status":"healthy","details":{"database":"healthy","supabase":"healthy","system":"healthy"}}
{"timestamp":"2025-09-04T16:08:46.185Z","type":"health_check","status":"warning","details":{"database":"healthy","supabase":"healthy","system":"warning"}}
{"timestamp":"2025-09-04T16:09:24.995Z","type":"health_check","status":"warning","details":{"database":"healthy","supabase":"healthy","system":"warning"}}
{"timestamp":"2025-09-04T16:09:31.581Z","type":"health_check","status":"warning","details":{"database":"healthy","supabase":"healthy","system":"warning"}}
{"timestamp":"2025-09-04T16:10:25.641Z","type":"health_check","status":"warning","details":{"database":"healthy","supabase":"healthy","system":"warning"}}
{"timestamp":"2025-09-05T01:30:28.759Z","type":"health_check","status":"warning","details":{"database":"warning","supabase":"healthy","system":"warning"}}
{"timestamp":"2025-09-05T01:30:28.737Z","type":"health_check","status":"warning","details":{"database":"warning","supabase":"healthy","system":"warning"}}
{"timestamp":"2025-09-05T01:30:58.743Z","type":"health_check","status":"healthy","details":{"database":"healthy","supabase":"healthy","system":"healthy"}}
{"timestamp":"2025-09-05T01:30:58.774Z","type":"health_check","status":"healthy","details":{"database":"healthy","supabase":"healthy","system":"healthy"}}
{"timestamp":"2025-09-05T01:31:29.106Z","type":"health_check","status":"warning","details":{"database":"healthy","supabase":"healthy","system":"warning"}}
{"timestamp":"2025-09-05T01:31:29.122Z","type":"health_check","status":"warning","details":{"database":"healthy","supabase":"healthy","system":"warning"}}
{"timestamp":"2025-09-05T01:32:29.582Z","type":"health_check","status":"error","details":{"database":"healthy","supabase":"healthy","system":"error"}}
{"timestamp":"2025-09-05T01:32:29.536Z","type":"health_check","status":"error","details":{"database":"healthy","supabase":"healthy","system":"error"}}
{"timestamp":"2025-09-05T01:33:29.940Z","type":"health_check","status":"error","details":{"database":"healthy","supabase":"healthy","system":"error"}}
{"timestamp":"2025-09-05T01:33:30.145Z","type":"health_check","status":"error","details":{"database":"healthy","supabase":"healthy","system":"error"}}
{"timestamp":"2025-09-05T01:34:30.420Z","type":"health_check","status":"error","details":{"database":"healthy","supabase":"healthy","system":"error"}}
{"timestamp":"2025-09-05T01:34:30.374Z","type":"health_check","status":"error","details":{"database":"healthy","supabase":"healthy","system":"error"}}
{"timestamp":"2025-09-05T01:35:31.155Z","type":"health_check","status":"error","details":{"database":"healthy","supabase":"healthy","system":"error"}}
{"timestamp":"2025-09-05T01:35:31.124Z","type":"health_check","status":"error","details":{"database":"healthy","supabase":"healthy","system":"error"}}
{"timestamp":"2025-09-05T01:36:31.554Z","type":"health_check","status":"warning","details":{"database":"healthy","supabase":"healthy","system":"warning"}}
{"timestamp":"2025-09-05T01:36:31.591Z","type":"health_check","status":"error","details":{"database":"healthy","supabase":"healthy","system":"error"}}
{"timestamp":"2025-09-05T01:37:32.297Z","type":"health_check","status":"error","details":{"database":"healthy","supabase":"healthy","system":"error"}}
{"timestamp":"2025-09-05T01:37:32.291Z","type":"health_check","status":"error","details":{"database":"healthy","supabase":"healthy","system":"error"}}
{"timestamp":"2025-09-05T01:38:32.696Z","type":"health_check","status":"error","details":{"database":"healthy","supabase":"healthy","system":"error"}}
{"timestamp":"2025-09-05T01:38:32.617Z","type":"health_check","status":"warning","details":{"database":"healthy","supabase":"healthy","system":"warning"}}
{"timestamp":"2025-09-05T01:39:32.999Z","type":"health_check","status":"error","details":{"database":"healthy","supabase":"healthy","system":"error"}}
{"timestamp":"2025-09-05T01:39:33.153Z","type":"health_check","status":"error","details":{"database":"healthy","supabase":"healthy","system":"error"}}
{"timestamp":"2025-09-05T01:40:33.371Z","type":"health_check","status":"error","details":{"database":"healthy","supabase":"healthy","system":"error"}}
{"timestamp":"2025-09-05T01:40:33.329Z","type":"health_check","status":"error","details":{"database":"healthy","supabase":"healthy","system":"error"}}
{"timestamp":"2025-09-05T01:41:33.710Z","type":"health_check","status":"error","details":{"database":"healthy","supabase":"healthy","system":"error"}}
{"timestamp":"2025-09-05T01:41:33.897Z","type":"health_check","status":"error","details":{"database":"healthy","supabase":"healthy","system":"error"}}
{"timestamp":"2025-09-05T01:42:34.254Z","type":"health_check","status":"error","details":{"database":"healthy","supabase":"healthy","system":"error"}}
{"timestamp":"2025-09-05T01:42:34.259Z","type":"health_check","status":"error","details":{"database":"healthy","supabase":"healthy","system":"error"}}
{"timestamp":"2025-09-05T01:43:34.985Z","type":"health_check","status":"warning","details":{"database":"healthy","supabase":"healthy","system":"warning"}}
{"timestamp":"2025-09-05T01:43:34.859Z","type":"health_check","status":"warning","details":{"database":"healthy","supabase":"healthy","system":"warning"}}
{"timestamp":"2025-09-05T01:44:35.224Z","type":"health_check","status":"error","details":{"database":"healthy","supabase":"healthy","system":"error"}}
{"timestamp":"2025-09-05T01:44:35.228Z","type":"health_check","status":"error","details":{"database":"healthy","supabase":"healthy","system":"error"}}
{"timestamp":"2025-09-05T01:45:35.821Z","type":"health_check","status":"warning","details":{"database":"healthy","supabase":"healthy","system":"warning"}}
{"timestamp":"2025-09-05T01:45:35.913Z","type":"health_check","status":"warning","details":{"database":"healthy","supabase":"healthy","system":"warning"}}
{"timestamp":"2025-09-05T01:46:36.231Z","type":"health_check","status":"error","details":{"database":"healthy","supabase":"healthy","system":"error"}}
{"timestamp":"2025-09-05T01:46:36.216Z","type":"health_check","status":"error","details":{"database":"healthy","supabase":"healthy","system":"error"}}
{"timestamp":"2025-09-05T01:47:36.811Z","type":"health_check","status":"error","details":{"database":"healthy","supabase":"healthy","system":"error"}}
{"timestamp":"2025-09-05T01:47:36.808Z","type":"health_check","status":"error","details":{"database":"healthy","supabase":"healthy","system":"error"}}
{"timestamp":"2025-09-05T01:48:37.167Z","type":"health_check","status":"error","details":{"database":"healthy","supabase":"healthy","system":"error"}}
{"timestamp":"2025-09-05T01:48:37.198Z","type":"health_check","status":"error","details":{"database":"healthy","supabase":"healthy","system":"error"}}
{"timestamp":"2025-09-05T01:49:37.726Z","type":"health_check","status":"error","details":{"database":"healthy","supabase":"healthy","system":"error"}}
{"timestamp":"2025-09-05T01:49:37.821Z","type":"health_check","status":"error","details":{"database":"healthy","supabase":"healthy","system":"error"}}
{"timestamp":"2025-09-05T01:50:38.089Z","type":"health_check","status":"warning","details":{"database":"healthy","supabase":"healthy","system":"warning"}}
{"timestamp":"2025-09-05T01:50:38.151Z","type":"health_check","status":"error","details":{"database":"healthy","supabase":"healthy","system":"error"}}
{"timestamp":"2025-09-05T01:51:38.877Z","type":"health_check","status":"error","details":{"database":"healthy","supabase":"healthy","system":"error"}}
{"timestamp":"2025-09-05T01:51:38.753Z","type":"health_check","status":"error","details":{"database":"healthy","supabase":"healthy","system":"error"}}
{"timestamp":"2025-09-05T01:52:39.186Z","type":"health_check","status":"error","details":{"database":"warning","supabase":"healthy","system":"error"}}
{"timestamp":"2025-09-05T01:52:39.181Z","type":"health_check","status":"warning","details":{"database":"warning","supabase":"healthy","system":"warning"}}
{"timestamp":"2025-09-05T01:53:40.303Z","type":"health_check","status":"error","details":{"database":"healthy","supabase":"healthy","system":"error"}}
{"timestamp":"2025-09-05T01:53:40.397Z","type":"health_check","status":"error","details":{"database":"healthy","supabase":"healthy","system":"error"}}
{"timestamp":"2025-09-05T01:54:40.717Z","type":"health_check","status":"error","details":{"database":"healthy","supabase":"healthy","system":"error"}}
{"timestamp":"2025-09-05T01:54:40.722Z","type":"health_check","status":"error","details":{"database":"healthy","supabase":"healthy","system":"error"}}
{"timestamp":"2025-09-05T01:55:41.375Z","type":"health_check","status":"error","details":{"database":"healthy","supabase":"healthy","system":"error"}}
{"timestamp":"2025-09-05T01:55:41.546Z","type":"health_check","status":"error","details":{"database":"healthy","supabase":"healthy","system":"error"}}
{"timestamp":"2025-09-05T01:56:41.786Z","type":"health_check","status":"error","details":{"database":"healthy","supabase":"healthy","system":"error"}}
{"timestamp":"2025-09-05T01:56:41.738Z","type":"health_check","status":"error","details":{"database":"healthy","supabase":"healthy","system":"error"}}
{"timestamp":"2025-09-05T01:57:42.850Z","type":"health_check","status":"error","details":{"database":"healthy","supabase":"healthy","system":"error"}}
{"timestamp":"2025-09-05T01:57:43.303Z","type":"health_check","status":"error","details":{"database":"healthy","supabase":"healthy","system":"error"}}
{"timestamp":"2025-09-05T01:58:43.937Z","type":"health_check","status":"error","details":{"database":"healthy","supabase":"healthy","system":"error"}}
{"timestamp":"2025-09-05T01:58:43.782Z","type":"health_check","status":"error","details":{"database":"warning","supabase":"healthy","system":"error"}}
{"timestamp":"2025-09-05T01:59:45.042Z","type":"health_check","status":"error","details":{"database":"healthy","supabase":"healthy","system":"error"}}
{"timestamp":"2025-09-05T01:59:45.038Z","type":"health_check","status":"error","details":{"database":"healthy","supabase":"healthy","system":"error"}}
{"timestamp":"2025-09-05T02:00:45.459Z","type":"health_check","status":"error","details":{"database":"healthy","supabase":"healthy","system":"error"}}
{"timestamp":"2025-09-05T02:00:45.413Z","type":"health_check","status":"error","details":{"database":"healthy","supabase":"healthy","system":"error"}}
{"timestamp":"2025-09-05T02:01:46.287Z","type":"health_check","status":"error","details":{"database":"slow","supabase":"healthy","system":"error"}}
{"timestamp":"2025-09-05T02:01:46.294Z","type":"health_check","status":"error","details":{"database":"warning","supabase":"healthy","system":"error"}}
{"timestamp":"2025-09-05T02:02:49.082Z","type":"health_check","status":"warning","details":{"database":"healthy","supabase":"healthy","system":"warning"}}
{"timestamp":"2025-09-05T02:02:50.530Z","type":"health_check","status":"error","details":{"database":"healthy","supabase":"healthy","system":"error"}}
{"timestamp":"2025-09-05T02:03:50.227Z","type":"health_check","status":"error","details":{"database":"healthy","supabase":"healthy","system":"error"}}
{"timestamp":"2025-09-05T02:03:50.711Z","type":"health_check","status":"error","details":{"database":"healthy","supabase":"healthy","system":"error"}}
{"timestamp":"2025-09-05T02:04:50.867Z","type":"health_check","status":"error","details":{"database":"healthy","supabase":"healthy","system":"error"}}
{"timestamp":"2025-09-05T02:04:50.664Z","type":"health_check","status":"healthy","details":{"database":"healthy","supabase":"healthy","system":"healthy"}}
{"timestamp":"2025-09-05T02:05:36.450Z","type":"health_check","status":"healthy","details":{"database":"healthy","supabase":"healthy","system":"healthy"}}
{"timestamp":"2025-09-05T02:05:51.378Z","type":"health_check","status":"warning","details":{"database":"healthy","supabase":"healthy","system":"warning"}}
{"timestamp":"2025-09-05T02:06:22.144Z","type":"health_check","status":"warning","details":{"database":"healthy","supabase":"healthy","system":"warning"}}
{"timestamp":"2025-09-05T02:06:36.686Z","type":"health_check","status":"warning","details":{"database":"healthy","supabase":"healthy","system":"warning"}}
{"timestamp":"2025-09-05T02:07:07.519Z","type":"health_check","status":"warning","details":{"database":"healthy","supabase":"healthy","system":"warning"}}
{"timestamp":"2025-09-05T02:07:22.441Z","type":"health_check","status":"warning","details":{"database":"healthy","supabase":"healthy","system":"warning"}}
{"timestamp":"2025-09-05T02:07:53.070Z","type":"health_check","status":"warning","details":{"database":"healthy","supabase":"healthy","system":"warning"}}
{"timestamp":"2025-09-05T02:08:07.938Z","type":"health_check","status":"warning","details":{"database":"healthy","supabase":"healthy","system":"warning"}}
{"timestamp":"2025-09-05T02:08:38.434Z","type":"health_check","status":"warning","details":{"database":"healthy","supabase":"healthy","system":"warning"}}
{"timestamp":"2025-09-05T02:08:53.418Z","type":"health_check","status":"warning","details":{"database":"healthy","supabase":"healthy","system":"warning"}}
{"timestamp":"2025-09-05T02:09:24.163Z","type":"health_check","status":"warning","details":{"database":"healthy","supabase":"healthy","system":"warning"}}
{"timestamp":"2025-09-05T02:09:38.733Z","type":"health_check","status":"warning","details":{"database":"healthy","supabase":"healthy","system":"warning"}}
{"timestamp":"2025-09-05T02:10:09.538Z","type":"health_check","status":"warning","details":{"database":"healthy","supabase":"healthy","system":"warning"}}
{"timestamp":"2025-09-05T02:10:24.110Z","type":"health_check","status":"warning","details":{"database":"healthy","supabase":"healthy","system":"warning"}}
{"timestamp":"2025-09-05T02:10:54.914Z","type":"health_check","status":"warning","details":{"database":"healthy","supabase":"healthy","system":"warning"}}
{"timestamp":"2025-09-05T02:11:09.756Z","type":"health_check","status":"warning","details":{"database":"healthy","supabase":"healthy","system":"warning"}}
{"timestamp":"2025-09-05T02:11:55.285Z","type":"health_check","status":"warning","details":{"database":"healthy","supabase":"healthy","system":"warning"}}
{"timestamp":"2025-09-05T02:12:10.160Z","type":"health_check","status":"warning","details":{"database":"healthy","supabase":"healthy","system":"warning"}}
{"timestamp":"2025-09-05T02:12:40.721Z","type":"health_check","status":"warning","details":{"database":"healthy","supabase":"healthy","system":"warning"}}
{"timestamp":"2025-09-19T02:43:22.764Z","type":"health_check","status":"warning","details":{"database":"warning","supabase":"healthy","system":"warning"}}
{"timestamp":"2025-09-19T02:43:22.724Z","type":"health_check","status":"warning","details":{"database":"warning","supabase":"healthy","system":"warning"}}
{"timestamp":"2025-09-19T02:43:52.773Z","type":"health_check","status":"warning","details":{"database":"healthy","supabase":"healthy","system":"warning"}}
{"timestamp":"2025-09-19T02:43:52.736Z","type":"health_check","status":"warning","details":{"database":"healthy","supabase":"healthy","system":"warning"}}
{"timestamp":"2025-09-19T02:44:53.299Z","type":"health_check","status":"warning","details":{"database":"warning","supabase":"healthy","system":"warning"}}
{"timestamp":"2025-09-19T02:44:53.279Z","type":"health_check","status":"warning","details":{"database":"warning","supabase":"healthy","system":"warning"}}
{"timestamp":"2025-09-19T02:45:55.027Z","type":"health_check","status":"warning","details":{"database":"healthy","supabase":"healthy","system":"warning"}}
{"timestamp":"2025-09-19T02:45:55.025Z","type":"health_check","status":"warning","details":{"database":"healthy","supabase":"healthy","system":"warning"}}
{"timestamp":"2025-09-19T02:46:40.318Z","type":"health_check","status":"warning","details":{"database":"healthy","supabase":"healthy","system":"warning"}}
{"timestamp":"2025-09-19T02:46:40.348Z","type":"health_check","status":"warning","details":{"database":"healthy","supabase":"healthy","system":"warning"}}
{"timestamp":"2025-09-19T02:47:25.892Z","type":"health_check","status":"warning","details":{"database":"healthy","supabase":"healthy","system":"warning"}}
{"timestamp":"2025-09-19T02:47:25.955Z","type":"health_check","status":"warning","details":{"database":"healthy","supabase":"healthy","system":"warning"}}
{"timestamp":"2025-09-19T02:48:11.632Z","type":"health_check","status":"warning","details":{"database":"healthy","supabase":"healthy","system":"warning"}}
{"timestamp":"2025-09-19T02:48:11.703Z","type":"health_check","status":"warning","details":{"database":"healthy","supabase":"healthy","system":"warning"}}
{"timestamp":"2025-09-19T02:49:12.443Z","type":"health_check","status":"warning","details":{"database":"slow","supabase":"healthy","system":"warning"}}
{"timestamp":"2025-09-19T02:49:12.438Z","type":"health_check","status":"warning","details":{"database":"slow","supabase":"healthy","system":"warning"}}
{"timestamp":"2025-09-19T02:50:15.564Z","type":"health_check","status":"warning","details":{"database":"warning","supabase":"healthy","system":"warning"}}
{"timestamp":"2025-09-19T02:50:15.569Z","type":"health_check","status":"warning","details":{"database":"warning","supabase":"healthy","system":"warning"}}
{"timestamp":"2025-09-19T02:51:17.085Z","type":"health_check","status":"warning","details":{"database":"healthy","supabase":"healthy","system":"warning"}}
{"timestamp":"2025-09-19T02:51:17.057Z","type":"health_check","status":"warning","details":{"database":"healthy","supabase":"healthy","system":"warning"}}
{"timestamp":"2025-09-19T03:38:58.589Z","type":"health_check","status":"warning","details":{"database":"slow","supabase":"healthy","system":"warning"}}
{"timestamp":"2025-09-19T03:38:58.555Z","type":"health_check","status":"warning","details":{"database":"slow","supabase":"warning","system":"warning"}}
{"timestamp":"2025-09-19T03:39:28.601Z","type":"health_check","status":"error","details":{"database":"error","supabase":"warning","system":"warning"}}
{"timestamp":"2025-09-19T03:39:28.568Z","type":"health_check","status":"error","details":{"database":"error","supabase":"warning","system":"warning"}}
{"timestamp":"2025-09-19T03:40:33.404Z","type":"health_check","status":"error","details":{"database":"error","supabase":"healthy","system":"warning"}}
{"timestamp":"2025-09-19T03:40:56.603Z","type":"health_check","status":"warning","details":{"database":"healthy","supabase":"healthy","system":"warning"}}
{"timestamp":"2025-09-19T03:41:50.417Z","type":"health_check","status":"error","details":{"database":"error","supabase":"healthy","system":"warning"}}
{"timestamp":"2025-09-19T03:42:04.947Z","type":"health_check","status":"warning","details":{"database":"healthy","supabase":"healthy","system":"warning"}}
{"timestamp":"2025-09-19T03:42:43.581Z","type":"health_check","status":"warning","details":{"database":"warning","supabase":"healthy","system":"warning"}}
{"timestamp":"2025-09-19T03:42:50.412Z","type":"health_check","status":"healthy","details":{"database":"healthy","supabase":"healthy","system":"healthy"}}
{"timestamp":"2025-09-19T03:43:30.239Z","type":"health_check","status":"warning","details":{"database":"healthy","supabase":"healthy","system":"warning"}}
{"timestamp":"2025-09-19T03:43:35.945Z","type":"health_check","status":"warning","details":{"database":"healthy","supabase":"healthy","system":"warning"}}
{"timestamp":"2025-09-19T03:44:21.528Z","type":"health_check","status":"error","details":{"database":"error","supabase":"warning","system":"warning"}}
{"timestamp":"2025-09-19T03:44:17.483Z","type":"health_check","status":"warning","details":{"database":"slow","supabase":"warning","system":"warning"}}
{"timestamp":"2025-09-19T03:45:18.777Z","type":"health_check","status":"error","details":{"database":"error","supabase":"healthy","system":"warning"}}
{"timestamp":"2025-09-19T03:45:41.905Z","type":"health_check","status":"warning","details":{"database":"slow","supabase":"healthy","system":"warning"}}
{"timestamp":"2025-09-19T03:46:18.557Z","type":"health_check","status":"error","details":{"database":"error","supabase":"warning","system":"warning"}}
{"timestamp":"2025-09-19T03:46:48.291Z","type":"health_check","status":"warning","details":{"database":"slow","supabase":"healthy","system":"warning"}}
{"timestamp":"2025-09-19T03:47:39.768Z","type":"health_check","status":"error","details":{"database":"error","supabase":"healthy","system":"warning"}}
{"timestamp":"2025-09-19T03:48:02.343Z","type":"health_check","status":"warning","details":{"database":"slow","supabase":"healthy","system":"warning"}}
{"timestamp":"2025-09-19T03:48:52.476Z","type":"health_check","status":"error","details":{"database":"error","supabase":"warning","system":"healthy"}}
{"timestamp":"2025-09-19T03:49:14.271Z","type":"health_check","status":"error","details":{"database":"error","supabase":"warning","system":"healthy"}}
{"timestamp":"2025-09-19T03:49:33.131Z","type":"health_check","status":"error","details":{"database":"error","supabase":"warning","system":"healthy"}}
{"timestamp":"2025-09-19T03:49:44.295Z","type":"health_check","status":"error","details":{"database":"error","supabase":"warning","system":"healthy"}}
{"timestamp":"2025-09-19T03:50:03.147Z","type":"health_check","status":"error","details":{"database":"error","supabase":"warning","system":"healthy"}}
{"timestamp":"2025-09-19T03:50:14.314Z","type":"health_check","status":"error","details":{"database":"error","supabase":"warning","system":"healthy"}}
{"timestamp":"2025-09-19T03:50:33.166Z","type":"health_check","status":"error","details":{"database":"error","supabase":"warning","system":"healthy"}}
{"timestamp":"2025-09-19T03:50:44.328Z","type":"health_check","status":"error","details":{"database":"error","supabase":"warning","system":"healthy"}}
{"timestamp":"2025-09-19T03:51:03.171Z","type":"health_check","status":"error","details":{"database":"error","supabase":"healthy","system":"healthy"}}
{"timestamp":"2025-09-19T03:51:14.361Z","type":"health_check","status":"healthy","details":{"database":"healthy","supabase":"healthy","system":"healthy"}}
{"timestamp":"2025-09-19T03:51:33.994Z","type":"health_check","status":"healthy","details":{"database":"healthy","supabase":"healthy","system":"healthy"}}
{"timestamp":"2025-09-19T03:51:44.624Z","type":"health_check","status":"healthy","details":{"database":"healthy","supabase":"healthy","system":"healthy"}}
{"timestamp":"2025-09-19T03:52:19.241Z","type":"health_check","status":"healthy","details":{"database":"healthy","supabase":"healthy","system":"healthy"}}
{"timestamp":"2025-09-19T03:52:29.858Z","type":"health_check","status":"healthy","details":{"database":"healthy","supabase":"healthy","system":"healthy"}}
{"timestamp":"2025-09-19T03:53:04.772Z","type":"health_check","status":"warning","details":{"database":"healthy","supabase":"healthy","system":"warning"}}
{"timestamp":"2025-09-19T03:53:15.139Z","type":"health_check","status":"healthy","details":{"database":"healthy","supabase":"healthy","system":"healthy"}}
{"timestamp":"2025-09-19T03:53:50.304Z","type":"health_check","status":"warning","details":{"database":"healthy","supabase":"healthy","system":"warning"}}
{"timestamp":"2025-09-19T03:54:00.420Z","type":"health_check","status":"warning","details":{"database":"healthy","supabase":"healthy","system":"warning"}}
{"timestamp":"2025-09-19T03:54:35.602Z","type":"health_check","status":"warning","details":{"database":"healthy","supabase":"healthy","system":"warning"}}
{"timestamp":"2025-09-19T03:54:45.703Z","type":"health_check","status":"warning","details":{"database":"healthy","supabase":"healthy","system":"warning"}}
{"timestamp":"2025-09-19T03:55:20.934Z","type":"health_check","status":"warning","details":{"database":"healthy","supabase":"healthy","system":"warning"}}
{"timestamp":"2025-09-19T03:55:30.968Z","type":"health_check","status":"warning","details":{"database":"healthy","supabase":"healthy","system":"warning"}}
{"timestamp":"2025-09-19T03:56:06.619Z","type":"health_check","status":"warning","details":{"database":"healthy","supabase":"healthy","system":"warning"}}
{"timestamp":"2025-09-19T03:56:16.282Z","type":"health_check","status":"warning","details":{"database":"healthy","supabase":"healthy","system":"warning"}}
{"timestamp":"2025-09-19T03:56:51.945Z","type":"health_check","status":"warning","details":{"database":"healthy","supabase":"healthy","system":"warning"}}
{"timestamp":"2025-09-19T03:57:01.603Z","type":"health_check","status":"warning","details":{"database":"healthy","supabase":"healthy","system":"warning"}}
{"timestamp":"2025-09-19T03:57:37.447Z","type":"health_check","status":"warning","details":{"database":"healthy","supabase":"healthy","system":"warning"}}
{"timestamp":"2025-09-19T03:57:47.037Z","type":"health_check","status":"warning","details":{"database":"healthy","supabase":"healthy","system":"warning"}}
{"timestamp":"2025-09-19T03:58:23.014Z","type":"health_check","status":"warning","details":{"database":"healthy","supabase":"healthy","system":"warning"}}
{"timestamp":"2025-09-19T03:58:32.338Z","type":"health_check","status":"warning","details":{"database":"healthy","supabase":"healthy","system":"warning"}}
{"timestamp":"2025-09-19T03:59:17.636Z","type":"health_check","status":"warning","details":{"database":"healthy","supabase":"healthy","system":"warning"}}
{"timestamp":"2025-09-19T03:59:23.343Z","type":"health_check","status":"warning","details":{"database":"warning","supabase":"healthy","system":"warning"}}
{"timestamp":"2025-09-19T04:00:03.578Z","type":"health_check","status":"warning","details":{"database":"healthy","supabase":"healthy","system":"warning"}}
{"timestamp":"2025-09-19T04:00:25.316Z","type":"health_check","status":"warning","details":{"database":"healthy","supabase":"healthy","system":"warning"}}
{"timestamp":"2025-09-19T04:00:48.982Z","type":"health_check","status":"warning","details":{"database":"healthy","supabase":"healthy","system":"warning"}}
{"timestamp":"2025-09-19T04:01:25.927Z","type":"health_check","status":"warning","details":{"database":"healthy","supabase":"healthy","system":"warning"}}
{"timestamp":"2025-09-19T04:01:49.280Z","type":"health_check","status":"warning","details":{"database":"healthy","supabase":"healthy","system":"warning"}}
{"timestamp":"2025-09-19T04:02:11.516Z","type":"health_check","status":"healthy","details":{"database":"healthy","supabase":"healthy","system":"healthy"}}
{"timestamp":"2025-09-19T04:02:34.578Z","type":"health_check","status":"healthy","details":{"database":"healthy","supabase":"healthy","system":"healthy"}}
{"timestamp":"2025-09-19T04:02:41.816Z","type":"health_check","status":"healthy","details":{"database":"healthy","supabase":"healthy","system":"healthy"}}
{"timestamp":"2025-09-19T04:03:04.850Z","type":"health_check","status":"healthy","details":{"database":"healthy","supabase":"healthy","system":"healthy"}}
{"timestamp":"2025-09-19T04:03:12.234Z","type":"health_check","status":"healthy","details":{"database":"healthy","supabase":"healthy","system":"healthy"}}
{"timestamp":"2025-09-19T04:03:35.135Z","type":"health_check","status":"healthy","details":{"database":"healthy","supabase":"healthy","system":"healthy"}}
{"timestamp":"2025-09-19T04:03:42.769Z","type":"health_check","status":"healthy","details":{"database":"healthy","supabase":"healthy","system":"healthy"}}
{"timestamp":"2025-09-19T04:04:05.558Z","type":"health_check","status":"healthy","details":{"database":"healthy","supabase":"healthy","system":"healthy"}}
{"timestamp":"2025-09-19T04:04:13.545Z","type":"health_check","status":"healthy","details":{"database":"healthy","supabase":"healthy","system":"healthy"}}
{"timestamp":"2025-09-19T04:04:35.876Z","type":"health_check","status":"healthy","details":{"database":"healthy","supabase":"healthy","system":"healthy"}}
{"timestamp":"2025-09-19T04:04:43.823Z","type":"health_check","status":"healthy","details":{"database":"healthy","supabase":"healthy","system":"healthy"}}
{"timestamp":"2025-09-19T04:05:06.229Z","type":"health_check","status":"healthy","details":{"database":"healthy","supabase":"healthy","system":"healthy"}}
{"timestamp":"2025-09-19T04:05:14.276Z","type":"health_check","status":"healthy","details":{"database":"healthy","supabase":"healthy","system":"healthy"}}
{"timestamp":"2025-09-19T04:05:36.971Z","type":"health_check","status":"healthy","details":{"database":"healthy","supabase":"healthy","system":"healthy"}}
{"timestamp":"2025-09-19T04:05:44.780Z","type":"health_check","status":"healthy","details":{"database":"healthy","supabase":"healthy","system":"healthy"}}
{"timestamp":"2025-09-19T04:06:07.395Z","type":"health_check","status":"warning","details":{"database":"slow","supabase":"healthy","system":"healthy"}}
{"timestamp":"2025-09-19T04:06:15.158Z","type":"health_check","status":"healthy","details":{"database":"healthy","supabase":"healthy","system":"healthy"}}
{"timestamp":"2025-09-19T04:06:40.389Z","type":"health_check","status":"healthy","details":{"database":"healthy","supabase":"healthy","system":"healthy"}}
{"timestamp":"2025-09-19T04:06:46.159Z","type":"health_check","status":"warning","details":{"database":"slow","supabase":"healthy","system":"healthy"}}
{"timestamp":"2025-09-19T04:07:12.517Z","type":"health_check","status":"healthy","details":{"database":"healthy","supabase":"healthy","system":"healthy"}}
{"timestamp":"2025-09-19T04:07:33.599Z","type":"health_check","status":"healthy","details":{"database":"healthy","supabase":"healthy","system":"healthy"}}
{"timestamp":"2025-09-19T04:07:43.178Z","type":"health_check","status":"healthy","details":{"database":"healthy","supabase":"healthy","system":"healthy"}}
{"timestamp":"2025-09-19T04:08:20.352Z","type":"health_check","status":"healthy","details":{"database":"healthy","supabase":"healthy","system":"healthy"}}
{"timestamp":"2025-09-19T04:08:28.954Z","type":"health_check","status":"healthy","details":{"database":"healthy","supabase":"healthy","system":"healthy"}}
{"timestamp":"2025-09-19T04:08:50.738Z","type":"health_check","status":"healthy","details":{"database":"healthy","supabase":"healthy","system":"healthy"}}
{"timestamp":"2025-09-19T04:09:14.545Z","type":"health_check","status":"healthy","details":{"database":"healthy","supabase":"healthy","system":"healthy"}}
{"timestamp":"2025-09-19T04:09:36.166Z","type":"health_check","status":"healthy","details":{"database":"healthy","supabase":"healthy","system":"healthy"}}
{"timestamp":"2025-09-19T04:10:02.690Z","type":"health_check","status":"healthy","details":{"database":"healthy","supabase":"healthy","system":"healthy"}}
{"timestamp":"2025-09-19T04:10:21.706Z","type":"health_check","status":"healthy","details":{"database":"healthy","supabase":"healthy","system":"healthy"}}
{"timestamp":"2025-09-19T04:10:48.689Z","type":"health_check","status":"warning","details":{"database":"warning","supabase":"healthy","system":"warning"}}
{"timestamp":"2025-09-19T04:11:07.619Z","type":"health_check","status":"warning","details":{"database":"slow","supabase":"healthy","system":"warning"}}
{"timestamp":"2025-09-19T04:11:35.780Z","type":"health_check","status":"warning","details":{"database":"healthy","supabase":"healthy","system":"warning"}}
{"timestamp":"2025-09-19T04:12:02.627Z","type":"health_check","status":"warning","details":{"database":"healthy","supabase":"healthy","system":"warning"}}
{"timestamp":"2025-09-19T04:12:21.178Z","type":"health_check","status":"warning","details":{"database":"healthy","supabase":"healthy","system":"warning"}}
{"timestamp":"2025-09-19T04:12:48.133Z","type":"health_check","status":"warning","details":{"database":"healthy","supabase":"healthy","system":"warning"}}
{"timestamp":"2025-09-19T04:13:06.548Z","type":"health_check","status":"warning","details":{"database":"healthy","supabase":"healthy","system":"warning"}}
{"timestamp":"2025-09-19T04:13:48.497Z","type":"health_check","status":"healthy","details":{"database":"healthy","supabase":"healthy","system":"healthy"}}
{"timestamp":"2025-09-19T04:14:07.169Z","type":"health_check","status":"healthy","details":{"database":"healthy","supabase":"healthy","system":"healthy"}}
{"timestamp":"2025-09-19T04:14:18.884Z","type":"health_check","status":"error","details":{"database":"error","supabase":"healthy","system":"healthy"}}
{"timestamp":"2025-09-19T04:14:37.544Z","type":"health_check","status":"warning","details":{"database":"slow","supabase":"healthy","system":"healthy"}}
{"timestamp":"2025-09-19T04:14:58.601Z","type":"health_check","status":"healthy","details":{"database":"healthy","supabase":"healthy","system":"healthy"}}
{"timestamp":"2025-09-19T04:15:15.799Z","type":"health_check","status":"healthy","details":{"database":"healthy","supabase":"healthy","system":"healthy"}}
{"timestamp":"2025-09-19T04:15:29.803Z","type":"health_check","status":"healthy","details":{"database":"healthy","supabase":"healthy","system":"healthy"}}
{"timestamp":"2025-09-19T04:15:46.205Z","type":"health_check","status":"healthy","details":{"database":"healthy","supabase":"healthy","system":"healthy"}}
{"timestamp":"2025-09-19T04:16:00.325Z","type":"health_check","status":"healthy","details":{"database":"healthy","supabase":"healthy","system":"healthy"}}
{"timestamp":"2025-09-19T04:16:16.588Z","type":"health_check","status":"healthy","details":{"database":"healthy","supabase":"healthy","system":"healthy"}}
{"timestamp":"2025-09-19T04:16:30.830Z","type":"health_check","status":"healthy","details":{"database":"healthy","supabase":"healthy","system":"healthy"}}
{"timestamp":"2025-09-19T04:16:46.917Z","type":"health_check","status":"healthy","details":{"database":"healthy","supabase":"healthy","system":"healthy"}}
{"timestamp":"2025-09-19T04:17:01.220Z","type":"health_check","status":"healthy","details":{"database":"healthy","supabase":"healthy","system":"healthy"}}
{"timestamp":"2025-09-19T04:17:17.835Z","type":"health_check","status":"healthy","details":{"database":"healthy","supabase":"healthy","system":"healthy"}}
{"timestamp":"2025-09-19T04:17:31.555Z","type":"health_check","status":"healthy","details":{"database":"healthy","supabase":"healthy","system":"healthy"}}
{"timestamp":"2025-09-19T04:17:48.189Z","type":"health_check","status":"healthy","details":{"database":"healthy","supabase":"healthy","system":"healthy"}}
{"timestamp":"2025-09-19T04:18:02.032Z","type":"health_check","status":"healthy","details":{"database":"healthy","supabase":"healthy","system":"healthy"}}
{"timestamp":"2025-09-19T04:18:18.799Z","type":"health_check","status":"healthy","details":{"database":"healthy","supabase":"healthy","system":"healthy"}}
{"timestamp":"2025-09-19T04:18:32.482Z","type":"health_check","status":"healthy","details":{"database":"healthy","supabase":"healthy","system":"healthy"}}
{"timestamp":"2025-09-19T04:19:03.201Z","type":"health_check","status":"healthy","details":{"database":"healthy","supabase":"healthy","system":"healthy"}}
{"timestamp":"2025-09-19T04:19:04.468Z","type":"health_check","status":"healthy","details":{"database":"healthy","supabase":"healthy","system":"healthy"}}
{"timestamp":"2025-09-19T04:19:48.599Z","type":"health_check","status":"healthy","details":{"database":"healthy","supabase":"healthy","system":"healthy"}}
{"timestamp":"2025-09-19T04:19:49.633Z","type":"health_check","status":"healthy","details":{"database":"healthy","supabase":"healthy","system":"healthy"}}
{"timestamp":"2025-09-19T04:20:19.010Z","type":"health_check","status":"healthy","details":{"database":"healthy","supabase":"healthy","system":"healthy"}}
{"timestamp":"2025-09-19T04:20:34.903Z","type":"health_check","status":"healthy","details":{"database":"healthy","supabase":"healthy","system":"healthy"}}
{"timestamp":"2025-09-19T04:21:04.757Z","type":"health_check","status":"healthy","details":{"database":"healthy","supabase":"healthy","system":"healthy"}}
{"timestamp":"2025-09-19T04:21:20.232Z","type":"health_check","status":"warning","details":{"database":"healthy","supabase":"healthy","system":"warning"}}
{"timestamp":"2025-09-19T04:21:50.156Z","type":"health_check","status":"healthy","details":{"database":"healthy","supabase":"healthy","system":"healthy"}}
{"timestamp":"2025-09-19T04:22:05.580Z","type":"health_check","status":"warning","details":{"database":"healthy","supabase":"healthy","system":"warning"}}
{"timestamp":"2025-09-19T04:22:35.555Z","type":"health_check","status":"warning","details":{"database":"healthy","supabase":"healthy","system":"warning"}}
{"timestamp":"2025-09-19T04:22:51.313Z","type":"health_check","status":"warning","details":{"database":"healthy","supabase":"healthy","system":"warning"}}
{"timestamp":"2025-09-19T04:23:20.969Z","type":"health_check","status":"warning","details":{"database":"healthy","supabase":"healthy","system":"warning"}}
{"timestamp":"2025-09-19T04:23:36.719Z","type":"health_check","status":"warning","details":{"database":"healthy","supabase":"healthy","system":"warning"}}
{"timestamp":"2025-09-19T04:24:06.567Z","type":"health_check","status":"warning","details":{"database":"healthy","supabase":"healthy","system":"warning"}}
{"timestamp":"2025-09-19T04:24:22.335Z","type":"health_check","status":"warning","details":{"database":"healthy","supabase":"healthy","system":"warning"}}
{"timestamp":"2025-09-19T04:24:52.234Z","type":"health_check","status":"warning","details":{"database":"healthy","supabase":"healthy","system":"warning"}}
{"timestamp":"2025-09-19T04:25:09.937Z","type":"health_check","status":"warning","details":{"database":"healthy","supabase":"healthy","system":"warning"}}
{"timestamp":"2025-09-19T04:25:37.804Z","type":"health_check","status":"warning","details":{"database":"healthy","supabase":"healthy","system":"warning"}}
{"timestamp":"2025-09-19T04:26:10.296Z","type":"health_check","status":"healthy","details":{"database":"healthy","supabase":"healthy","system":"healthy"}}
{"timestamp":"2025-09-19T04:26:23.240Z","type":"health_check","status":"healthy","details":{"database":"healthy","supabase":"healthy","system":"healthy"}}
{"timestamp":"2025-09-19T04:26:41.048Z","type":"health_check","status":"healthy","details":{"database":"healthy","supabase":"healthy","system":"healthy"}}
{"timestamp":"2025-09-19T04:26:53.696Z","type":"health_check","status":"healthy","details":{"database":"healthy","supabase":"healthy","system":"healthy"}}
{"timestamp":"2025-09-19T04:27:11.471Z","type":"health_check","status":"healthy","details":{"database":"healthy","supabase":"healthy","system":"healthy"}}
{"timestamp":"2025-09-19T04:27:24.068Z","type":"health_check","status":"healthy","details":{"database":"healthy","supabase":"healthy","system":"healthy"}}
{"timestamp":"2025-09-19T04:27:41.858Z","type":"health_check","status":"healthy","details":{"database":"healthy","supabase":"healthy","system":"healthy"}}
{"timestamp":"2025-09-19T04:27:54.516Z","type":"health_check","status":"healthy","details":{"database":"healthy","supabase":"healthy","system":"healthy"}}
{"timestamp":"2025-09-19T04:28:12.374Z","type":"health_check","status":"healthy","details":{"database":"healthy","supabase":"healthy","system":"healthy"}}
{"timestamp":"2025-09-19T04:28:25.117Z","type":"health_check","status":"healthy","details":{"database":"healthy","supabase":"healthy","system":"healthy"}}
{"timestamp":"2025-09-19T04:28:42.639Z","type":"health_check","status":"healthy","details":{"database":"healthy","supabase":"healthy","system":"healthy"}}
{"timestamp":"2025-09-19T04:28:55.443Z","type":"health_check","status":"healthy","details":{"database":"healthy","supabase":"healthy","system":"healthy"}}
{"timestamp":"2025-09-19T04:29:26.019Z","type":"health_check","status":"healthy","details":{"database":"healthy","supabase":"healthy","system":"healthy"}}
{"timestamp":"2025-09-19T04:29:57.081Z","type":"health_check","status":"healthy","details":{"database":"healthy","supabase":"healthy","system":"healthy"}}
{"timestamp":"2025-09-19T04:29:12.977Z","type":"health_check","status":"warning","details":{"database":"healthy","supabase":"warning","system":"healthy"}}
{"timestamp":"2025-09-19T04:30:27.761Z","type":"health_check","status":"warning","details":{"database":"healthy","supabase":"warning","system":"healthy"}}
{"timestamp":"2025-09-19T04:43:28.520Z","type":"health_check","status":"error","details":{"database":"error","supabase":"warning","system":"healthy"}}
{"timestamp":"2025-09-19T04:43:58.518Z","type":"health_check","status":"error","details":{"database":"error","supabase":"warning","system":"healthy"}}
{"timestamp":"2025-09-19T04:44:13.560Z","type":"health_check","status":"error","details":{"database":"error","supabase":"warning","system":"healthy"}}
{"timestamp":"2025-09-19T04:44:28.544Z","type":"health_check","status":"error","details":{"database":"error","supabase":"warning","system":"healthy"}}
{"timestamp":"2025-09-19T04:44:58.577Z","type":"health_check","status":"error","details":{"database":"error","supabase":"warning","system":"healthy"}}
{"timestamp":"2025-09-19T04:45:13.563Z","type":"health_check","status":"error","details":{"database":"error","supabase":"warning","system":"healthy"}}
{"timestamp":"2025-09-19T04:45:43.608Z","type":"health_check","status":"error","details":{"database":"error","supabase":"warning","system":"healthy"}}
{"timestamp":"2025-09-19T04:45:58.590Z","type":"health_check","status":"error","details":{"database":"error","supabase":"warning","system":"healthy"}}
{"timestamp":"2025-09-19T04:46:13.638Z","type":"health_check","status":"error","details":{"database":"error","supabase":"warning","system":"healthy"}}
{"timestamp":"2025-09-19T04:46:28.610Z","type":"health_check","status":"error","details":{"database":"error","supabase":"warning","system":"healthy"}}
{"timestamp":"2025-09-19T04:46:43.667Z","type":"health_check","status":"error","details":{"database":"error","supabase":"warning","system":"healthy"}}
{"timestamp":"2025-09-19T04:47:13.627Z","type":"health_check","status":"error","details":{"database":"error","supabase":"warning","system":"healthy"}}
{"timestamp":"2025-09-19T04:47:39.319Z","type":"health_check","status":"healthy","details":{"database":"healthy","supabase":"healthy","system":"healthy"}}
{"timestamp":"2025-09-19T04:47:58.659Z","type":"health_check","status":"healthy","details":{"database":"healthy","supabase":"healthy","system":"healthy"}}
{"timestamp":"2025-09-19T04:48:25.391Z","type":"health_check","status":"healthy","details":{"database":"healthy","supabase":"healthy","system":"healthy"}}
{"timestamp":"2025-09-19T04:48:44.449Z","type":"health_check","status":"healthy","details":{"database":"healthy","supabase":"healthy","system":"healthy"}}
{"timestamp":"2025-09-19T04:49:11.279Z","type":"health_check","status":"healthy","details":{"database":"healthy","supabase":"healthy","system":"healthy"}}
{"timestamp":"2025-09-19T04:49:30.212Z","type":"health_check","status":"healthy","details":{"database":"healthy","supabase":"healthy","system":"healthy"}}
{"timestamp":"2025-09-19T04:49:57.006Z","type":"health_check","status":"healthy","details":{"database":"healthy","supabase":"healthy","system":"healthy"}}
{"timestamp":"2025-09-19T04:50:16.437Z","type":"health_check","status":"warning","details":{"database":"healthy","supabase":"healthy","system":"warning"}}
{"timestamp":"2025-09-19T04:51:02.051Z","type":"health_check","status":"warning","details":{"database":"healthy","supabase":"healthy","system":"warning"}}
{"timestamp":"2025-09-19T04:50:42.372Z","type":"health_check","status":"warning","details":{"database":"healthy","supabase":"warning","system":"warning"}}
{"timestamp":"2025-09-19T04:51:47.672Z","type":"health_check","status":"healthy","details":{"database":"healthy","supabase":"healthy","system":"healthy"}}
{"timestamp":"2025-09-19T04:52:27.641Z","type":"health_check","status":"warning","details":{"database":"healthy","supabase":"healthy","system":"warning"}}
{"timestamp":"2025-09-19T04:52:33.292Z","type":"health_check","status":"warning","details":{"database":"healthy","supabase":"healthy","system":"warning"}}
{"timestamp":"2025-09-19T04:53:13.073Z","type":"health_check","status":"warning","details":{"database":"healthy","supabase":"healthy","system":"warning"}}
{"timestamp":"2025-09-19T04:53:33.607Z","type":"health_check","status":"warning","details":{"database":"healthy","supabase":"healthy","system":"warning"}}
{"timestamp":"2025-09-19T04:54:13.343Z","type":"health_check","status":"warning","details":{"database":"healthy","supabase":"healthy","system":"warning"}}
{"timestamp":"2025-09-19T04:54:34.450Z","type":"health_check","status":"warning","details":{"database":"healthy","supabase":"healthy","system":"warning"}}
{"timestamp":"2025-09-19T04:54:58.613Z","type":"health_check","status":"warning","details":{"database":"healthy","supabase":"healthy","system":"warning"}}
{"timestamp":"2025-09-19T04:55:34.881Z","type":"health_check","status":"warning","details":{"database":"healthy","supabase":"healthy","system":"warning"}}
{"timestamp":"2025-09-19T04:55:58.975Z","type":"health_check","status":"healthy","details":{"database":"healthy","supabase":"healthy","system":"healthy"}}
{"timestamp":"2025-09-19T04:56:29.311Z","type":"health_check","status":"healthy","details":{"database":"healthy","supabase":"healthy","system":"healthy"}}
{"timestamp":"2025-09-19T04:56:35.641Z","type":"health_check","status":"healthy","details":{"database":"healthy","supabase":"healthy","system":"healthy"}}
{"timestamp":"2025-09-19T04:56:59.673Z","type":"health_check","status":"healthy","details":{"database":"healthy","supabase":"healthy","system":"healthy"}}
{"timestamp":"2025-09-19T04:57:05.939Z","type":"health_check","status":"healthy","details":{"database":"healthy","supabase":"healthy","system":"healthy"}}
{"timestamp":"2025-09-19T04:57:30.037Z","type":"health_check","status":"healthy","details":{"database":"healthy","supabase":"healthy","system":"healthy"}}
{"timestamp":"2025-09-19T04:57:36.340Z","type":"health_check","status":"healthy","details":{"database":"healthy","supabase":"healthy","system":"healthy"}}
{"timestamp":"2025-09-19T04:58:00.652Z","type":"health_check","status":"healthy","details":{"database":"healthy","supabase":"healthy","system":"healthy"}}
{"timestamp":"2025-09-19T04:58:06.876Z","type":"health_check","status":"healthy","details":{"database":"healthy","supabase":"healthy","system":"healthy"}}
{"timestamp":"2025-09-19T04:58:31.186Z","type":"health_check","status":"healthy","details":{"database":"healthy","supabase":"healthy","system":"healthy"}}
{"timestamp":"2025-09-19T04:58:37.191Z","type":"health_check","status":"healthy","details":{"database":"healthy","supabase":"healthy","system":"healthy"}}
{"timestamp":"2025-09-19T04:59:01.488Z","type":"health_check","status":"healthy","details":{"database":"healthy","supabase":"healthy","system":"healthy"}}
{"timestamp":"2025-09-19T04:59:07.529Z","type":"health_check","status":"healthy","details":{"database":"healthy","supabase":"healthy","system":"healthy"}}
{"timestamp":"2025-09-19T04:59:31.901Z","type":"health_check","status":"healthy","details":{"database":"healthy","supabase":"healthy","system":"healthy"}}
{"timestamp":"2025-09-19T04:59:37.867Z","type":"health_check","status":"healthy","details":{"database":"healthy","supabase":"healthy","system":"healthy"}}
{"timestamp":"2025-09-19T05:00:02.524Z","type":"health_check","status":"warning","details":{"database":"warning","supabase":"healthy","system":"healthy"}}
{"timestamp":"2025-09-19T05:00:08.307Z","type":"health_check","status":"healthy","details":{"database":"healthy","supabase":"healthy","system":"healthy"}}
{"timestamp":"2025-09-19T05:00:34.465Z","type":"health_check","status":"healthy","details":{"database":"healthy","supabase":"healthy","system":"healthy"}}
{"timestamp":"2025-09-19T05:00:54.138Z","type":"health_check","status":"healthy","details":{"database":"healthy","supabase":"healthy","system":"healthy"}}
{"timestamp":"2025-09-19T05:01:19.937Z","type":"health_check","status":"healthy","details":{"database":"healthy","supabase":"healthy","system":"healthy"}}
{"timestamp":"2025-09-19T05:01:24.597Z","type":"health_check","status":"healthy","details":{"database":"healthy","supabase":"healthy","system":"healthy"}}
{"timestamp":"2025-09-19T05:02:05.859Z","type":"health_check","status":"warning","details":{"database":"warning","supabase":"healthy","system":"healthy"}}
{"timestamp":"2025-09-19T05:02:09.917Z","type":"health_check","status":"healthy","details":{"database":"healthy","supabase":"healthy","system":"healthy"}}
{"timestamp":"2025-09-19T05:02:52.559Z","type":"health_check","status":"healthy","details":{"database":"healthy","supabase":"healthy","system":"healthy"}}
{"timestamp":"2025-09-19T05:02:55.088Z","type":"health_check","status":"healthy","details":{"database":"healthy","supabase":"healthy","system":"healthy"}}
{"timestamp":"2025-09-19T05:03:37.930Z","type":"health_check","status":"healthy","details":{"database":"healthy","supabase":"healthy","system":"healthy"}}
{"timestamp":"2025-09-19T05:03:40.286Z","type":"health_check","status":"warning","details":{"database":"healthy","supabase":"healthy","system":"warning"}}
{"timestamp":"2025-09-19T05:04:23.595Z","type":"health_check","status":"healthy","details":{"database":"healthy","supabase":"healthy","system":"healthy"}}
{"timestamp":"2025-09-19T05:04:25.448Z","type":"health_check","status":"warning","details":{"database":"healthy","supabase":"healthy","system":"warning"}}
{"timestamp":"2025-09-19T05:05:09.910Z","type":"health_check","status":"warning","details":{"database":"healthy","supabase":"healthy","system":"warning"}}
{"timestamp":"2025-09-19T05:05:10.655Z","type":"health_check","status":"warning","details":{"database":"healthy","supabase":"healthy","system":"warning"}}
{"timestamp":"2025-09-19T05:05:55.568Z","type":"health_check","status":"warning","details":{"database":"healthy","supabase":"healthy","system":"warning"}}
{"timestamp":"2025-09-19T05:05:56.116Z","type":"health_check","status":"warning","details":{"database":"healthy","supabase":"healthy","system":"warning"}}
{"timestamp":"2025-09-19T05:06:41.267Z","type":"health_check","status":"warning","details":{"database":"healthy","supabase":"healthy","system":"warning"}}
{"timestamp":"2025-09-19T05:06:41.406Z","type":"health_check","status":"warning","details":{"database":"healthy","supabase":"healthy","system":"warning"}}
{"timestamp":"2025-09-19T05:07:26.655Z","type":"health_check","status":"warning","details":{"database":"healthy","supabase":"healthy","system":"warning"}}
{"timestamp":"2025-09-19T05:07:41.699Z","type":"health_check","status":"warning","details":{"database":"healthy","supabase":"healthy","system":"warning"}}
{"timestamp":"2025-09-19T05:08:27.259Z","type":"health_check","status":"warning","details":{"database":"healthy","supabase":"healthy","system":"warning"}}
{"timestamp":"2025-09-19T05:08:27.524Z","type":"health_check","status":"warning","details":{"database":"healthy","supabase":"healthy","system":"warning"}}
{"timestamp":"2025-09-19T05:09:27.893Z","type":"health_check","status":"healthy","details":{"database":"healthy","supabase":"healthy","system":"healthy"}}
{"timestamp":"2025-09-19T05:09:28.688Z","type":"health_check","status":"healthy","details":{"database":"healthy","supabase":"healthy","system":"healthy"}}
{"timestamp":"2025-09-19T05:09:58.776Z","type":"health_check","status":"healthy","details":{"database":"healthy","supabase":"healthy","system":"healthy"}}
{"timestamp":"2025-09-19T05:09:58.949Z","type":"health_check","status":"healthy","details":{"database":"healthy","supabase":"healthy","system":"healthy"}}
{"timestamp":"2025-09-19T05:10:29.847Z","type":"health_check","status":"warning","details":{"database":"warning","supabase":"healthy","system":"healthy"}}
{"timestamp":"2025-09-19T05:10:29.706Z","type":"health_check","status":"healthy","details":{"database":"healthy","supabase":"healthy","system":"healthy"}}
{"timestamp":"2025-09-19T05:11:01.198Z","type":"health_check","status":"healthy","details":{"database":"healthy","supabase":"healthy","system":"healthy"}}
{"timestamp":"2025-09-19T05:11:01.274Z","type":"health_check","status":"healthy","details":{"database":"healthy","supabase":"healthy","system":"healthy"}}
{"timestamp":"2025-09-19T05:11:32.569Z","type":"health_check","status":"healthy","details":{"database":"healthy","supabase":"healthy","system":"healthy"}}
{"timestamp":"2025-09-19T05:11:32.630Z","type":"health_check","status":"healthy","details":{"database":"healthy","supabase":"healthy","system":"healthy"}}
{"timestamp":"2025-09-19T05:12:03.363Z","type":"health_check","status":"healthy","details":{"database":"healthy","supabase":"healthy","system":"healthy"}}
{"timestamp":"2025-09-19T05:12:03.315Z","type":"health_check","status":"healthy","details":{"database":"healthy","supabase":"healthy","system":"healthy"}}
{"timestamp":"2025-09-19T05:12:33.946Z","type":"health_check","status":"healthy","details":{"database":"healthy","supabase":"healthy","system":"healthy"}}
{"timestamp":"2025-09-19T05:12:33.853Z","type":"health_check","status":"healthy","details":{"database":"healthy","supabase":"healthy","system":"healthy"}}
{"timestamp":"2025-09-19T05:13:04.777Z","type":"health_check","status":"warning","details":{"database":"warning","supabase":"healthy","system":"healthy"}}
{"timestamp":"2025-09-19T05:13:04.773Z","type":"health_check","status":"warning","details":{"database":"warning","supabase":"healthy","system":"healthy"}}
{"timestamp":"2025-09-19T05:13:36.357Z","type":"health_check","status":"healthy","details":{"database":"healthy","supabase":"healthy","system":"healthy"}}
{"timestamp":"2025-09-19T05:13:36.467Z","type":"health_check","status":"healthy","details":{"database":"healthy","supabase":"healthy","system":"healthy"}}
{"timestamp":"2025-09-19T05:14:22.826Z","type":"health_check","status":"warning","details":{"database":"warning","supabase":"healthy","system":"healthy"}}
{"timestamp":"2025-09-19T05:14:22.823Z","type":"health_check","status":"warning","details":{"database":"slow","supabase":"healthy","system":"healthy"}}
{"timestamp":"2025-09-19T05:14:55.156Z","type":"health_check","status":"healthy","details":{"database":"healthy","supabase":"healthy","system":"healthy"}}
{"timestamp":"2025-09-19T05:15:10.303Z","type":"health_check","status":"healthy","details":{"database":"healthy","supabase":"healthy","system":"healthy"}}
{"timestamp":"2025-09-19T05:16:07.562Z","type":"health_check","status":"warning","details":{"database":"slow","supabase":"healthy","system":"healthy"}}
{"timestamp":"2025-09-19T05:15:40.644Z","type":"health_check","status":"warning","details":{"database":"slow","supabase":"warning","system":"warning"}}
{"timestamp":"2025-09-19T05:17:02.782Z","type":"health_check","status":"warning","details":{"database":"healthy","supabase":"healthy","system":"warning"}}
{"timestamp":"2025-09-19T05:17:37.669Z","type":"health_check","status":"warning","details":{"database":"healthy","supabase":"healthy","system":"warning"}}
{"timestamp":"2025-09-19T05:17:48.250Z","type":"health_check","status":"healthy","details":{"database":"healthy","supabase":"healthy","system":"healthy"}}
{"timestamp":"2025-09-19T05:18:23.450Z","type":"health_check","status":"warning","details":{"database":"healthy","supabase":"healthy","system":"warning"}}
{"timestamp":"2025-09-19T05:18:33.681Z","type":"health_check","status":"warning","details":{"database":"healthy","supabase":"healthy","system":"warning"}}
{"timestamp":"2025-09-19T05:19:08.901Z","type":"health_check","status":"warning","details":{"database":"healthy","supabase":"healthy","system":"warning"}}
{"timestamp":"2025-09-19T05:19:19.136Z","type":"health_check","status":"warning","details":{"database":"healthy","supabase":"healthy","system":"warning"}}
{"timestamp":"2025-09-19T05:19:54.272Z","type":"health_check","status":"warning","details":{"database":"healthy","supabase":"healthy","system":"warning"}}
{"timestamp":"2025-09-19T05:20:04.726Z","type":"health_check","status":"warning","details":{"database":"healthy","supabase":"healthy","system":"warning"}}
{"timestamp":"2025-09-19T05:20:39.899Z","type":"health_check","status":"warning","details":{"database":"healthy","supabase":"healthy","system":"warning"}}
{"timestamp":"2025-09-19T05:20:50.175Z","type":"health_check","status":"warning","details":{"database":"healthy","supabase":"healthy","system":"warning"}}
{"timestamp":"2025-09-19T05:21:25.301Z","type":"health_check","status":"warning","details":{"database":"healthy","supabase":"healthy","system":"warning"}}
{"timestamp":"2025-09-19T05:21:50.524Z","type":"health_check","status":"warning","details":{"database":"healthy","supabase":"healthy","system":"warning"}}
{"timestamp":"2025-09-19T05:22:10.805Z","type":"health_check","status":"healthy","details":{"database":"healthy","supabase":"healthy","system":"healthy"}}
{"timestamp":"2025-09-19T05:22:41.303Z","type":"health_check","status":"warning","details":{"database":"warning","supabase":"healthy","system":"healthy"}}
{"timestamp":"2025-09-19T05:22:51.382Z","type":"health_check","status":"healthy","details":{"database":"healthy","supabase":"healthy","system":"healthy"}}
{"timestamp":"2025-09-19T05:23:12.763Z","type":"health_check","status":"warning","details":{"database":"slow","supabase":"healthy","system":"healthy"}}
{"timestamp":"2025-09-19T05:23:22.036Z","type":"health_check","status":"healthy","details":{"database":"healthy","supabase":"healthy","system":"healthy"}}
{"timestamp":"2025-09-19T05:23:45.739Z","type":"health_check","status":"healthy","details":{"database":"healthy","supabase":"healthy","system":"healthy"}}
{"timestamp":"2025-09-19T05:23:52.715Z","type":"health_check","status":"healthy","details":{"database":"healthy","supabase":"healthy","system":"healthy"}}
{"timestamp":"2025-09-19T05:24:16.363Z","type":"health_check","status":"healthy","details":{"database":"healthy","supabase":"healthy","system":"healthy"}}
{"timestamp":"2025-09-19T05:24:23.023Z","type":"health_check","status":"healthy","details":{"database":"healthy","supabase":"healthy","system":"healthy"}}
{"timestamp":"2025-09-19T05:24:46.666Z","type":"health_check","status":"healthy","details":{"database":"healthy","supabase":"healthy","system":"healthy"}}
{"timestamp":"2025-09-19T05:24:53.403Z","type":"health_check","status":"healthy","details":{"database":"healthy","supabase":"healthy","system":"healthy"}}
{"timestamp":"2025-09-19T05:25:17.072Z","type":"health_check","status":"healthy","details":{"database":"healthy","supabase":"healthy","system":"healthy"}}
{"timestamp":"2025-09-19T05:25:23.756Z","type":"health_check","status":"healthy","details":{"database":"healthy","supabase":"healthy","system":"healthy"}}
{"timestamp":"2025-09-19T05:25:47.397Z","type":"health_check","status":"healthy","details":{"database":"healthy","supabase":"healthy","system":"healthy"}}
{"timestamp":"2025-09-19T05:25:54.174Z","type":"health_check","status":"healthy","details":{"database":"healthy","supabase":"healthy","system":"healthy"}}
{"timestamp":"2025-09-19T05:26:18.033Z","type":"health_check","status":"healthy","details":{"database":"healthy","supabase":"healthy","system":"healthy"}}
{"timestamp":"2025-09-19T05:26:39.581Z","type":"health_check","status":"healthy","details":{"database":"healthy","supabase":"healthy","system":"healthy"}}
{"timestamp":"2025-09-19T05:27:03.438Z","type":"health_check","status":"healthy","details":{"database":"healthy","supabase":"healthy","system":"healthy"}}
{"timestamp":"2025-09-19T05:27:09.945Z","type":"health_check","status":"healthy","details":{"database":"healthy","supabase":"healthy","system":"healthy"}}
{"timestamp":"2025-09-19T05:27:48.860Z","type":"health_check","status":"healthy","details":{"database":"healthy","supabase":"healthy","system":"healthy"}}
{"timestamp":"2025-09-19T05:27:55.334Z","type":"health_check","status":"healthy","details":{"database":"healthy","supabase":"healthy","system":"healthy"}}
{"timestamp":"2025-09-19T05:28:34.413Z","type":"health_check","status":"healthy","details":{"database":"healthy","supabase":"healthy","system":"healthy"}}
{"timestamp":"2025-09-19T05:28:40.674Z","type":"health_check","status":"healthy","details":{"database":"healthy","supabase":"healthy","system":"healthy"}}
{"timestamp":"2025-09-19T05:29:19.842Z","type":"health_check","status":"healthy","details":{"database":"healthy","supabase":"healthy","system":"healthy"}}
{"timestamp":"2025-09-19T05:29:26.094Z","type":"health_check","status":"healthy","details":{"database":"healthy","supabase":"healthy","system":"healthy"}}
{"timestamp":"2025-09-19T05:30:05.154Z","type":"health_check","status":"healthy","details":{"database":"healthy","supabase":"healthy","system":"healthy"}}
{"timestamp":"2025-09-19T05:30:11.399Z","type":"health_check","status":"healthy","details":{"database":"healthy","supabase":"healthy","system":"healthy"}}
{"timestamp":"2025-09-19T05:30:50.883Z","type":"health_check","status":"warning","details":{"database":"healthy","supabase":"healthy","system":"warning"}}
{"timestamp":"2025-09-19T05:30:56.843Z","type":"health_check","status":"warning","details":{"database":"healthy","supabase":"healthy","system":"warning"}}
{"timestamp":"2025-09-19T05:31:36.295Z","type":"health_check","status":"warning","details":{"database":"healthy","supabase":"healthy","system":"warning"}}
{"timestamp":"2025-09-19T05:31:42.236Z","type":"health_check","status":"error","details":{"database":"error","supabase":"healthy","system":"healthy"}}
{"timestamp":"2025-09-19T05:32:21.880Z","type":"health_check","status":"warning","details":{"database":"warning","supabase":"healthy","system":"warning"}}
{"timestamp":"2025-09-19T05:32:40.492Z","type":"health_check","status":"warning","details":{"database":"healthy","supabase":"healthy","system":"warning"}}
{"timestamp":"2025-09-19T05:33:08.881Z","type":"health_check","status":"warning","details":{"database":"healthy","supabase":"healthy","system":"warning"}}
{"timestamp":"2025-09-19T05:33:26.811Z","type":"health_check","status":"warning","details":{"database":"healthy","supabase":"healthy","system":"warning"}}
{"timestamp":"2025-09-19T05:33:54.115Z","type":"health_check","status":"warning","details":{"database":"healthy","supabase":"healthy","system":"warning"}}
{"timestamp":"2025-09-19T05:34:12.219Z","type":"health_check","status":"warning","details":{"database":"healthy","supabase":"healthy","system":"warning"}}
{"timestamp":"2025-09-19T05:34:39.983Z","type":"health_check","status":"warning","details":{"database":"healthy","supabase":"healthy","system":"warning"}}
{"timestamp":"2025-09-19T05:34:57.654Z","type":"health_check","status":"healthy","details":{"database":"healthy","supabase":"healthy","system":"healthy"}}
{"timestamp":"2025-09-19T05:35:27.947Z","type":"health_check","status":"healthy","details":{"database":"healthy","supabase":"healthy","system":"healthy"}}
{"timestamp":"2025-09-19T05:35:40.416Z","type":"health_check","status":"healthy","details":{"database":"healthy","supabase":"healthy","system":"healthy"}}
{"timestamp":"2025-09-19T05:35:58.270Z","type":"health_check","status":"healthy","details":{"database":"healthy","supabase":"healthy","system":"healthy"}}
{"timestamp":"2025-09-19T05:36:11.067Z","type":"health_check","status":"healthy","details":{"database":"healthy","supabase":"healthy","system":"healthy"}}
{"timestamp":"2025-09-19T05:36:28.668Z","type":"health_check","status":"healthy","details":{"database":"healthy","supabase":"healthy","system":"healthy"}}
{"timestamp":"2025-09-19T05:36:41.395Z","type":"health_check","status":"healthy","details":{"database":"healthy","supabase":"healthy","system":"healthy"}}
{"timestamp":"2025-09-19T05:36:59.083Z","type":"health_check","status":"healthy","details":{"database":"healthy","supabase":"healthy","system":"healthy"}}
{"timestamp":"2025-09-19T05:37:11.822Z","type":"health_check","status":"warning","details":{"database":"warning","supabase":"healthy","system":"healthy"}}
{"timestamp":"2025-09-19T05:37:29.446Z","type":"health_check","status":"warning","details":{"database":"slow","supabase":"healthy","system":"healthy"}}
{"timestamp":"2025-09-19T05:37:43.885Z","type":"health_check","status":"healthy","details":{"database":"healthy","supabase":"healthy","system":"healthy"}}
{"timestamp":"2025-09-19T05:38:02.167Z","type":"health_check","status":"healthy","details":{"database":"healthy","supabase":"healthy","system":"healthy"}}
{"timestamp":"2025-09-19T05:38:14.213Z","type":"health_check","status":"healthy","details":{"database":"healthy","supabase":"healthy","system":"healthy"}}
{"timestamp":"2025-09-19T05:38:32.671Z","type":"health_check","status":"healthy","details":{"database":"healthy","supabase":"healthy","system":"healthy"}}
{"timestamp":"2025-09-19T05:38:44.580Z","type":"health_check","status":"healthy","details":{"database":"healthy","supabase":"healthy","system":"healthy"}}
{"timestamp":"2025-09-19T05:39:02.999Z","type":"health_check","status":"healthy","details":{"database":"healthy","supabase":"healthy","system":"healthy"}}
{"timestamp":"2025-09-19T05:39:14.876Z","type":"health_check","status":"healthy","details":{"database":"healthy","supabase":"healthy","system":"healthy"}}
{"timestamp":"2025-09-19T05:39:33.371Z","type":"health_check","status":"healthy","details":{"database":"healthy","supabase":"healthy","system":"healthy"}}
{"timestamp":"2025-09-19T05:39:45.416Z","type":"health_check","status":"healthy","details":{"database":"healthy","supabase":"healthy","system":"healthy"}}
{"timestamp":"2025-09-19T05:40:03.769Z","type":"health_check","status":"healthy","details":{"database":"healthy","supabase":"healthy","system":"healthy"}}
{"timestamp":"2025-09-19T05:40:15.808Z","type":"health_check","status":"healthy","details":{"database":"healthy","supabase":"healthy","system":"healthy"}}
{"timestamp":"2025-09-19T05:40:49.221Z","type":"health_check","status":"healthy","details":{"database":"healthy","supabase":"healthy","system":"healthy"}}
{"timestamp":"2025-09-19T05:41:01.159Z","type":"health_check","status":"healthy","details":{"database":"healthy","supabase":"healthy","system":"healthy"}}
{"timestamp":"2025-09-19T05:41:19.538Z","type":"health_check","status":"healthy","details":{"database":"healthy","supabase":"healthy","system":"healthy"}}
{"timestamp":"2025-09-19T05:41:46.870Z","type":"health_check","status":"healthy","details":{"database":"healthy","supabase":"healthy","system":"healthy"}}
{"timestamp":"2025-09-19T05:42:04.919Z","type":"health_check","status":"healthy","details":{"database":"healthy","supabase":"healthy","system":"healthy"}}
{"timestamp":"2025-09-19T05:42:32.327Z","type":"health_check","status":"healthy","details":{"database":"healthy","supabase":"healthy","system":"healthy"}}
{"timestamp":"2025-09-19T05:42:50.357Z","type":"health_check","status":"warning","details":{"database":"healthy","supabase":"healthy","system":"warning"}}
{"timestamp":"2025-09-19T05:43:17.866Z","type":"health_check","status":"warning","details":{"database":"healthy","supabase":"healthy","system":"warning"}}
{"timestamp":"2025-09-19T05:43:36.168Z","type":"health_check","status":"warning","details":{"database":"healthy","supabase":"healthy","system":"warning"}}
{"timestamp":"2025-09-19T05:44:03.236Z","type":"health_check","status":"warning","details":{"database":"warning","supabase":"healthy","system":"healthy"}}
{"timestamp":"2025-09-19T05:44:21.541Z","type":"health_check","status":"warning","details":{"database":"healthy","supabase":"healthy","system":"warning"}}
{"timestamp":"2025-09-19T05:44:49.870Z","type":"health_check","status":"warning","details":{"database":"healthy","supabase":"healthy","system":"warning"}}
{"timestamp":"2025-09-19T05:45:07.375Z","type":"health_check","status":"warning","details":{"database":"healthy","supabase":"healthy","system":"warning"}}
{"timestamp":"2025-09-19T05:45:35.686Z","type":"health_check","status":"warning","details":{"database":"healthy","supabase":"healthy","system":"warning"}}
{"timestamp":"2025-09-19T05:45:52.875Z","type":"health_check","status":"warning","details":{"database":"healthy","supabase":"healthy","system":"warning"}}
{"timestamp":"2025-09-19T05:46:21.312Z","type":"health_check","status":"warning","details":{"database":"healthy","supabase":"healthy","system":"warning"}}
{"timestamp":"2025-09-19T05:46:38.263Z","type":"health_check","status":"warning","details":{"database":"healthy","supabase":"healthy","system":"warning"}}
{"timestamp":"2025-09-19T05:47:21.653Z","type":"health_check","status":"healthy","details":{"database":"healthy","supabase":"healthy","system":"healthy"}}
{"timestamp":"2025-09-19T05:47:38.983Z","type":"health_check","status":"healthy","details":{"database":"healthy","supabase":"healthy","system":"healthy"}}
{"timestamp":"2025-09-19T05:47:52.099Z","type":"health_check","status":"healthy","details":{"database":"healthy","supabase":"healthy","system":"healthy"}}
{"timestamp":"2025-09-19T05:48:09.295Z","type":"health_check","status":"healthy","details":{"database":"healthy","supabase":"healthy","system":"healthy"}}
{"timestamp":"2025-09-19T05:48:22.501Z","type":"health_check","status":"healthy","details":{"database":"healthy","supabase":"healthy","system":"healthy"}}
{"timestamp":"2025-09-19T05:48:39.924Z","type":"health_check","status":"healthy","details":{"database":"healthy","supabase":"healthy","system":"healthy"}}
{"timestamp":"2025-09-19T05:48:53.180Z","type":"health_check","status":"healthy","details":{"database":"healthy","supabase":"healthy","system":"healthy"}}
{"timestamp":"2025-09-19T05:49:10.557Z","type":"health_check","status":"warning","details":{"database":"slow","supabase":"warning","system":"healthy"}}
{"timestamp":"2025-09-19T05:49:23.552Z","type":"health_check","status":"warning","details":{"database":"slow","supabase":"healthy","system":"healthy"}}
{"timestamp":"2025-09-19T05:50:02.048Z","type":"health_check","status":"healthy","details":{"database":"healthy","supabase":"healthy","system":"healthy"}}
{"timestamp":"2025-09-19T05:50:08.817Z","type":"health_check","status":"healthy","details":{"database":"healthy","supabase":"healthy","system":"healthy"}}
{"timestamp":"2025-09-19T05:50:39.648Z","type":"health_check","status":"healthy","details":{"database":"healthy","supabase":"healthy","system":"healthy"}}
{"timestamp":"2025-09-19T05:50:49.248Z","type":"health_check","status":"healthy","details":{"database":"healthy","supabase":"healthy","system":"healthy"}}
{"timestamp":"2025-09-19T05:51:10.040Z","type":"health_check","status":"healthy","details":{"database":"healthy","supabase":"healthy","system":"healthy"}}
{"timestamp":"2025-09-19T05:51:19.563Z","type":"health_check","status":"healthy","details":{"database":"healthy","supabase":"healthy","system":"healthy"}}
{"timestamp":"2025-09-19T05:51:40.410Z","type":"health_check","status":"healthy","details":{"database":"healthy","supabase":"healthy","system":"healthy"}}
{"timestamp":"2025-09-19T05:51:50.687Z","type":"health_check","status":"warning","details":{"database":"healthy","supabase":"healthy","system":"warning"}}
{"timestamp":"2025-09-19T05:52:25.906Z","type":"health_check","status":"warning","details":{"database":"slow","supabase":"warning","system":"warning"}}
{"timestamp":"2025-09-19T05:52:36.039Z","type":"health_check","status":"warning","details":{"database":"slow","supabase":"healthy","system":"warning"}}
{"timestamp":"2025-09-19T05:53:37.877Z","type":"health_check","status":"error","details":{"database":"error","supabase":"healthy","system":"warning"}}
{"timestamp":"2025-09-19T05:53:38.987Z","type":"health_check","status":"warning","details":{"database":"slow","supabase":"healthy","system":"warning"}}
{"timestamp":"2025-09-19T05:54:42.108Z","type":"health_check","status":"warning","details":{"database":"slow","supabase":"healthy","system":"warning"}}
{"timestamp":"2025-09-19T05:54:42.217Z","type":"health_check","status":"warning","details":{"database":"slow","supabase":"healthy","system":"warning"}}
{"timestamp":"2025-09-19T05:55:50.257Z","type":"health_check","status":"warning","details":{"database":"healthy","supabase":"healthy","system":"warning"}}
{"timestamp":"2025-09-19T05:55:50.287Z","type":"health_check","status":"warning","details":{"database":"healthy","supabase":"healthy","system":"warning"}}
{"timestamp":"2025-09-19T05:56:51.431Z","type":"health_check","status":"error","details":{"database":"healthy","supabase":"healthy","system":"error"}}
{"timestamp":"2025-09-19T05:56:51.573Z","type":"health_check","status":"error","details":{"database":"healthy","supabase":"healthy","system":"error"}}
{"timestamp":"2025-09-19T05:57:52.263Z","type":"health_check","status":"warning","details":{"database":"healthy","supabase":"healthy","system":"warning"}}
{"timestamp":"2025-09-19T05:57:52.357Z","type":"health_check","status":"warning","details":{"database":"healthy","supabase":"healthy","system":"warning"}}
{"timestamp":"2025-09-19T05:58:53.207Z","type":"health_check","status":"error","details":{"database":"slow","supabase":"healthy","system":"error"}}
{"timestamp":"2025-09-19T05:58:53.112Z","type":"health_check","status":"error","details":{"database":"slow","supabase":"healthy","system":"error"}}
{"timestamp":"2025-09-19T06:00:00.252Z","type":"health_check","status":"warning","details":{"database":"slow","supabase":"healthy","system":"warning"}}
{"timestamp":"2025-09-19T06:00:01.386Z","type":"health_check","status":"warning","details":{"database":"slow","supabase":"healthy","system":"warning"}}
{"timestamp":"2025-09-19T06:01:05.156Z","type":"health_check","status":"error","details":{"database":"healthy","supabase":"healthy","system":"error"}}
{"timestamp":"2025-09-19T06:01:04.863Z","type":"health_check","status":"error","details":{"database":"healthy","supabase":"healthy","system":"error"}}
{"timestamp":"2025-09-19T06:02:05.803Z","type":"health_check","status":"warning","details":{"database":"slow","supabase":"healthy","system":"warning"}}
{"timestamp":"2025-09-19T06:02:05.818Z","type":"health_check","status":"error","details":{"database":"slow","supabase":"healthy","system":"error"}}
{"timestamp":"2025-09-19T06:03:09.726Z","type":"health_check","status":"warning","details":{"database":"healthy","supabase":"healthy","system":"warning"}}
{"timestamp":"2025-09-19T06:03:10.555Z","type":"health_check","status":"warning","details":{"database":"healthy","supabase":"healthy","system":"warning"}}
{"timestamp":"2025-09-19T06:04:10.093Z","type":"health_check","status":"warning","details":{"database":"healthy","supabase":"healthy","system":"warning"}}
{"timestamp":"2025-09-19T06:04:10.703Z","type":"health_check","status":"warning","details":{"database":"healthy","supabase":"healthy","system":"warning"}}
{"timestamp":"2025-09-19T06:05:10.430Z","type":"health_check","status":"warning","details":{"database":"healthy","supabase":"healthy","system":"warning"}}
{"timestamp":"2025-09-19T06:05:10.853Z","type":"health_check","status":"warning","details":{"database":"healthy","supabase":"healthy","system":"warning"}}
{"timestamp":"2025-09-19T06:06:10.768Z","type":"health_check","status":"error","details":{"database":"healthy","supabase":"healthy","system":"error"}}
{"timestamp":"2025-09-19T06:06:11.001Z","type":"health_check","status":"warning","details":{"database":"healthy","supabase":"healthy","system":"warning"}}
{"timestamp":"2025-09-19T06:07:11.138Z","type":"health_check","status":"healthy","details":{"database":"healthy","supabase":"healthy","system":"healthy"}}
{"timestamp":"2025-09-19T06:07:11.061Z","type":"health_check","status":"healthy","details":{"database":"healthy","supabase":"healthy","system":"healthy"}}
{"timestamp":"2025-09-19T06:07:41.386Z","type":"health_check","status":"healthy","details":{"database":"healthy","supabase":"healthy","system":"healthy"}}
{"timestamp":"2025-09-19T06:07:41.587Z","type":"health_check","status":"healthy","details":{"database":"healthy","supabase":"healthy","system":"healthy"}}
{"timestamp":"2025-09-19T06:08:26.748Z","type":"health_check","status":"healthy","details":{"database":"healthy","supabase":"healthy","system":"healthy"}}
{"timestamp":"2025-09-19T06:08:26.778Z","type":"health_check","status":"healthy","details":{"database":"healthy","supabase":"healthy","system":"healthy"}}
{"timestamp":"2025-09-19T06:09:12.068Z","type":"health_check","status":"warning","details":{"database":"slow","supabase":"healthy","system":"healthy"}}
{"timestamp":"2025-09-19T06:09:12.036Z","type":"health_check","status":"warning","details":{"database":"slow","supabase":"healthy","system":"healthy"}}
{"timestamp":"2025-09-19T06:10:06.982Z","type":"health_check","status":"healthy","details":{"database":"healthy","supabase":"healthy","system":"healthy"}}
{"timestamp":"2025-09-19T06:10:07.140Z","type":"health_check","status":"healthy","details":{"database":"healthy","supabase":"healthy","system":"healthy"}}
{"timestamp":"2025-09-19T06:10:52.567Z","type":"health_check","status":"healthy","details":{"database":"healthy","supabase":"healthy","system":"healthy"}}
{"timestamp":"2025-09-19T06:10:52.504Z","type":"health_check","status":"healthy","details":{"database":"healthy","supabase":"healthy","system":"healthy"}}
{"timestamp":"2025-09-19T06:11:37.985Z","type":"health_check","status":"warning","details":{"database":"healthy","supabase":"healthy","system":"warning"}}
{"timestamp":"2025-09-19T06:11:37.987Z","type":"health_check","status":"warning","details":{"database":"healthy","supabase":"healthy","system":"warning"}}
{"timestamp":"2025-09-19T06:12:23.762Z","type":"health_check","status":"warning","details":{"database":"healthy","supabase":"healthy","system":"warning"}}
{"timestamp":"2025-09-19T06:12:23.746Z","type":"health_check","status":"healthy","details":{"database":"healthy","supabase":"healthy","system":"healthy"}}
{"timestamp":"2025-09-19T06:13:09.371Z","type":"health_check","status":"warning","details":{"database":"healthy","supabase":"healthy","system":"warning"}}
{"timestamp":"2025-09-19T06:13:09.434Z","type":"health_check","status":"warning","details":{"database":"healthy","supabase":"healthy","system":"warning"}}
{"timestamp":"2025-09-19T06:13:54.858Z","type":"health_check","status":"warning","details":{"database":"slow","supabase":"healthy","system":"warning"}}
{"timestamp":"2025-09-19T06:13:54.889Z","type":"health_check","status":"warning","details":{"database":"slow","supabase":"healthy","system":"warning"}}
{"timestamp":"2025-09-19T06:14:46.016Z","type":"health_check","status":"warning","details":{"database":"slow","supabase":"healthy","system":"warning"}}
{"timestamp":"2025-09-19T06:14:46.018Z","type":"health_check","status":"warning","details":{"database":"slow","supabase":"healthy","system":"warning"}}
{"timestamp":"2025-09-19T06:15:33.578Z","type":"health_check","status":"warning","details":{"database":"slow","supabase":"healthy","system":"warning"}}
{"timestamp":"2025-09-19T06:15:33.734Z","type":"health_check","status":"warning","details":{"database":"slow","supabase":"healthy","system":"warning"}}
{"timestamp":"2025-09-19T06:16:39.591Z","type":"health_check","status":"error","details":{"database":"error","supabase":"warning","system":"warning"}}
{"timestamp":"2025-09-19T06:16:39.585Z","type":"health_check","status":"error","details":{"database":"error","supabase":"warning","system":"warning"}}
{"timestamp":"2025-09-19T06:17:42.306Z","type":"health_check","status":"warning","details":{"database":"slow","supabase":"warning","system":"warning"}}
{"timestamp":"2025-09-19T06:17:57.338Z","type":"health_check","status":"warning","details":{"database":"slow","supabase":"healthy","system":"warning"}}
{"timestamp":"2025-09-19T06:18:56.624Z","type":"health_check","status":"error","details":{"database":"error","supabase":"warning","system":"warning"}}
{"timestamp":"2025-09-19T06:19:13.581Z","type":"health_check","status":"error","details":{"database":"error","supabase":"warning","system":"warning"}}
{"timestamp":"2025-09-19T06:20:09.880Z","type":"health_check","status":"error","details":{"database":"error","supabase":"warning","system":"warning"}}
{"timestamp":"2025-09-19T06:20:14.232Z","type":"health_check","status":"error","details":{"database":"error","supabase":"warning","system":"warning"}}
{"timestamp":"2025-09-19T06:21:31.205Z","type":"health_check","status":"error","details":{"database":"error","supabase":"warning","system":"warning"}}
{"timestamp":"2025-09-19T06:21:35.277Z","type":"health_check","status":"error","details":{"database":"error","supabase":"warning","system":"warning"}}
{"timestamp":"2025-09-19T06:22:56.134Z","type":"health_check","status":"error","details":{"database":"error","supabase":"warning","system":"warning"}}
{"timestamp":"2025-09-19T06:22:52.575Z","type":"health_check","status":"error","details":{"database":"error","supabase":"warning","system":"warning"}}
{"timestamp":"2025-09-19T06:24:07.120Z","type":"health_check","status":"healthy","details":{"database":"healthy","supabase":"healthy","system":"healthy"}}
{"timestamp":"2025-09-19T06:24:52.769Z","type":"health_check","status":"healthy","details":{"database":"healthy","supabase":"healthy","system":"healthy"}}
{"timestamp":"2025-09-19T06:24:06.918Z","type":"health_check","status":"warning","details":{"database":"healthy","supabase":"warning","system":"healthy"}}
{"timestamp":"2025-09-19T06:25:23.554Z","type":"health_check","status":"healthy","details":{"database":"healthy","supabase":"healthy","system":"healthy"}}
{"timestamp":"2025-09-19T06:25:37.936Z","type":"health_check","status":"healthy","details":{"database":"healthy","supabase":"healthy","system":"healthy"}}
{"timestamp":"2025-09-19T06:26:09.204Z","type":"health_check","status":"healthy","details":{"database":"healthy","supabase":"healthy","system":"healthy"}}
{"timestamp":"2025-09-19T06:26:24.173Z","type":"health_check","status":"healthy","details":{"database":"healthy","supabase":"healthy","system":"healthy"}}
{"timestamp":"2025-09-19T06:26:55.167Z","type":"health_check","status":"warning","details":{"database":"slow","supabase":"healthy","system":"healthy"}}
{"timestamp":"2025-09-19T06:27:09.572Z","type":"health_check","status":"healthy","details":{"database":"healthy","supabase":"healthy","system":"healthy"}}
{"timestamp":"2025-09-19T06:27:43.015Z","type":"health_check","status":"healthy","details":{"database":"healthy","supabase":"healthy","system":"healthy"}}
{"timestamp":"2025-09-19T06:27:55.889Z","type":"health_check","status":"warning","details":{"database":"healthy","supabase":"healthy","system":"warning"}}
{"timestamp":"2025-09-19T06:28:28.862Z","type":"health_check","status":"warning","details":{"database":"healthy","supabase":"healthy","system":"warning"}}
{"timestamp":"2025-09-19T06:28:41.880Z","type":"health_check","status":"healthy","details":{"database":"healthy","supabase":"healthy","system":"healthy"}}
{"timestamp":"2025-09-19T06:29:14.521Z","type":"health_check","status":"error","details":{"database":"error","supabase":"healthy","system":"warning"}}
{"timestamp":"2025-09-19T06:29:28.280Z","type":"health_check","status":"error","details":{"database":"error","supabase":"warning","system":"warning"}}
{"timestamp":"2025-09-19T07:37:02.519Z","type":"health_check","status":"warning","details":{"database":"healthy","supabase":"healthy","system":"warning"}}
{"timestamp":"2025-09-19T07:37:02.592Z","type":"health_check","status":"warning","details":{"database":"healthy","supabase":"healthy","system":"warning"}}
{"timestamp":"2025-09-19T07:37:32.528Z","type":"health_check","status":"healthy","details":{"database":"healthy","supabase":"healthy","system":"healthy"}}
{"timestamp":"2025-09-19T07:37:32.605Z","type":"health_check","status":"warning","details":{"database":"healthy","supabase":"healthy","system":"warning"}}
{"timestamp":"2025-09-19T07:38:17.968Z","type":"health_check","status":"warning","details":{"database":"healthy","supabase":"healthy","system":"warning"}}
{"timestamp":"2025-09-19T07:38:18.015Z","type":"health_check","status":"warning","details":{"database":"healthy","supabase":"healthy","system":"warning"}}
{"timestamp":"2025-09-19T07:39:03.289Z","type":"health_check","status":"warning","details":{"database":"healthy","supabase":"healthy","system":"warning"}}
{"timestamp":"2025-09-19T07:39:03.647Z","type":"health_check","status":"warning","details":{"database":"healthy","supabase":"healthy","system":"warning"}}
{"timestamp":"2025-09-19T07:39:48.981Z","type":"health_check","status":"warning","details":{"database":"healthy","supabase":"healthy","system":"warning"}}
{"timestamp":"2025-09-19T07:39:48.918Z","type":"health_check","status":"warning","details":{"database":"healthy","supabase":"healthy","system":"warning"}}
{"timestamp":"2025-09-19T07:40:49.382Z","type":"health_check","status":"warning","details":{"database":"healthy","supabase":"healthy","system":"warning"}}
{"timestamp":"2025-09-19T07:40:49.393Z","type":"health_check","status":"warning","details":{"database":"healthy","supabase":"healthy","system":"warning"}}
{"timestamp":"2025-09-19T07:41:49.710Z","type":"health_check","status":"warning","details":{"database":"healthy","supabase":"healthy","system":"warning"}}
{"timestamp":"2025-09-19T07:41:49.912Z","type":"health_check","status":"warning","details":{"database":"healthy","supabase":"healthy","system":"warning"}}
{"timestamp":"2025-09-19T07:42:50.766Z","type":"health_check","status":"warning","details":{"database":"healthy","supabase":"healthy","system":"warning"}}
{"timestamp":"2025-09-19T07:42:50.719Z","type":"health_check","status":"warning","details":{"database":"healthy","supabase":"healthy","system":"warning"}}
{"timestamp":"2025-09-19T07:43:51.394Z","type":"health_check","status":"warning","details":{"database":"healthy","supabase":"healthy","system":"warning"}}
{"timestamp":"2025-09-19T07:43:51.387Z","type":"health_check","status":"warning","details":{"database":"healthy","supabase":"healthy","system":"warning"}}
{"timestamp":"2025-09-19T07:44:52.256Z","type":"health_check","status":"warning","details":{"database":"healthy","supabase":"healthy","system":"warning"}}
{"timestamp":"2025-09-19T07:44:52.273Z","type":"health_check","status":"warning","details":{"database":"healthy","supabase":"healthy","system":"warning"}}
{"timestamp":"2025-09-19T08:38:00.563Z","type":"health_check","status":"warning","details":{"database":"healthy","supabase":"healthy","system":"warning"}}
{"timestamp":"2025-09-19T08:38:00.587Z","type":"health_check","status":"warning","details":{"database":"healthy","supabase":"healthy","system":"warning"}}
{"timestamp":"2025-09-19T08:38:30.576Z","type":"health_check","status":"warning","details":{"database":"healthy","supabase":"healthy","system":"warning"}}
{"timestamp":"2025-09-19T08:38:30.595Z","type":"health_check","status":"warning","details":{"database":"healthy","supabase":"healthy","system":"warning"}}
{"timestamp":"2025-09-19T08:39:30.884Z","type":"health_check","status":"warning","details":{"database":"healthy","supabase":"healthy","system":"warning"}}
{"timestamp":"2025-09-19T08:39:30.888Z","type":"health_check","status":"error","details":{"database":"healthy","supabase":"healthy","system":"error"}}
{"timestamp":"2025-09-19T08:40:31.220Z","type":"health_check","status":"error","details":{"database":"healthy","supabase":"healthy","system":"error"}}
{"timestamp":"2025-09-19T08:40:31.354Z","type":"health_check","status":"error","details":{"database":"healthy","supabase":"healthy","system":"error"}}
{"timestamp":"2025-09-19T08:41:31.521Z","type":"health_check","status":"error","details":{"database":"healthy","supabase":"healthy","system":"error"}}
{"timestamp":"2025-09-19T08:41:31.520Z","type":"health_check","status":"error","details":{"database":"healthy","supabase":"healthy","system":"error"}}
{"timestamp":"2025-09-19T08:42:31.799Z","type":"health_check","status":"warning","details":{"database":"healthy","supabase":"healthy","system":"warning"}}
{"timestamp":"2025-09-19T08:42:31.794Z","type":"health_check","status":"warning","details":{"database":"healthy","supabase":"healthy","system":"warning"}}
{"timestamp":"2025-09-19T08:43:32.360Z","type":"health_check","status":"error","details":{"database":"healthy","supabase":"healthy","system":"error"}}
{"timestamp":"2025-09-19T08:43:32.873Z","type":"health_check","status":"error","details":{"database":"healthy","supabase":"healthy","system":"error"}}
{"timestamp":"2025-09-19T08:44:32.701Z","type":"health_check","status":"warning","details":{"database":"healthy","supabase":"healthy","system":"warning"}}
{"timestamp":"2025-09-19T08:44:33.045Z","type":"health_check","status":"warning","details":{"database":"healthy","supabase":"healthy","system":"warning"}}
{"timestamp":"2025-09-19T08:45:33.268Z","type":"health_check","status":"error","details":{"database":"healthy","supabase":"healthy","system":"error"}}
{"timestamp":"2025-09-19T08:45:33.263Z","type":"health_check","status":"error","details":{"database":"healthy","supabase":"healthy","system":"error"}}
{"timestamp":"2025-09-19T08:46:33.634Z","type":"health_check","status":"warning","details":{"database":"healthy","supabase":"healthy","system":"warning"}}
{"timestamp":"2025-09-19T08:46:33.629Z","type":"health_check","status":"warning","details":{"database":"healthy","supabase":"healthy","system":"warning"}}
{"timestamp":"2025-09-19T08:47:18.978Z","type":"health_check","status":"warning","details":{"database":"healthy","supabase":"healthy","system":"warning"}}
{"timestamp":"2025-09-19T08:47:18.984Z","type":"health_check","status":"warning","details":{"database":"healthy","supabase":"healthy","system":"warning"}}
{"timestamp":"2025-09-19T08:48:04.373Z","type":"health_check","status":"warning","details":{"database":"healthy","supabase":"healthy","system":"warning"}}
{"timestamp":"2025-09-19T08:48:04.370Z","type":"health_check","status":"warning","details":{"database":"healthy","supabase":"healthy","system":"warning"}}
{"timestamp":"2025-09-19T08:48:49.647Z","type":"health_check","status":"warning","details":{"database":"healthy","supabase":"healthy","system":"warning"}}
{"timestamp":"2025-09-19T08:48:49.800Z","type":"health_check","status":"warning","details":{"database":"healthy","supabase":"healthy","system":"warning"}}
{"timestamp":"2025-09-19T08:49:49.965Z","type":"health_check","status":"warning","details":{"database":"healthy","supabase":"healthy","system":"warning"}}
{"timestamp":"2025-09-19T08:49:49.932Z","type":"health_check","status":"warning","details":{"database":"healthy","supabase":"healthy","system":"warning"}}
{"timestamp":"2025-09-19T08:50:50.589Z","type":"health_check","status":"warning","details":{"database":"healthy","supabase":"healthy","system":"warning"}}
{"timestamp":"2025-09-19T08:50:51.196Z","type":"health_check","status":"error","details":{"database":"healthy","supabase":"healthy","system":"error"}}
{"timestamp":"2025-09-19T08:51:50.789Z","type":"health_check","status":"warning","details":{"database":"healthy","supabase":"healthy","system":"warning"}}
{"timestamp":"2025-09-19T08:51:51.337Z","type":"health_check","status":"warning","details":{"database":"healthy","supabase":"healthy","system":"warning"}}
{"timestamp":"2025-09-19T08:52:51.483Z","type":"health_check","status":"error","details":{"database":"healthy","supabase":"healthy","system":"error"}}
{"timestamp":"2025-09-19T08:52:51.406Z","type":"health_check","status":"error","details":{"database":"healthy","supabase":"healthy","system":"error"}}
{"timestamp":"2025-09-19T08:53:51.837Z","type":"health_check","status":"error","details":{"database":"healthy","supabase":"healthy","system":"error"}}
{"timestamp":"2025-09-19T08:53:51.744Z","type":"health_check","status":"error","details":{"database":"healthy","supabase":"healthy","system":"error"}}
{"timestamp":"2025-09-19T08:54:52.727Z","type":"health_check","status":"error","details":{"database":"healthy","supabase":"healthy","system":"error"}}
{"timestamp":"2025-09-19T08:54:52.773Z","type":"health_check","status":"error","details":{"database":"healthy","supabase":"healthy","system":"error"}}
{"timestamp":"2025-09-19T08:55:52.992Z","type":"health_check","status":"error","details":{"database":"healthy","supabase":"healthy","system":"error"}}
{"timestamp":"2025-09-19T08:55:53.022Z","type":"health_check","status":"error","details":{"database":"healthy","supabase":"healthy","system":"error"}}
{"timestamp":"2025-09-19T08:56:53.553Z","type":"health_check","status":"error","details":{"database":"healthy","supabase":"healthy","system":"error"}}
{"timestamp":"2025-09-19T08:56:53.490Z","type":"health_check","status":"error","details":{"database":"healthy","supabase":"healthy","system":"error"}}
{"timestamp":"2025-09-19T08:57:53.778Z","type":"health_check","status":"error","details":{"database":"healthy","supabase":"healthy","system":"error"}}
{"timestamp":"2025-09-19T08:57:53.794Z","type":"health_check","status":"error","details":{"database":"healthy","supabase":"healthy","system":"error"}}
{"timestamp":"2025-09-19T08:58:54.060Z","type":"health_check","status":"error","details":{"database":"healthy","supabase":"healthy","system":"error"}}
{"timestamp":"2025-09-19T08:58:54.249Z","type":"health_check","status":"warning","details":{"database":"healthy","supabase":"healthy","system":"warning"}}
{"timestamp":"2025-09-19T08:59:54.481Z","type":"health_check","status":"error","details":{"database":"healthy","supabase":"healthy","system":"error"}}
{"timestamp":"2025-09-19T08:59:54.404Z","type":"health_check","status":"error","details":{"database":"healthy","supabase":"healthy","system":"error"}}
{"timestamp":"2025-09-19T09:00:54.773Z","type":"health_check","status":"error","details":{"database":"healthy","supabase":"healthy","system":"error"}}
{"timestamp":"2025-09-19T09:00:54.913Z","type":"health_check","status":"error","details":{"database":"healthy","supabase":"healthy","system":"error"}}
{"timestamp":"2025-09-19T09:01:55.101Z","type":"health_check","status":"warning","details":{"database":"healthy","supabase":"healthy","system":"warning"}}
{"timestamp":"2025-09-19T09:01:55.161Z","type":"health_check","status":"error","details":{"database":"healthy","supabase":"healthy","system":"error"}}
{"timestamp":"2025-09-19T09:02:55.613Z","type":"health_check","status":"error","details":{"database":"healthy","supabase":"healthy","system":"error"}}
{"timestamp":"2025-09-19T09:02:55.676Z","type":"health_check","status":"error","details":{"database":"healthy","supabase":"healthy","system":"error"}}
{"timestamp":"2025-09-19T09:03:55.906Z","type":"health_check","status":"warning","details":{"database":"healthy","supabase":"healthy","system":"warning"}}
{"timestamp":"2025-09-19T09:03:55.936Z","type":"health_check","status":"warning","details":{"database":"healthy","supabase":"healthy","system":"warning"}}
{"timestamp":"2025-09-19T09:04:56.498Z","type":"health_check","status":"error","details":{"database":"healthy","supabase":"healthy","system":"error"}}
{"timestamp":"2025-09-19T09:04:56.560Z","type":"health_check","status":"error","details":{"database":"healthy","supabase":"healthy","system":"error"}}
{"timestamp":"2025-09-19T09:22:19.256Z","type":"health_check","status":"error","details":{"database":"healthy","supabase":"healthy","system":"error"}}
{"timestamp":"2025-09-19T09:22:19.244Z","type":"health_check","status":"error","details":{"database":"healthy","supabase":"healthy","system":"error"}}
{"timestamp":"2025-09-19T09:23:20.139Z","type":"health_check","status":"error","details":{"database":"healthy","supabase":"healthy","system":"error"}}
{"timestamp":"2025-09-19T09:23:20.171Z","type":"health_check","status":"error","details":{"database":"healthy","supabase":"healthy","system":"error"}}
{"timestamp":"2025-09-19T09:24:20.461Z","type":"health_check","status":"error","details":{"database":"healthy","supabase":"healthy","system":"error"}}
{"timestamp":"2025-09-19T09:24:20.495Z","type":"health_check","status":"error","details":{"database":"healthy","supabase":"healthy","system":"error"}}
{"timestamp":"2025-09-19T09:25:21.071Z","type":"health_check","status":"warning","details":{"database":"healthy","supabase":"healthy","system":"warning"}}
{"timestamp":"2025-09-19T09:25:21.132Z","type":"health_check","status":"error","details":{"database":"healthy","supabase":"healthy","system":"error"}}
{"timestamp":"2025-09-19T09:26:21.399Z","type":"health_check","status":"warning","details":{"database":"healthy","supabase":"healthy","system":"warning"}}
{"timestamp":"2025-09-19T09:26:21.430Z","type":"health_check","status":"warning","details":{"database":"healthy","supabase":"healthy","system":"warning"}}
{"timestamp":"2025-09-19T09:27:07.032Z","type":"health_check","status":"warning","details":{"database":"healthy","supabase":"healthy","system":"warning"}}
{"timestamp":"2025-09-19T09:27:07.030Z","type":"health_check","status":"warning","details":{"database":"healthy","supabase":"healthy","system":"warning"}}
{"timestamp":"2025-09-19T09:27:52.303Z","type":"health_check","status":"warning","details":{"database":"healthy","supabase":"healthy","system":"warning"}}
{"timestamp":"2025-09-19T09:27:52.319Z","type":"health_check","status":"warning","details":{"database":"healthy","supabase":"healthy","system":"warning"}}
{"timestamp":"2025-09-19T09:28:37.550Z","type":"health_check","status":"warning","details":{"database":"healthy","supabase":"healthy","system":"warning"}}
{"timestamp":"2025-09-19T09:28:37.555Z","type":"health_check","status":"warning","details":{"database":"healthy","supabase":"healthy","system":"warning"}}
{"timestamp":"2025-09-19T09:29:23.075Z","type":"health_check","status":"warning","details":{"database":"healthy","supabase":"healthy","system":"warning"}}
{"timestamp":"2025-09-19T09:29:23.073Z","type":"health_check","status":"warning","details":{"database":"healthy","supabase":"healthy","system":"warning"}}
{"timestamp":"2025-09-19T09:30:08.328Z","type":"health_check","status":"warning","details":{"database":"healthy","supabase":"healthy","system":"warning"}}
{"timestamp":"2025-09-19T09:30:23.396Z","type":"health_check","status":"warning","details":{"database":"healthy","supabase":"healthy","system":"warning"}}
{"timestamp":"2025-09-19T09:30:53.675Z","type":"health_check","status":"warning","details":{"database":"healthy","supabase":"healthy","system":"warning"}}
{"timestamp":"2025-09-19T09:31:23.936Z","type":"health_check","status":"warning","details":{"database":"healthy","supabase":"healthy","system":"warning"}}
{"timestamp":"2025-09-19T09:31:54.219Z","type":"health_check","status":"warning","details":{"database":"healthy","supabase":"healthy","system":"warning"}}
{"timestamp":"2025-09-19T09:32:24.301Z","type":"health_check","status":"warning","details":{"database":"healthy","supabase":"healthy","system":"warning"}}
{"timestamp":"2025-09-19T09:32:54.482Z","type":"health_check","status":"warning","details":{"database":"healthy","supabase":"healthy","system":"warning"}}
{"timestamp":"2025-09-19T09:33:24.845Z","type":"health_check","status":"error","details":{"database":"healthy","supabase":"healthy","system":"error"}}
{"timestamp":"2025-09-19T09:33:54.808Z","type":"health_check","status":"warning","details":{"database":"healthy","supabase":"healthy","system":"warning"}}
{"timestamp":"2025-09-19T09:34:25.148Z","type":"health_check","status":"error","details":{"database":"healthy","supabase":"healthy","system":"error"}}
{"timestamp":"2025-09-19T09:34:55.159Z","type":"health_check","status":"error","details":{"database":"healthy","supabase":"healthy","system":"error"}}
{"timestamp":"2025-09-19T09:35:25.789Z","type":"health_check","status":"error","details":{"database":"healthy","supabase":"healthy","system":"error"}}
{"timestamp":"2025-09-19T09:35:55.448Z","type":"health_check","status":"warning","details":{"database":"healthy","supabase":"healthy","system":"warning"}}
{"timestamp":"2025-09-19T09:36:26.108Z","type":"health_check","status":"error","details":{"database":"healthy","supabase":"healthy","system":"error"}}
{"timestamp":"2025-09-19T09:36:56.206Z","type":"health_check","status":"error","details":{"database":"healthy","supabase":"healthy","system":"error"}}
{"timestamp":"2025-09-19T09:37:26.702Z","type":"health_check","status":"error","details":{"database":"healthy","supabase":"healthy","system":"error"}}
{"timestamp":"2025-09-19T09:37:56.523Z","type":"health_check","status":"error","details":{"database":"healthy","supabase":"healthy","system":"error"}}
{"timestamp":"2025-09-19T09:38:26.955Z","type":"health_check","status":"warning","details":{"database":"healthy","supabase":"healthy","system":"warning"}}
{"timestamp":"2025-09-19T09:38:57.096Z","type":"health_check","status":"error","details":{"database":"healthy","supabase":"healthy","system":"error"}}
{"timestamp":"2025-09-19T09:39:27.713Z","type":"health_check","status":"error","details":{"database":"healthy","supabase":"healthy","system":"error"}}
{"timestamp":"2025-09-19T09:40:28.018Z","type":"health_check","status":"error","details":{"database":"healthy","supabase":"healthy","system":"error"}}
{"timestamp":"2025-09-19T09:39:57.388Z","type":"health_check","status":"error","details":{"database":"healthy","supabase":"warning","system":"error"}}
{"timestamp":"2025-09-19T09:41:28.547Z","type":"health_check","status":"error","details":{"database":"healthy","supabase":"healthy","system":"error"}}
{"timestamp":"2025-09-19T09:41:57.637Z","type":"health_check","status":"error","details":{"database":"healthy","supabase":"healthy","system":"error"}}
{"timestamp":"2025-09-19T09:42:28.880Z","type":"health_check","status":"warning","details":{"database":"healthy","supabase":"healthy","system":"warning"}}
{"timestamp":"2025-09-19T09:42:57.884Z","type":"health_check","status":"error","details":{"database":"healthy","supabase":"healthy","system":"error"}}
{"timestamp":"2025-09-19T09:43:29.516Z","type":"health_check","status":"error","details":{"database":"healthy","supabase":"healthy","system":"error"}}
{"timestamp":"2025-09-19T09:43:58.794Z","type":"health_check","status":"error","details":{"database":"healthy","supabase":"healthy","system":"error"}}
{"timestamp":"2025-09-19T09:44:29.948Z","type":"health_check","status":"error","details":{"database":"healthy","supabase":"healthy","system":"error"}}
{"timestamp":"2025-09-19T09:44:59.179Z","type":"health_check","status":"warning","details":{"database":"healthy","supabase":"healthy","system":"warning"}}
{"timestamp":"2025-09-19T09:45:30.610Z","type":"health_check","status":"error","details":{"database":"healthy","supabase":"healthy","system":"error"}}
{"timestamp":"2025-09-19T09:45:59.469Z","type":"health_check","status":"error","details":{"database":"healthy","supabase":"healthy","system":"error"}}
{"timestamp":"2025-09-19T09:46:30.875Z","type":"health_check","status":"error","details":{"database":"healthy","supabase":"healthy","system":"error"}}
{"timestamp":"2025-09-19T09:47:00.021Z","type":"health_check","status":"error","details":{"database":"healthy","supabase":"healthy","system":"error"}}
{"timestamp":"2025-09-19T09:47:31.462Z","type":"health_check","status":"warning","details":{"database":"healthy","supabase":"healthy","system":"warning"}}
{"timestamp":"2025-09-19T09:48:00.348Z","type":"health_check","status":"error","details":{"database":"healthy","supabase":"healthy","system":"error"}}
{"timestamp":"2025-09-19T09:48:31.764Z","type":"health_check","status":"error","details":{"database":"healthy","supabase":"healthy","system":"error"}}
{"timestamp":"2025-09-19T09:49:00.630Z","type":"health_check","status":"error","details":{"database":"healthy","supabase":"healthy","system":"error"}}
{"timestamp":"2025-09-19T09:49:32.471Z","type":"health_check","status":"error","details":{"database":"healthy","supabase":"healthy","system":"error"}}
{"timestamp":"2025-09-19T13:43:51.934Z","type":"health_check","status":"warning","details":{"database":"warning","supabase":"healthy","system":"warning"}}
{"timestamp":"2025-09-19T13:43:51.969Z","type":"health_check","status":"warning","details":{"database":"warning","supabase":"healthy","system":"warning"}}
{"timestamp":"2025-09-19T13:44:21.971Z","type":"health_check","status":"warning","details":{"database":"healthy","supabase":"healthy","system":"warning"}}
{"timestamp":"2025-09-19T13:44:21.941Z","type":"health_check","status":"warning","details":{"database":"healthy","supabase":"healthy","system":"warning"}}
{"timestamp":"2025-09-19T13:45:22.276Z","type":"health_check","status":"warning","details":{"database":"healthy","supabase":"healthy","system":"warning"}}
{"timestamp":"2025-09-19T13:45:22.248Z","type":"health_check","status":"warning","details":{"database":"healthy","supabase":"healthy","system":"warning"}}
{"timestamp":"2025-09-19T13:46:22.984Z","type":"health_check","status":"healthy","details":{"database":"healthy","supabase":"healthy","system":"healthy"}}
{"timestamp":"2025-09-19T13:46:23.001Z","type":"health_check","status":"healthy","details":{"database":"healthy","supabase":"healthy","system":"healthy"}}
{"timestamp":"2025-09-19T13:46:53.299Z","type":"health_check","status":"error","details":{"database":"healthy","supabase":"healthy","system":"error"}}
{"timestamp":"2025-09-19T13:46:53.315Z","type":"health_check","status":"warning","details":{"database":"healthy","supabase":"healthy","system":"warning"}}
{"timestamp":"2025-09-19T13:47:53.666Z","type":"health_check","status":"warning","details":{"database":"healthy","supabase":"healthy","system":"warning"}}
{"timestamp":"2025-09-19T13:47:53.832Z","type":"health_check","status":"warning","details":{"database":"healthy","supabase":"healthy","system":"warning"}}
{"timestamp":"2025-09-19T13:48:54.140Z","type":"health_check","status":"error","details":{"database":"healthy","supabase":"healthy","system":"error"}}
{"timestamp":"2025-09-19T13:48:54.250Z","type":"health_check","status":"error","details":{"database":"healthy","supabase":"healthy","system":"error"}}
{"timestamp":"2025-09-19T13:49:54.848Z","type":"health_check","status":"error","details":{"database":"healthy","supabase":"healthy","system":"error"}}
{"timestamp":"2025-09-19T13:49:54.856Z","type":"health_check","status":"error","details":{"database":"healthy","supabase":"healthy","system":"error"}}
{"timestamp":"2025-09-19T13:50:55.178Z","type":"health_check","status":"error","details":{"database":"healthy","supabase":"healthy","system":"error"}}
{"timestamp":"2025-09-19T13:50:55.180Z","type":"health_check","status":"error","details":{"database":"healthy","supabase":"healthy","system":"error"}}
{"timestamp":"2025-09-19T13:51:45.082Z","type":"health_check","status":"warning","details":{"database":"healthy","supabase":"healthy","system":"warning"}}
{"timestamp":"2025-09-19T13:51:45.031Z","type":"health_check","status":"warning","details":{"database":"healthy","supabase":"healthy","system":"warning"}}
{"timestamp":"2025-09-19T13:52:15.046Z","type":"health_check","status":"warning","details":{"database":"healthy","supabase":"healthy","system":"warning"}}
{"timestamp":"2025-09-19T13:52:15.094Z","type":"health_check","status":"warning","details":{"database":"healthy","supabase":"healthy","system":"warning"}}
{"timestamp":"2025-09-19T13:53:00.374Z","type":"health_check","status":"warning","details":{"database":"healthy","supabase":"healthy","system":"warning"}}
{"timestamp":"2025-09-19T13:53:00.405Z","type":"health_check","status":"warning","details":{"database":"healthy","supabase":"healthy","system":"warning"}}
{"timestamp":"2025-09-19T13:54:00.979Z","type":"health_check","status":"warning","details":{"database":"healthy","supabase":"healthy","system":"warning"}}
{"timestamp":"2025-09-19T13:54:01.010Z","type":"health_check","status":"warning","details":{"database":"healthy","supabase":"healthy","system":"warning"}}
{"timestamp":"2025-09-19T13:55:01.961Z","type":"health_check","status":"healthy","details":{"database":"healthy","supabase":"healthy","system":"healthy"}}
{"timestamp":"2025-09-19T13:55:01.977Z","type":"health_check","status":"healthy","details":{"database":"healthy","supabase":"healthy","system":"healthy"}}
{"timestamp":"2025-09-19T13:55:47.399Z","type":"health_check","status":"warning","details":{"database":"healthy","supabase":"healthy","system":"warning"}}
{"timestamp":"2025-09-19T13:55:47.798Z","type":"health_check","status":"warning","details":{"database":"healthy","supabase":"healthy","system":"warning"}}
{"timestamp":"2025-09-19T13:56:47.787Z","type":"health_check","status":"warning","details":{"database":"healthy","supabase":"healthy","system":"warning"}}
{"timestamp":"2025-09-19T13:56:47.964Z","type":"health_check","status":"warning","details":{"database":"healthy","supabase":"healthy","system":"warning"}}
{"timestamp":"2025-09-19T13:57:48.391Z","type":"health_check","status":"warning","details":{"database":"healthy","supabase":"healthy","system":"warning"}}
{"timestamp":"2025-09-19T13:57:48.763Z","type":"health_check","status":"error","details":{"database":"healthy","supabase":"healthy","system":"error"}}
{"timestamp":"2025-09-19T13:58:48.993Z","type":"health_check","status":"error","details":{"database":"healthy","supabase":"healthy","system":"error"}}
{"timestamp":"2025-09-19T13:58:48.883Z","type":"health_check","status":"error","details":{"database":"healthy","supabase":"healthy","system":"error"}}
{"timestamp":"2025-09-19T13:59:49.394Z","type":"health_check","status":"error","details":{"database":"healthy","supabase":"healthy","system":"error"}}
{"timestamp":"2025-09-19T13:59:49.337Z","type":"health_check","status":"warning","details":{"database":"healthy","supabase":"healthy","system":"warning"}}
{"timestamp":"2025-09-19T14:00:49.856Z","type":"health_check","status":"warning","details":{"database":"healthy","supabase":"healthy","system":"warning"}}
{"timestamp":"2025-09-19T14:00:49.732Z","type":"health_check","status":"warning","details":{"database":"healthy","supabase":"healthy","system":"warning"}}
{"timestamp":"2025-09-19T14:01:50.192Z","type":"health_check","status":"warning","details":{"database":"healthy","supabase":"healthy","system":"warning"}}
{"timestamp":"2025-09-19T14:01:50.239Z","type":"health_check","status":"warning","details":{"database":"healthy","supabase":"healthy","system":"warning"}}
{"timestamp":"2025-09-19T14:02:50.557Z","type":"health_check","status":"warning","details":{"database":"healthy","supabase":"healthy","system":"warning"}}
{"timestamp":"2025-09-19T14:02:50.554Z","type":"health_check","status":"warning","details":{"database":"healthy","supabase":"healthy","system":"warning"}}
{"timestamp":"2025-09-19T14:03:51.011Z","type":"health_check","status":"warning","details":{"database":"healthy","supabase":"healthy","system":"warning"}}
{"timestamp":"2025-09-19T14:03:51.343Z","type":"health_check","status":"error","details":{"database":"healthy","supabase":"healthy","system":"error"}}
{"timestamp":"2025-09-19T14:04:51.477Z","type":"health_check","status":"error","details":{"database":"healthy","supabase":"healthy","system":"error"}}
{"timestamp":"2025-09-19T14:04:51.350Z","type":"health_check","status":"error","details":{"database":"healthy","supabase":"healthy","system":"error"}}
{"timestamp":"2025-09-19T14:05:52.185Z","type":"health_check","status":"error","details":{"database":"healthy","supabase":"healthy","system":"error"}}
{"timestamp":"2025-09-19T14:05:52.181Z","type":"health_check","status":"warning","details":{"database":"healthy","supabase":"healthy","system":"warning"}}
{"timestamp":"2025-09-19T14:06:52.501Z","type":"health_check","status":"warning","details":{"database":"healthy","supabase":"healthy","system":"warning"}}
{"timestamp":"2025-09-19T14:06:52.504Z","type":"health_check","status":"warning","details":{"database":"healthy","supabase":"healthy","system":"warning"}}
{"timestamp":"2025-09-19T14:07:53.092Z","type":"health_check","status":"warning","details":{"database":"healthy","supabase":"healthy","system":"warning"}}
{"timestamp":"2025-09-19T14:07:53.170Z","type":"health_check","status":"warning","details":{"database":"healthy","supabase":"healthy","system":"warning"}}
{"timestamp":"2025-09-19T14:08:53.474Z","type":"health_check","status":"warning","details":{"database":"healthy","supabase":"healthy","system":"warning"}}
{"timestamp":"2025-09-19T14:08:53.479Z","type":"health_check","status":"warning","details":{"database":"healthy","supabase":"healthy","system":"warning"}}
{"timestamp":"2025-09-19T14:09:53.847Z","type":"health_check","status":"warning","details":{"database":"healthy","supabase":"healthy","system":"warning"}}
{"timestamp":"2025-09-19T14:09:53.995Z","type":"health_check","status":"warning","details":{"database":"healthy","supabase":"healthy","system":"warning"}}
{"timestamp":"2025-09-19T14:10:54.255Z","type":"health_check","status":"error","details":{"database":"healthy","supabase":"healthy","system":"error"}}
{"timestamp":"2025-09-19T14:10:54.253Z","type":"health_check","status":"error","details":{"database":"healthy","supabase":"healthy","system":"error"}}
{"timestamp":"2025-09-19T14:11:54.833Z","type":"health_check","status":"error","details":{"database":"healthy","supabase":"healthy","system":"error"}}
{"timestamp":"2025-09-19T14:11:55.201Z","type":"health_check","status":"error","details":{"database":"healthy","supabase":"healthy","system":"error"}}
{"timestamp":"2025-09-19T14:12:55.133Z","type":"health_check","status":"warning","details":{"database":"healthy","supabase":"healthy","system":"warning"}}
{"timestamp":"2025-09-19T14:12:55.337Z","type":"health_check","status":"warning","details":{"database":"healthy","supabase":"healthy","system":"warning"}}
{"timestamp":"2025-09-19T14:13:55.820Z","type":"health_check","status":"warning","details":{"database":"healthy","supabase":"healthy","system":"warning"}}
{"timestamp":"2025-09-19T14:13:55.699Z","type":"health_check","status":"warning","details":{"database":"healthy","supabase":"healthy","system":"warning"}}
{"timestamp":"2025-09-19T14:14:56.337Z","type":"health_check","status":"warning","details":{"database":"healthy","supabase":"healthy","system":"warning"}}
{"timestamp":"2025-09-19T14:14:56.339Z","type":"health_check","status":"warning","details":{"database":"healthy","supabase":"healthy","system":"warning"}}
{"timestamp":"2025-09-19T14:15:57.152Z","type":"health_check","status":"warning","details":{"database":"healthy","supabase":"healthy","system":"warning"}}
{"timestamp":"2025-09-19T14:15:57.012Z","type":"health_check","status":"warning","details":{"database":"healthy","supabase":"healthy","system":"warning"}}
{"timestamp":"2025-09-19T14:16:42.456Z","type":"health_check","status":"warning","details":{"database":"healthy","supabase":"healthy","system":"warning"}}
{"timestamp":"2025-09-19T14:16:42.361Z","type":"health_check","status":"warning","details":{"database":"healthy","supabase":"healthy","system":"warning"}}
{"timestamp":"2025-09-19T14:17:42.857Z","type":"health_check","status":"healthy","details":{"database":"healthy","supabase":"healthy","system":"healthy"}}
{"timestamp":"2025-09-19T14:17:42.829Z","type":"health_check","status":"healthy","details":{"database":"healthy","supabase":"healthy","system":"healthy"}}
{"timestamp":"2025-09-19T14:18:13.106Z","type":"health_check","status":"warning","details":{"database":"healthy","supabase":"healthy","system":"warning"}}
{"timestamp":"2025-09-19T14:18:13.154Z","type":"health_check","status":"warning","details":{"database":"healthy","supabase":"healthy","system":"warning"}}
{"timestamp":"2025-09-19T14:19:13.482Z","type":"health_check","status":"error","details":{"database":"healthy","supabase":"healthy","system":"error"}}
{"timestamp":"2025-09-19T14:19:13.455Z","type":"health_check","status":"error","details":{"database":"healthy","supabase":"healthy","system":"error"}}
{"timestamp":"2025-09-19T14:20:14.153Z","type":"health_check","status":"error","details":{"database":"healthy","supabase":"healthy","system":"error"}}
{"timestamp":"2025-09-19T14:20:14.168Z","type":"health_check","status":"error","details":{"database":"healthy","supabase":"healthy","system":"error"}}
{"timestamp":"2025-09-19T14:21:14.559Z","type":"health_check","status":"error","details":{"database":"healthy","supabase":"healthy","system":"error"}}
{"timestamp":"2025-09-19T14:21:14.556Z","type":"health_check","status":"error","details":{"database":"healthy","supabase":"healthy","system":"error"}}
{"timestamp":"2025-09-19T14:21:35.211Z","type":"health_check","status":"warning","details":{"database":"healthy","supabase":"healthy","system":"warning"}}
{"timestamp":"2025-09-19T14:21:35.184Z","type":"health_check","status":"warning","details":{"database":"healthy","supabase":"healthy","system":"warning"}}
{"timestamp":"2025-09-19T14:22:05.220Z","type":"health_check","status":"error","details":{"database":"healthy","supabase":"healthy","system":"error"}}
{"timestamp":"2025-09-19T14:22:05.201Z","type":"health_check","status":"warning","details":{"database":"healthy","supabase":"healthy","system":"warning"}}
{"timestamp":"2025-09-19T14:23:05.808Z","type":"health_check","status":"error","details":{"database":"healthy","supabase":"healthy","system":"error"}}
{"timestamp":"2025-09-19T14:23:05.621Z","type":"health_check","status":"error","details":{"database":"healthy","supabase":"healthy","system":"error"}}
{"timestamp":"2025-09-19T14:24:06.427Z","type":"health_check","status":"error","details":{"database":"healthy","supabase":"healthy","system":"error"}}
{"timestamp":"2025-09-19T14:24:06.432Z","type":"health_check","status":"error","details":{"database":"healthy","supabase":"healthy","system":"error"}}
{"timestamp":"2025-09-19T14:25:06.896Z","type":"health_check","status":"error","details":{"database":"healthy","supabase":"healthy","system":"error"}}
{"timestamp":"2025-09-19T14:25:06.787Z","type":"health_check","status":"error","details":{"database":"healthy","supabase":"healthy","system":"error"}}
{"timestamp":"2025-09-19T14:26:07.739Z","type":"health_check","status":"error","details":{"database":"healthy","supabase":"healthy","system":"error"}}
{"timestamp":"2025-09-19T14:26:07.755Z","type":"health_check","status":"error","details":{"database":"healthy","supabase":"healthy","system":"error"}}
{"timestamp":"2025-09-19T14:27:08.132Z","type":"health_check","status":"warning","details":{"database":"healthy","supabase":"healthy","system":"warning"}}
{"timestamp":"2025-09-19T14:27:08.137Z","type":"health_check","status":"error","details":{"database":"healthy","supabase":"healthy","system":"error"}}
{"timestamp":"2025-09-19T14:28:08.757Z","type":"health_check","status":"error","details":{"database":"healthy","supabase":"healthy","system":"error"}}
{"timestamp":"2025-09-19T14:28:08.851Z","type":"health_check","status":"error","details":{"database":"healthy","supabase":"healthy","system":"error"}}
{"timestamp":"2025-09-19T14:29:09.234Z","type":"health_check","status":"warning","details":{"database":"healthy","supabase":"healthy","system":"warning"}}
{"timestamp":"2025-09-19T14:29:09.328Z","type":"health_check","status":"warning","details":{"database":"healthy","supabase":"healthy","system":"warning"}}
{"timestamp":"2025-09-19T14:36:26.210Z","type":"health_check","status":"error","details":{"database":"healthy","supabase":"healthy","system":"error"}}
{"timestamp":"2025-09-19T14:36:26.240Z","type":"health_check","status":"error","details":{"database":"healthy","supabase":"healthy","system":"error"}}
{"timestamp":"2025-09-19T14:37:27.345Z","type":"health_check","status":"error","details":{"database":"healthy","supabase":"healthy","system":"error"}}
{"timestamp":"2025-09-19T14:37:27.424Z","type":"health_check","status":"error","details":{"database":"healthy","supabase":"healthy","system":"error"}}
{"timestamp":"2025-09-19T14:38:27.741Z","type":"health_check","status":"error","details":{"database":"healthy","supabase":"healthy","system":"error"}}
{"timestamp":"2025-09-19T14:38:27.693Z","type":"health_check","status":"error","details":{"database":"healthy","supabase":"healthy","system":"error"}}
{"timestamp":"2025-09-19T14:39:28.278Z","type":"health_check","status":"error","details":{"database":"healthy","supabase":"healthy","system":"error"}}
{"timestamp":"2025-09-19T14:39:28.274Z","type":"health_check","status":"error","details":{"database":"healthy","supabase":"healthy","system":"error"}}
{"timestamp":"2025-09-19T14:40:28.575Z","type":"health_check","status":"error","details":{"database":"healthy","supabase":"healthy","system":"error"}}
{"timestamp":"2025-09-19T14:40:28.570Z","type":"health_check","status":"error","details":{"database":"healthy","supabase":"healthy","system":"error"}}
{"timestamp":"2025-09-19T14:41:29.221Z","type":"health_check","status":"error","details":{"database":"healthy","supabase":"healthy","system":"error"}}
{"timestamp":"2025-09-19T14:41:29.224Z","type":"health_check","status":"warning","details":{"database":"healthy","supabase":"healthy","system":"warning"}}
{"timestamp":"2025-09-19T14:42:29.521Z","type":"health_check","status":"error","details":{"database":"healthy","supabase":"healthy","system":"error"}}
{"timestamp":"2025-09-19T14:42:29.542Z","type":"health_check","status":"error","details":{"database":"healthy","supabase":"healthy","system":"error"}}
{"timestamp":"2025-09-19T14:43:30.119Z","type":"health_check","status":"error","details":{"database":"healthy","supabase":"healthy","system":"error"}}
{"timestamp":"2025-09-19T14:43:30.129Z","type":"health_check","status":"error","details":{"database":"healthy","supabase":"healthy","system":"error"}}
{"timestamp":"2025-09-19T14:44:30.389Z","type":"health_check","status":"error","details":{"database":"healthy","supabase":"healthy","system":"error"}}
{"timestamp":"2025-09-19T14:44:30.405Z","type":"health_check","status":"error","details":{"database":"healthy","supabase":"healthy","system":"error"}}
{"timestamp":"2025-09-19T14:45:30.994Z","type":"health_check","status":"error","details":{"database":"healthy","supabase":"healthy","system":"error"}}
{"timestamp":"2025-09-19T14:45:30.992Z","type":"health_check","status":"error","details":{"database":"healthy","supabase":"healthy","system":"error"}}
{"timestamp":"2025-09-19T14:46:31.299Z","type":"health_check","status":"error","details":{"database":"healthy","supabase":"healthy","system":"error"}}
{"timestamp":"2025-09-19T14:46:31.298Z","type":"health_check","status":"error","details":{"database":"healthy","supabase":"healthy","system":"error"}}
{"timestamp":"2025-09-19T14:47:31.885Z","type":"health_check","status":"warning","details":{"database":"healthy","supabase":"healthy","system":"warning"}}
{"timestamp":"2025-09-19T14:47:32.008Z","type":"health_check","status":"warning","details":{"database":"healthy","supabase":"healthy","system":"warning"}}
{"timestamp":"2025-09-19T14:48:32.219Z","type":"health_check","status":"error","details":{"database":"healthy","supabase":"healthy","system":"error"}}
{"timestamp":"2025-09-19T14:48:32.203Z","type":"health_check","status":"error","details":{"database":"healthy","supabase":"healthy","system":"error"}}
{"timestamp":"2025-09-19T14:49:32.883Z","type":"health_check","status":"warning","details":{"database":"healthy","supabase":"healthy","system":"warning"}}
{"timestamp":"2025-09-19T14:49:32.878Z","type":"health_check","status":"warning","details":{"database":"healthy","supabase":"healthy","system":"warning"}}
{"timestamp":"2025-09-19T14:50:33.425Z","type":"health_check","status":"error","details":{"database":"healthy","supabase":"healthy","system":"error"}}
{"timestamp":"2025-09-19T14:50:33.431Z","type":"health_check","status":"error","details":{"database":"healthy","supabase":"healthy","system":"error"}}
{"timestamp":"2025-09-19T14:51:34.073Z","type":"health_check","status":"healthy","details":{"database":"healthy","supabase":"healthy","system":"healthy"}}
{"timestamp":"2025-09-19T14:51:34.176Z","type":"health_check","status":"healthy","details":{"database":"healthy","supabase":"healthy","system":"healthy"}}
{"timestamp":"2025-09-19T14:52:19.467Z","type":"health_check","status":"healthy","details":{"database":"healthy","supabase":"healthy","system":"healthy"}}
{"timestamp":"2025-09-19T14:52:19.421Z","type":"health_check","status":"healthy","details":{"database":"healthy","supabase":"healthy","system":"healthy"}}
{"timestamp":"2025-09-19T14:53:04.795Z","type":"health_check","status":"healthy","details":{"database":"healthy","supabase":"healthy","system":"healthy"}}
{"timestamp":"2025-09-19T14:53:05.289Z","type":"health_check","status":"healthy","details":{"database":"healthy","supabase":"healthy","system":"healthy"}}
{"timestamp":"2025-09-19T14:53:50.245Z","type":"health_check","status":"healthy","details":{"database":"healthy","supabase":"healthy","system":"healthy"}}
{"timestamp":"2025-09-19T14:53:50.429Z","type":"health_check","status":"healthy","details":{"database":"healthy","supabase":"healthy","system":"healthy"}}
{"timestamp":"2025-09-19T14:54:35.601Z","type":"health_check","status":"warning","details":{"database":"healthy","supabase":"healthy","system":"warning"}}
{"timestamp":"2025-09-19T14:54:35.838Z","type":"health_check","status":"warning","details":{"database":"healthy","supabase":"healthy","system":"warning"}}
{"timestamp":"2025-09-19T14:55:21.188Z","type":"health_check","status":"warning","details":{"database":"healthy","supabase":"healthy","system":"warning"}}
{"timestamp":"2025-09-19T14:55:21.326Z","type":"health_check","status":"warning","details":{"database":"healthy","supabase":"healthy","system":"warning"}}
{"timestamp":"2025-09-19T14:56:06.586Z","type":"health_check","status":"healthy","details":{"database":"healthy","supabase":"healthy","system":"healthy"}}
{"timestamp":"2025-09-19T14:56:06.681Z","type":"health_check","status":"healthy","details":{"database":"healthy","supabase":"healthy","system":"healthy"}}
{"timestamp":"2025-09-19T14:56:37.141Z","type":"health_check","status":"warning","details":{"database":"healthy","supabase":"healthy","system":"warning"}}
{"timestamp":"2025-09-19T14:56:37.112Z","type":"health_check","status":"error","details":{"database":"healthy","supabase":"healthy","system":"error"}}
{"timestamp":"2025-09-19T14:57:37.786Z","type":"health_check","status":"warning","details":{"database":"healthy","supabase":"healthy","system":"warning"}}
{"timestamp":"2025-09-19T14:57:37.708Z","type":"health_check","status":"error","details":{"database":"healthy","supabase":"healthy","system":"error"}}
{"timestamp":"2025-09-19T14:58:38.338Z","type":"health_check","status":"warning","details":{"database":"healthy","supabase":"healthy","system":"warning"}}
{"timestamp":"2025-09-19T14:58:38.416Z","type":"health_check","status":"warning","details":{"database":"healthy","supabase":"healthy","system":"warning"}}
{"timestamp":"2025-09-19T14:59:38.916Z","type":"health_check","status":"error","details":{"database":"healthy","supabase":"healthy","system":"error"}}
{"timestamp":"2025-09-19T14:59:39.025Z","type":"health_check","status":"error","details":{"database":"healthy","supabase":"healthy","system":"error"}}
{"timestamp":"2025-09-19T15:00:39.496Z","type":"health_check","status":"warning","details":{"database":"healthy","supabase":"healthy","system":"warning"}}
{"timestamp":"2025-09-19T15:00:39.518Z","type":"health_check","status":"warning","details":{"database":"healthy","supabase":"healthy","system":"warning"}}
{"timestamp":"2025-09-19T15:01:40.247Z","type":"health_check","status":"error","details":{"database":"healthy","supabase":"healthy","system":"error"}}
{"timestamp":"2025-09-19T15:01:40.138Z","type":"health_check","status":"error","details":{"database":"healthy","supabase":"healthy","system":"error"}}
{"timestamp":"2025-09-19T15:22:02.738Z","type":"health_check","status":"error","details":{"database":"warning","supabase":"healthy","system":"error"}}
{"timestamp":"2025-09-19T15:22:02.729Z","type":"health_check","status":"error","details":{"database":"warning","supabase":"healthy","system":"error"}}
{"timestamp":"2025-09-19T15:23:04.155Z","type":"health_check","status":"error","details":{"database":"healthy","supabase":"healthy","system":"error"}}
{"timestamp":"2025-09-19T15:23:04.150Z","type":"health_check","status":"error","details":{"database":"healthy","supabase":"healthy","system":"error"}}
{"timestamp":"2025-09-19T15:24:04.572Z","type":"health_check","status":"error","details":{"database":"healthy","supabase":"healthy","system":"error"}}
{"timestamp":"2025-09-19T15:24:04.554Z","type":"health_check","status":"error","details":{"database":"healthy","supabase":"healthy","system":"error"}}
{"timestamp":"2025-09-19T15:25:05.238Z","type":"health_check","status":"warning","details":{"database":"healthy","supabase":"healthy","system":"warning"}}
{"timestamp":"2025-09-19T15:25:05.249Z","type":"health_check","status":"warning","details":{"database":"healthy","supabase":"healthy","system":"warning"}}
{"timestamp":"2025-09-19T15:26:06.077Z","type":"health_check","status":"error","details":{"database":"healthy","supabase":"healthy","system":"error"}}
{"timestamp":"2025-09-19T15:26:06.170Z","type":"health_check","status":"error","details":{"database":"healthy","supabase":"healthy","system":"error"}}
{"timestamp":"2025-09-19T15:27:06.675Z","type":"health_check","status":"warning","details":{"database":"healthy","supabase":"healthy","system":"warning"}}
{"timestamp":"2025-09-19T15:27:06.738Z","type":"health_check","status":"warning","details":{"database":"healthy","supabase":"healthy","system":"warning"}}
{"timestamp":"2025-09-19T15:28:07.073Z","type":"health_check","status":"error","details":{"database":"healthy","supabase":"healthy","system":"error"}}
{"timestamp":"2025-09-19T15:28:07.151Z","type":"health_check","status":"error","details":{"database":"healthy","supabase":"healthy","system":"error"}}
{"timestamp":"2025-09-19T15:29:07.673Z","type":"health_check","status":"error","details":{"database":"healthy","supabase":"healthy","system":"error"}}
{"timestamp":"2025-09-19T15:29:07.736Z","type":"health_check","status":"error","details":{"database":"healthy","supabase":"healthy","system":"error"}}
{"timestamp":"2025-09-19T15:30:08.001Z","type":"health_check","status":"error","details":{"database":"healthy","supabase":"healthy","system":"error"}}
{"timestamp":"2025-09-19T15:30:08.025Z","type":"health_check","status":"error","details":{"database":"healthy","supabase":"healthy","system":"error"}}
{"timestamp":"2025-09-19T15:31:08.685Z","type":"health_check","status":"error","details":{"database":"healthy","supabase":"healthy","system":"error"}}
{"timestamp":"2025-09-19T15:31:08.710Z","type":"health_check","status":"error","details":{"database":"healthy","supabase":"healthy","system":"error"}}
{"timestamp":"2025-09-19T15:32:09.056Z","type":"health_check","status":"warning","details":{"database":"healthy","supabase":"healthy","system":"warning"}}
{"timestamp":"2025-09-19T15:32:09.025Z","type":"health_check","status":"warning","details":{"database":"healthy","supabase":"healthy","system":"warning"}}
{"timestamp":"2025-09-19T15:33:09.601Z","type":"health_check","status":"error","details":{"database":"healthy","supabase":"healthy","system":"error"}}
{"timestamp":"2025-09-19T15:33:09.630Z","type":"health_check","status":"error","details":{"database":"healthy","supabase":"healthy","system":"error"}}
{"timestamp":"2025-09-19T15:34:10.369Z","type":"health_check","status":"healthy","details":{"database":"healthy","supabase":"healthy","system":"healthy"}}
{"timestamp":"2025-09-19T15:34:10.323Z","type":"health_check","status":"healthy","details":{"database":"healthy","supabase":"healthy","system":"healthy"}}
{"timestamp":"2025-09-19T15:34:55.975Z","type":"health_check","status":"healthy","details":{"database":"healthy","supabase":"healthy","system":"healthy"}}
{"timestamp":"2025-09-19T15:34:55.973Z","type":"health_check","status":"healthy","details":{"database":"healthy","supabase":"healthy","system":"healthy"}}
{"timestamp":"2025-09-19T15:35:41.332Z","type":"health_check","status":"warning","details":{"database":"healthy","supabase":"healthy","system":"warning"}}
{"timestamp":"2025-09-19T15:35:41.335Z","type":"health_check","status":"warning","details":{"database":"healthy","supabase":"healthy","system":"warning"}}
{"timestamp":"2025-09-19T15:36:26.633Z","type":"health_check","status":"warning","details":{"database":"healthy","supabase":"healthy","system":"warning"}}
{"timestamp":"2025-09-19T15:36:26.711Z","type":"health_check","status":"warning","details":{"database":"healthy","supabase":"healthy","system":"warning"}}
{"timestamp":"2025-09-19T15:37:12.261Z","type":"health_check","status":"warning","details":{"database":"healthy","supabase":"healthy","system":"warning"}}
{"timestamp":"2025-09-19T15:37:12.235Z","type":"health_check","status":"warning","details":{"database":"healthy","supabase":"healthy","system":"warning"}}
{"timestamp":"2025-09-19T15:37:57.620Z","type":"health_check","status":"warning","details":{"database":"healthy","supabase":"healthy","system":"warning"}}
{"timestamp":"2025-09-19T15:37:57.587Z","type":"health_check","status":"warning","details":{"database":"healthy","supabase":"healthy","system":"warning"}}
{"timestamp":"2025-09-19T15:38:43.049Z","type":"health_check","status":"warning","details":{"database":"healthy","supabase":"healthy","system":"warning"}}
{"timestamp":"2025-09-19T15:38:42.926Z","type":"health_check","status":"warning","details":{"database":"healthy","supabase":"healthy","system":"warning"}}
{"timestamp":"2025-09-19T15:39:28.620Z","type":"health_check","status":"warning","details":{"database":"healthy","supabase":"healthy","system":"warning"}}
{"timestamp":"2025-09-19T15:39:28.605Z","type":"health_check","status":"warning","details":{"database":"healthy","supabase":"healthy","system":"warning"}}
{"timestamp":"2025-09-19T15:40:13.934Z","type":"health_check","status":"warning","details":{"database":"healthy","supabase":"healthy","system":"warning"}}
{"timestamp":"2025-09-19T15:40:13.995Z","type":"health_check","status":"warning","details":{"database":"healthy","supabase":"healthy","system":"warning"}}
{"timestamp":"2025-09-19T15:40:59.307Z","type":"health_check","status":"warning","details":{"database":"healthy","supabase":"healthy","system":"warning"}}
{"timestamp":"2025-09-19T15:40:59.291Z","type":"health_check","status":"warning","details":{"database":"healthy","supabase":"healthy","system":"warning"}}
{"timestamp":"2025-09-19T15:41:44.940Z","type":"health_check","status":"warning","details":{"database":"healthy","supabase":"healthy","system":"warning"}}
{"timestamp":"2025-09-19T15:42:00.063Z","type":"health_check","status":"warning","details":{"database":"healthy","supabase":"healthy","system":"warning"}}
{"timestamp":"2025-09-19T15:42:30.342Z","type":"health_check","status":"warning","details":{"database":"healthy","supabase":"healthy","system":"warning"}}
{"timestamp":"2025-09-19T15:43:00.385Z","type":"health_check","status":"warning","details":{"database":"healthy","supabase":"healthy","system":"warning"}}
{"timestamp":"2025-09-19T15:43:30.688Z","type":"health_check","status":"warning","details":{"database":"healthy","supabase":"healthy","system":"warning"}}
{"timestamp":"2025-09-19T15:44:01.058Z","type":"health_check","status":"warning","details":{"database":"healthy","supabase":"healthy","system":"warning"}}
{"timestamp":"2025-09-19T15:44:30.996Z","type":"health_check","status":"warning","details":{"database":"healthy","supabase":"healthy","system":"warning"}}
{"timestamp":"2025-09-19T15:45:01.469Z","type":"health_check","status":"warning","details":{"database":"healthy","supabase":"healthy","system":"warning"}}
{"timestamp":"2025-09-19T15:45:31.412Z","type":"health_check","status":"warning","details":{"database":"healthy","supabase":"healthy","system":"warning"}}
{"timestamp":"2025-09-19T15:46:02.239Z","type":"health_check","status":"warning","details":{"database":"healthy","supabase":"healthy","system":"warning"}}
{"timestamp":"2025-09-19T15:46:31.718Z","type":"health_check","status":"warning","details":{"database":"healthy","supabase":"healthy","system":"warning"}}
{"timestamp":"2025-09-19T15:47:02.561Z","type":"health_check","status":"warning","details":{"database":"healthy","supabase":"healthy","system":"warning"}}
{"timestamp":"2025-09-19T15:47:32.089Z","type":"health_check","status":"warning","details":{"database":"healthy","supabase":"healthy","system":"warning"}}
{"timestamp":"2025-09-19T15:48:02.884Z","type":"health_check","status":"warning","details":{"database":"healthy","supabase":"healthy","system":"warning"}}
{"timestamp":"2025-09-19T15:48:32.463Z","type":"health_check","status":"warning","details":{"database":"healthy","supabase":"healthy","system":"warning"}}
{"timestamp":"2025-09-19T15:49:03.273Z","type":"health_check","status":"warning","details":{"database":"healthy","supabase":"healthy","system":"warning"}}
{"timestamp":"2025-09-19T15:49:33.056Z","type":"health_check","status":"error","details":{"database":"healthy","supabase":"healthy","system":"error"}}
{"timestamp":"2025-09-19T15:50:03.646Z","type":"health_check","status":"error","details":{"database":"healthy","supabase":"healthy","system":"error"}}
{"timestamp":"2025-09-19T15:50:33.380Z","type":"health_check","status":"error","details":{"database":"healthy","supabase":"healthy","system":"error"}}
{"timestamp":"2025-09-19T15:51:03.963Z","type":"health_check","status":"healthy","details":{"database":"healthy","supabase":"healthy","system":"healthy"}}
{"timestamp":"2025-09-19T15:51:33.961Z","type":"health_check","status":"warning","details":{"database":"healthy","supabase":"healthy","system":"warning"}}
{"timestamp":"2025-09-19T15:51:49.349Z","type":"health_check","status":"warning","details":{"database":"healthy","supabase":"healthy","system":"warning"}}
{"timestamp":"2025-09-19T15:52:19.534Z","type":"health_check","status":"healthy","details":{"database":"healthy","supabase":"healthy","system":"healthy"}}
{"timestamp":"2025-09-19T15:52:34.677Z","type":"health_check","status":"error","details":{"database":"healthy","supabase":"healthy","system":"error"}}
{"timestamp":"2025-09-19T15:53:04.852Z","type":"health_check","status":"error","details":{"database":"healthy","supabase":"healthy","system":"error"}}
{"timestamp":"2025-09-19T15:53:35.082Z","type":"health_check","status":"healthy","details":{"database":"healthy","supabase":"healthy","system":"healthy"}}
{"timestamp":"2025-09-19T15:54:05.234Z","type":"health_check","status":"error","details":{"database":"healthy","supabase":"healthy","system":"error"}}
{"timestamp":"2025-09-19T15:54:05.392Z","type":"health_check","status":"error","details":{"database":"healthy","supabase":"healthy","system":"error"}}
{"timestamp":"2025-09-19T15:55:06.269Z","type":"health_check","status":"error","details":{"database":"healthy","supabase":"healthy","system":"error"}}
{"timestamp":"2025-09-19T15:55:06.483Z","type":"health_check","status":"error","details":{"database":"healthy","supabase":"healthy","system":"error"}}
{"timestamp":"2025-09-19T15:56:06.641Z","type":"health_check","status":"warning","details":{"database":"warning","supabase":"healthy","system":"warning"}}
{"timestamp":"2025-09-19T15:56:06.689Z","type":"health_check","status":"warning","details":{"database":"warning","supabase":"healthy","system":"warning"}}
{"timestamp":"2025-09-20T14:08:21.306Z","type":"health_check","status":"warning","details":{"database":"warning","supabase":"healthy","system":"warning"}}
{"timestamp":"2025-09-20T14:08:21.348Z","type":"health_check","status":"warning","details":{"database":"warning","supabase":"healthy","system":"warning"}}
{"timestamp":"2025-09-20T14:08:51.352Z","type":"health_check","status":"warning","details":{"database":"healthy","supabase":"healthy","system":"warning"}}
{"timestamp":"2025-09-20T14:08:51.324Z","type":"health_check","status":"warning","details":{"database":"healthy","supabase":"healthy","system":"warning"}}
{"timestamp":"2025-09-20T14:09:51.759Z","type":"health_check","status":"warning","details":{"database":"healthy","supabase":"healthy","system":"warning"}}
{"timestamp":"2025-09-20T14:09:51.744Z","type":"health_check","status":"warning","details":{"database":"healthy","supabase":"healthy","system":"warning"}}
{"timestamp":"2025-09-20T14:10:37.127Z","type":"health_check","status":"warning","details":{"database":"healthy","supabase":"healthy","system":"warning"}}
{"timestamp":"2025-09-20T14:10:37.086Z","type":"health_check","status":"warning","details":{"database":"healthy","supabase":"healthy","system":"warning"}}
{"timestamp":"2025-09-20T14:11:38.139Z","type":"health_check","status":"warning","details":{"database":"healthy","supabase":"healthy","system":"warning"}}
{"timestamp":"2025-09-20T14:11:38.123Z","type":"health_check","status":"warning","details":{"database":"healthy","supabase":"healthy","system":"warning"}}
{"timestamp":"2025-09-20T14:12:38.520Z","type":"health_check","status":"warning","details":{"database":"healthy","supabase":"healthy","system":"warning"}}
{"timestamp":"2025-09-20T14:12:38.599Z","type":"health_check","status":"warning","details":{"database":"healthy","supabase":"healthy","system":"warning"}}
{"timestamp":"2025-09-20T14:13:39.163Z","type":"health_check","status":"warning","details":{"database":"healthy","supabase":"healthy","system":"warning"}}
{"timestamp":"2025-09-20T14:13:39.254Z","type":"health_check","status":"warning","details":{"database":"healthy","supabase":"healthy","system":"warning"}}
{"timestamp":"2025-09-20T14:14:39.583Z","type":"health_check","status":"warning","details":{"database":"healthy","supabase":"healthy","system":"warning"}}
{"timestamp":"2025-09-20T14:14:39.552Z","type":"health_check","status":"warning","details":{"database":"healthy","supabase":"healthy","system":"warning"}}
{"timestamp":"2025-09-20T14:15:24.953Z","type":"health_check","status":"warning","details":{"database":"healthy","supabase":"healthy","system":"warning"}}
{"timestamp":"2025-09-20T14:16:13.730Z","type":"health_check","status":"warning","details":{"database":"healthy","supabase":"healthy","system":"warning"}}
{"timestamp":"2025-09-20T14:16:13.751Z","type":"health_check","status":"warning","details":{"database":"healthy","supabase":"healthy","system":"warning"}}
{"timestamp":"2025-09-20T14:16:43.753Z","type":"health_check","status":"healthy","details":{"database":"healthy","supabase":"healthy","system":"healthy"}}
{"timestamp":"2025-09-20T14:16:43.739Z","type":"health_check","status":"healthy","details":{"database":"healthy","supabase":"healthy","system":"healthy"}}
{"timestamp":"2025-09-20T14:17:29.450Z","type":"health_check","status":"warning","details":{"database":"healthy","supabase":"healthy","system":"warning"}}
{"timestamp":"2025-09-20T14:17:29.442Z","type":"health_check","status":"warning","details":{"database":"healthy","supabase":"healthy","system":"warning"}}
{"timestamp":"2025-09-20T14:18:14.833Z","type":"health_check","status":"warning","details":{"database":"healthy","supabase":"healthy","system":"warning"}}
{"timestamp":"2025-09-20T14:18:14.714Z","type":"health_check","status":"warning","details":{"database":"healthy","supabase":"healthy","system":"warning"}}
{"timestamp":"2025-09-20T14:19:00.212Z","type":"health_check","status":"warning","details":{"database":"healthy","supabase":"healthy","system":"warning"}}
{"timestamp":"2025-09-20T14:19:00.242Z","type":"health_check","status":"warning","details":{"database":"healthy","supabase":"healthy","system":"warning"}}
{"timestamp":"2025-09-20T14:20:00.611Z","type":"health_check","status":"warning","details":{"database":"healthy","supabase":"healthy","system":"warning"}}
{"timestamp":"2025-09-20T14:20:00.616Z","type":"health_check","status":"warning","details":{"database":"healthy","supabase":"healthy","system":"warning"}}
{"timestamp":"2025-09-20T14:21:01.036Z","type":"health_check","status":"warning","details":{"database":"healthy","supabase":"healthy","system":"warning"}}
{"timestamp":"2025-09-20T14:21:01.159Z","type":"health_check","status":"warning","details":{"database":"healthy","supabase":"healthy","system":"warning"}}
{"timestamp":"2025-09-20T14:21:46.714Z","type":"health_check","status":"warning","details":{"database":"healthy","supabase":"healthy","system":"warning"}}
{"timestamp":"2025-09-20T14:22:01.745Z","type":"health_check","status":"warning","details":{"database":"healthy","supabase":"healthy","system":"warning"}}
{"timestamp":"2025-09-20T14:22:47.461Z","type":"health_check","status":"warning","details":{"database":"healthy","supabase":"healthy","system":"warning"}}
{"timestamp":"2025-09-20T14:23:02.110Z","type":"health_check","status":"warning","details":{"database":"healthy","supabase":"healthy","system":"warning"}}
{"timestamp":"2025-09-20T14:23:33.181Z","type":"health_check","status":"warning","details":{"database":"healthy","supabase":"healthy","system":"warning"}}
{"timestamp":"2025-09-20T14:23:47.430Z","type":"health_check","status":"warning","details":{"database":"healthy","supabase":"healthy","system":"warning"}}
{"timestamp":"2025-09-20T14:24:34.010Z","type":"health_check","status":"warning","details":{"database":"healthy","supabase":"healthy","system":"warning"}}
{"timestamp":"2025-09-20T14:24:47.798Z","type":"health_check","status":"warning","details":{"database":"healthy","supabase":"healthy","system":"warning"}}
{"timestamp":"2025-09-20T14:25:33.198Z","type":"health_check","status":"warning","details":{"database":"healthy","supabase":"healthy","system":"warning"}}
{"timestamp":"2025-09-20T14:25:34.375Z","type":"health_check","status":"warning","details":{"database":"healthy","supabase":"healthy","system":"warning"}}
{"timestamp":"2025-09-20T14:26:33.888Z","type":"health_check","status":"warning","details":{"database":"healthy","supabase":"healthy","system":"warning"}}
{"timestamp":"2025-09-20T14:26:34.538Z","type":"health_check","status":"warning","details":{"database":"healthy","supabase":"healthy","system":"warning"}}
{"timestamp":"2025-09-20T14:27:34.730Z","type":"health_check","status":"warning","details":{"database":"healthy","supabase":"healthy","system":"warning"}}
{"timestamp":"2025-09-20T14:27:35.029Z","type":"health_check","status":"warning","details":{"database":"healthy","supabase":"healthy","system":"warning"}}
{"timestamp":"2025-09-20T14:28:20.419Z","type":"health_check","status":"warning","details":{"database":"healthy","supabase":"healthy","system":"warning"}}
{"timestamp":"2025-09-20T14:28:35.531Z","type":"health_check","status":"warning","details":{"database":"healthy","supabase":"healthy","system":"warning"}}
{"timestamp":"2025-09-20T14:29:06.006Z","type":"health_check","status":"warning","details":{"database":"healthy","supabase":"healthy","system":"warning"}}
{"timestamp":"2025-09-20T14:29:35.969Z","type":"health_check","status":"warning","details":{"database":"healthy","supabase":"healthy","system":"warning"}}
{"timestamp":"2025-09-20T14:29:51.423Z","type":"health_check","status":"warning","details":{"database":"healthy","supabase":"healthy","system":"warning"}}
{"timestamp":"2025-09-20T14:30:37.274Z","type":"health_check","status":"warning","details":{"database":"healthy","supabase":"healthy","system":"warning"}}
{"timestamp":"2025-09-20T14:30:51.778Z","type":"health_check","status":"warning","details":{"database":"healthy","supabase":"healthy","system":"warning"}}
{"timestamp":"2025-09-20T14:31:37.262Z","type":"health_check","status":"warning","details":{"database":"healthy","supabase":"healthy","system":"warning"}}
{"timestamp":"2025-09-20T14:31:37.712Z","type":"health_check","status":"healthy","details":{"database":"healthy","supabase":"healthy","system":"healthy"}}
{"timestamp":"2025-09-20T14:32:08.261Z","type":"health_check","status":"healthy","details":{"database":"healthy","supabase":"healthy","system":"healthy"}}
{"timestamp":"2025-09-20T14:32:38.208Z","type":"health_check","status":"healthy","details":{"database":"healthy","supabase":"healthy","system":"healthy"}}
{"timestamp":"2025-09-20T14:32:38.840Z","type":"health_check","status":"healthy","details":{"database":"healthy","supabase":"healthy","system":"healthy"}}
{"timestamp":"2025-09-20T14:33:09.347Z","type":"health_check","status":"healthy","details":{"database":"healthy","supabase":"healthy","system":"healthy"}}
{"timestamp":"2025-09-20T14:33:09.141Z","type":"health_check","status":"healthy","details":{"database":"healthy","supabase":"healthy","system":"healthy"}}
{"timestamp":"2025-09-20T14:33:39.596Z","type":"health_check","status":"warning","details":{"database":"healthy","supabase":"healthy","system":"warning"}}
{"timestamp":"2025-09-20T14:33:39.605Z","type":"health_check","status":"warning","details":{"database":"healthy","supabase":"healthy","system":"warning"}}
{"timestamp":"2025-09-20T14:34:39.906Z","type":"health_check","status":"error","details":{"database":"healthy","supabase":"healthy","system":"error"}}
{"timestamp":"2025-09-20T14:34:40.064Z","type":"health_check","status":"error","details":{"database":"healthy","supabase":"healthy","system":"error"}}
{"timestamp":"2025-09-20T14:35:40.327Z","type":"health_check","status":"warning","details":{"database":"healthy","supabase":"healthy","system":"warning"}}
{"timestamp":"2025-09-20T14:35:40.280Z","type":"health_check","status":"warning","details":{"database":"healthy","supabase":"healthy","system":"warning"}}
{"timestamp":"2025-09-20T14:36:40.626Z","type":"health_check","status":"warning","details":{"database":"healthy","supabase":"healthy","system":"warning"}}
{"timestamp":"2025-09-20T14:36:40.630Z","type":"health_check","status":"warning","details":{"database":"healthy","supabase":"healthy","system":"warning"}}
{"timestamp":"2025-09-20T14:37:41.044Z","type":"health_check","status":"healthy","details":{"database":"healthy","supabase":"healthy","system":"healthy"}}
{"timestamp":"2025-09-20T14:37:41.058Z","type":"health_check","status":"healthy","details":{"database":"healthy","supabase":"healthy","system":"healthy"}}
{"timestamp":"2025-09-20T14:38:11.442Z","type":"health_check","status":"warning","details":{"database":"warning","supabase":"healthy","system":"warning"}}
{"timestamp":"2025-09-20T14:38:11.722Z","type":"health_check","status":"warning","details":{"database":"healthy","supabase":"healthy","system":"warning"}}
{"timestamp":"2025-09-20T14:38:57.789Z","type":"health_check","status":"warning","details":{"database":"healthy","supabase":"healthy","system":"warning"}}
{"timestamp":"2025-09-20T14:38:58.079Z","type":"health_check","status":"warning","details":{"database":"healthy","supabase":"healthy","system":"warning"}}
{"timestamp":"2025-09-20T14:39:43.324Z","type":"health_check","status":"healthy","details":{"database":"healthy","supabase":"healthy","system":"healthy"}}
{"timestamp":"2025-09-20T14:39:43.185Z","type":"health_check","status":"healthy","details":{"database":"healthy","supabase":"healthy","system":"healthy"}}
{"timestamp":"2025-09-20T14:40:13.581Z","type":"health_check","status":"error","details":{"database":"healthy","supabase":"healthy","system":"error"}}
{"timestamp":"2025-09-20T14:40:13.584Z","type":"health_check","status":"warning","details":{"database":"healthy","supabase":"healthy","system":"warning"}}
{"timestamp":"2025-09-20T14:41:14.303Z","type":"health_check","status":"error","details":{"database":"healthy","supabase":"healthy","system":"error"}}
{"timestamp":"2025-09-20T14:41:14.306Z","type":"health_check","status":"error","details":{"database":"healthy","supabase":"healthy","system":"error"}}
{"timestamp":"2025-09-20T14:42:15.116Z","type":"health_check","status":"warning","details":{"database":"healthy","supabase":"healthy","system":"warning"}}
{"timestamp":"2025-09-20T14:42:15.211Z","type":"health_check","status":"error","details":{"database":"healthy","supabase":"warning","system":"error"}}
{"timestamp":"2025-09-20T14:43:16.034Z","type":"health_check","status":"error","details":{"database":"healthy","supabase":"healthy","system":"error"}}
{"timestamp":"2025-09-20T14:44:15.795Z","type":"health_check","status":"error","details":{"database":"healthy","supabase":"healthy","system":"error"}}
{"timestamp":"2025-09-20T14:44:16.777Z","type":"health_check","status":"error","details":{"database":"healthy","supabase":"healthy","system":"error"}}
{"timestamp":"2025-09-20T14:45:16.205Z","type":"health_check","status":"warning","details":{"database":"healthy","supabase":"healthy","system":"warning"}}
{"timestamp":"2025-09-20T14:45:17.205Z","type":"health_check","status":"warning","details":{"database":"healthy","supabase":"healthy","system":"warning"}}
{"timestamp":"2025-09-20T14:46:02.287Z","type":"health_check","status":"warning","details":{"database":"healthy","supabase":"healthy","system":"warning"}}
{"timestamp":"2025-09-20T14:46:02.507Z","type":"health_check","status":"error","details":{"database":"healthy","supabase":"healthy","system":"error"}}
{"timestamp":"2025-09-20T14:47:02.757Z","type":"health_check","status":"error","details":{"database":"healthy","supabase":"healthy","system":"error"}}
{"timestamp":"2025-09-20T14:47:02.678Z","type":"health_check","status":"error","details":{"database":"healthy","supabase":"healthy","system":"error"}}
{"timestamp":"2025-09-20T14:48:11.983Z","type":"health_check","status":"warning","details":{"database":"healthy","supabase":"healthy","system":"warning"}}
{"timestamp":"2025-09-20T14:48:12.155Z","type":"health_check","status":"warning","details":{"database":"healthy","supabase":"healthy","system":"warning"}}
{"timestamp":"2025-09-20T14:48:42.158Z","type":"health_check","status":"warning","details":{"database":"healthy","supabase":"healthy","system":"warning"}}
{"timestamp":"2025-09-20T14:48:41.995Z","type":"health_check","status":"warning","details":{"database":"healthy","supabase":"healthy","system":"warning"}}
{"timestamp":"2025-09-20T14:49:42.402Z","type":"health_check","status":"warning","details":{"database":"healthy","supabase":"healthy","system":"warning"}}
{"timestamp":"2025-09-20T14:49:42.387Z","type":"health_check","status":"warning","details":{"database":"healthy","supabase":"healthy","system":"warning"}}
{"timestamp":"2025-09-20T14:50:43.041Z","type":"health_check","status":"warning","details":{"database":"healthy","supabase":"healthy","system":"warning"}}
{"timestamp":"2025-09-20T14:50:43.051Z","type":"health_check","status":"warning","details":{"database":"healthy","supabase":"healthy","system":"warning"}}
{"timestamp":"2025-09-20T14:51:43.505Z","type":"health_check","status":"warning","details":{"database":"healthy","supabase":"healthy","system":"warning"}}
{"timestamp":"2025-09-20T14:51:43.449Z","type":"health_check","status":"warning","details":{"database":"healthy","supabase":"healthy","system":"warning"}}
{"timestamp":"2025-09-20T14:52:43.879Z","type":"health_check","status":"warning","details":{"database":"healthy","supabase":"healthy","system":"warning"}}
{"timestamp":"2025-09-20T14:52:43.999Z","type":"health_check","status":"warning","details":{"database":"healthy","supabase":"healthy","system":"warning"}}
{"timestamp":"2025-09-20T14:53:44.332Z","type":"health_check","status":"warning","details":{"database":"healthy","supabase":"healthy","system":"warning"}}
{"timestamp":"2025-09-20T14:53:44.300Z","type":"health_check","status":"error","details":{"database":"healthy","supabase":"healthy","system":"error"}}
{"timestamp":"2025-09-20T14:55:53.046Z","type":"health_check","status":"warning","details":{"database":"warning","supabase":"healthy","system":"warning"}}
{"timestamp":"2025-09-20T14:55:53.086Z","type":"health_check","status":"warning","details":{"database":"warning","supabase":"healthy","system":"warning"}}
{"timestamp":"2025-09-20T14:56:23.054Z","type":"health_check","status":"warning","details":{"database":"healthy","supabase":"healthy","system":"warning"}}
{"timestamp":"2025-09-20T14:56:23.101Z","type":"health_check","status":"warning","details":{"database":"healthy","supabase":"healthy","system":"warning"}}
{"timestamp":"2025-09-20T14:57:08.390Z","type":"health_check","status":"warning","details":{"database":"healthy","supabase":"healthy","system":"warning"}}
{"timestamp":"2025-09-20T14:57:08.421Z","type":"health_check","status":"warning","details":{"database":"healthy","supabase":"healthy","system":"warning"}}
{"timestamp":"2025-09-20T14:58:08.845Z","type":"health_check","status":"warning","details":{"database":"healthy","supabase":"healthy","system":"warning"}}
{"timestamp":"2025-09-20T14:58:08.918Z","type":"health_check","status":"warning","details":{"database":"healthy","supabase":"healthy","system":"warning"}}
{"timestamp":"2025-09-20T14:58:22.894Z","type":"health_check","status":"warning","details":{"database":"healthy","supabase":"healthy","system":"warning"}}
{"timestamp":"2025-09-20T14:58:22.943Z","type":"health_check","status":"warning","details":{"database":"healthy","supabase":"healthy","system":"warning"}}
{"timestamp":"2025-09-20T14:58:52.964Z","type":"health_check","status":"warning","details":{"database":"healthy","supabase":"healthy","system":"warning"}}
{"timestamp":"2025-09-20T14:58:52.919Z","type":"health_check","status":"warning","details":{"database":"healthy","supabase":"healthy","system":"warning"}}
{"timestamp":"2025-09-20T14:59:53.722Z","type":"health_check","status":"warning","details":{"database":"healthy","supabase":"healthy","system":"warning"}}
{"timestamp":"2025-09-20T14:59:53.613Z","type":"health_check","status":"error","details":{"database":"healthy","supabase":"healthy","system":"error"}}
{"timestamp":"2025-09-20T15:00:54.084Z","type":"health_check","status":"warning","details":{"database":"healthy","supabase":"healthy","system":"warning"}}
{"timestamp":"2025-09-20T15:00:54.179Z","type":"health_check","status":"warning","details":{"database":"healthy","supabase":"healthy","system":"warning"}}
{"timestamp":"2025-09-20T15:01:54.582Z","type":"health_check","status":"error","details":{"database":"healthy","supabase":"healthy","system":"error"}}
{"timestamp":"2025-09-20T15:01:54.518Z","type":"health_check","status":"error","details":{"database":"healthy","supabase":"healthy","system":"error"}}
{"timestamp":"2025-09-20T15:02:54.953Z","type":"health_check","status":"warning","details":{"database":"healthy","supabase":"healthy","system":"warning"}}
{"timestamp":"2025-09-20T15:02:55.114Z","type":"health_check","status":"warning","details":{"database":"healthy","supabase":"healthy","system":"warning"}}
{"timestamp":"2025-09-20T15:03:55.583Z","type":"health_check","status":"error","details":{"database":"healthy","supabase":"healthy","system":"error"}}
{"timestamp":"2025-09-20T15:03:55.566Z","type":"health_check","status":"warning","details":{"database":"healthy","supabase":"healthy","system":"warning"}}
{"timestamp":"2025-09-20T15:04:56.310Z","type":"health_check","status":"warning","details":{"database":"healthy","supabase":"healthy","system":"warning"}}
{"timestamp":"2025-09-20T15:04:56.418Z","type":"health_check","status":"warning","details":{"database":"healthy","supabase":"healthy","system":"warning"}}
{"timestamp":"2025-09-20T15:05:56.869Z","type":"health_check","status":"warning","details":{"database":"healthy","supabase":"healthy","system":"warning"}}
{"timestamp":"2025-09-20T15:05:56.822Z","type":"health_check","status":"error","details":{"database":"healthy","supabase":"healthy","system":"error"}}
{"timestamp":"2025-09-20T15:06:57.664Z","type":"health_check","status":"warning","details":{"database":"healthy","supabase":"healthy","system":"warning"}}
{"timestamp":"2025-09-20T15:06:57.571Z","type":"health_check","status":"warning","details":{"database":"healthy","supabase":"healthy","system":"warning"}}
{"timestamp":"2025-09-20T15:07:57.915Z","type":"health_check","status":"healthy","details":{"database":"healthy","supabase":"healthy","system":"healthy"}}
{"timestamp":"2025-09-20T15:07:57.909Z","type":"health_check","status":"healthy","details":{"database":"healthy","supabase":"healthy","system":"healthy"}}
{"timestamp":"2025-09-20T15:08:43.710Z","type":"health_check","status":"healthy","details":{"database":"healthy","supabase":"healthy","system":"healthy"}}
{"timestamp":"2025-09-20T15:08:43.631Z","type":"health_check","status":"healthy","details":{"database":"healthy","supabase":"healthy","system":"healthy"}}
{"timestamp":"2025-09-20T15:09:29.286Z","type":"health_check","status":"healthy","details":{"database":"healthy","supabase":"healthy","system":"healthy"}}
{"timestamp":"2025-09-20T15:09:29.333Z","type":"health_check","status":"healthy","details":{"database":"healthy","supabase":"healthy","system":"healthy"}}
{"timestamp":"2025-09-20T15:09:59.584Z","type":"health_check","status":"warning","details":{"database":"healthy","supabase":"healthy","system":"warning"}}
{"timestamp":"2025-09-20T15:09:59.507Z","type":"health_check","status":"warning","details":{"database":"healthy","supabase":"healthy","system":"warning"}}
{"timestamp":"2025-09-20T15:10:44.919Z","type":"health_check","status":"warning","details":{"database":"healthy","supabase":"healthy","system":"warning"}}
{"timestamp":"2025-09-20T15:10:44.925Z","type":"health_check","status":"warning","details":{"database":"healthy","supabase":"healthy","system":"warning"}}
{"timestamp":"2025-09-20T15:11:45.437Z","type":"health_check","status":"warning","details":{"database":"healthy","supabase":"healthy","system":"warning"}}
{"timestamp":"2025-09-20T15:11:45.404Z","type":"health_check","status":"warning","details":{"database":"healthy","supabase":"healthy","system":"warning"}}
{"timestamp":"2025-09-20T15:12:46.046Z","type":"health_check","status":"warning","details":{"database":"healthy","supabase":"healthy","system":"warning"}}
{"timestamp":"2025-09-20T15:12:46.154Z","type":"health_check","status":"warning","details":{"database":"healthy","supabase":"healthy","system":"warning"}}
{"timestamp":"2025-09-20T15:13:46.495Z","type":"health_check","status":"warning","details":{"database":"healthy","supabase":"healthy","system":"warning"}}
{"timestamp":"2025-09-20T15:13:46.526Z","type":"health_check","status":"warning","details":{"database":"healthy","supabase":"healthy","system":"warning"}}
{"timestamp":"2025-09-20T15:14:47.197Z","type":"health_check","status":"warning","details":{"database":"healthy","supabase":"healthy","system":"warning"}}
{"timestamp":"2025-09-20T15:14:47.081Z","type":"health_check","status":"warning","details":{"database":"healthy","supabase":"healthy","system":"warning"}}
{"timestamp":"2025-09-20T15:15:47.435Z","type":"health_check","status":"error","details":{"database":"healthy","supabase":"healthy","system":"error"}}
{"timestamp":"2025-09-20T15:15:47.432Z","type":"health_check","status":"warning","details":{"database":"healthy","supabase":"healthy","system":"warning"}}
{"timestamp":"2025-09-20T15:16:47.814Z","type":"health_check","status":"warning","details":{"database":"healthy","supabase":"healthy","system":"warning"}}
{"timestamp":"2025-09-20T15:16:47.955Z","type":"health_check","status":"warning","details":{"database":"healthy","supabase":"healthy","system":"warning"}}
{"timestamp":"2025-09-20T15:17:48.207Z","type":"health_check","status":"warning","details":{"database":"healthy","supabase":"healthy","system":"warning"}}
{"timestamp":"2025-09-20T15:17:48.255Z","type":"health_check","status":"error","details":{"database":"healthy","supabase":"healthy","system":"error"}}
{"timestamp":"2025-09-20T15:18:48.897Z","type":"health_check","status":"warning","details":{"database":"healthy","supabase":"healthy","system":"warning"}}
{"timestamp":"2025-09-20T15:18:48.903Z","type":"health_check","status":"warning","details":{"database":"healthy","supabase":"healthy","system":"warning"}}
{"timestamp":"2025-09-20T15:19:49.341Z","type":"health_check","status":"error","details":{"database":"healthy","supabase":"healthy","system":"error"}}
{"timestamp":"2025-09-20T15:19:49.309Z","type":"health_check","status":"warning","details":{"database":"healthy","supabase":"healthy","system":"warning"}}
{"timestamp":"2025-09-20T15:20:50.054Z","type":"health_check","status":"warning","details":{"database":"healthy","supabase":"healthy","system":"warning"}}
{"timestamp":"2025-09-20T15:20:49.991Z","type":"health_check","status":"warning","details":{"database":"healthy","supabase":"healthy","system":"warning"}}
{"timestamp":"2025-09-20T15:21:50.398Z","type":"health_check","status":"warning","details":{"database":"healthy","supabase":"healthy","system":"warning"}}
{"timestamp":"2025-09-20T15:21:50.393Z","type":"health_check","status":"warning","details":{"database":"healthy","supabase":"healthy","system":"warning"}}
{"timestamp":"2025-09-20T15:22:51.059Z","type":"health_check","status":"warning","details":{"database":"healthy","supabase":"healthy","system":"warning"}}
{"timestamp":"2025-09-20T15:22:51.167Z","type":"health_check","status":"warning","details":{"database":"healthy","supabase":"healthy","system":"warning"}}
{"timestamp":"2025-09-20T15:23:51.402Z","type":"health_check","status":"warning","details":{"database":"healthy","supabase":"healthy","system":"warning"}}
{"timestamp":"2025-09-20T15:23:51.350Z","type":"health_check","status":"error","details":{"database":"healthy","supabase":"healthy","system":"error"}}
{"timestamp":"2025-09-20T15:24:52.238Z","type":"health_check","status":"warning","details":{"database":"healthy","supabase":"healthy","system":"warning"}}
{"timestamp":"2025-09-20T15:24:52.254Z","type":"health_check","status":"warning","details":{"database":"healthy","supabase":"healthy","system":"warning"}}
{"timestamp":"2025-09-20T15:25:52.506Z","type":"health_check","status":"warning","details":{"database":"healthy","supabase":"healthy","system":"warning"}}
{"timestamp":"2025-09-20T15:25:52.632Z","type":"health_check","status":"warning","details":{"database":"healthy","supabase":"healthy","system":"warning"}}
{"timestamp":"2025-09-20T15:26:52.841Z","type":"health_check","status":"warning","details":{"database":"healthy","supabase":"healthy","system":"warning"}}
{"timestamp":"2025-09-20T15:26:52.785Z","type":"health_check","status":"warning","details":{"database":"healthy","supabase":"healthy","system":"warning"}}
{"timestamp":"2025-09-20T15:27:53.172Z","type":"health_check","status":"warning","details":{"database":"healthy","supabase":"healthy","system":"warning"}}
{"timestamp":"2025-09-20T15:27:53.170Z","type":"health_check","status":"warning","details":{"database":"healthy","supabase":"healthy","system":"warning"}}
{"timestamp":"2025-09-20T15:28:53.935Z","type":"health_check","status":"warning","details":{"database":"healthy","supabase":"healthy","system":"warning"}}
{"timestamp":"2025-09-20T15:28:54.090Z","type":"health_check","status":"warning","details":{"database":"healthy","supabase":"healthy","system":"warning"}}
{"timestamp":"2025-09-20T15:29:39.321Z","type":"health_check","status":"warning","details":{"database":"healthy","supabase":"healthy","system":"warning"}}
{"timestamp":"2025-09-20T15:29:39.300Z","type":"health_check","status":"warning","details":{"database":"healthy","supabase":"healthy","system":"warning"}}
{"timestamp":"2025-09-20T15:30:24.813Z","type":"health_check","status":"warning","details":{"database":"healthy","supabase":"healthy","system":"warning"}}
{"timestamp":"2025-09-20T15:30:39.643Z","type":"health_check","status":"warning","details":{"database":"healthy","supabase":"healthy","system":"warning"}}
{"timestamp":"2025-09-20T15:31:10.197Z","type":"health_check","status":"warning","details":{"database":"healthy","supabase":"healthy","system":"warning"}}
{"timestamp":"2025-09-20T15:31:25.020Z","type":"health_check","status":"warning","details":{"database":"healthy","supabase":"healthy","system":"warning"}}
{"timestamp":"2025-09-20T15:31:55.705Z","type":"health_check","status":"warning","details":{"database":"healthy","supabase":"healthy","system":"warning"}}
{"timestamp":"2025-09-20T15:32:10.628Z","type":"health_check","status":"warning","details":{"database":"healthy","supabase":"healthy","system":"warning"}}
{"timestamp":"2025-09-20T15:32:41.191Z","type":"health_check","status":"warning","details":{"database":"healthy","supabase":"healthy","system":"warning"}}
{"timestamp":"2025-09-20T15:32:56.064Z","type":"health_check","status":"warning","details":{"database":"healthy","supabase":"healthy","system":"warning"}}
{"timestamp":"2025-09-20T15:33:41.621Z","type":"health_check","status":"warning","details":{"database":"healthy","supabase":"healthy","system":"warning"}}
{"timestamp":"2025-09-20T15:33:56.430Z","type":"health_check","status":"warning","details":{"database":"healthy","supabase":"healthy","system":"warning"}}
{"timestamp":"2025-09-20T15:34:27.233Z","type":"health_check","status":"warning","details":{"database":"healthy","supabase":"healthy","system":"warning"}}
{"timestamp":"2025-09-20T15:34:56.688Z","type":"health_check","status":"warning","details":{"database":"healthy","supabase":"healthy","system":"warning"}}
{"timestamp":"2025-09-20T15:35:27.551Z","type":"health_check","status":"warning","details":{"database":"healthy","supabase":"healthy","system":"warning"}}
{"timestamp":"2025-09-20T15:35:57.148Z","type":"health_check","status":"healthy","details":{"database":"healthy","supabase":"healthy","system":"healthy"}}
{"timestamp":"2025-09-20T15:36:28.153Z","type":"health_check","status":"warning","details":{"database":"healthy","supabase":"healthy","system":"warning"}}
{"timestamp":"2025-09-20T15:36:42.382Z","type":"health_check","status":"warning","details":{"database":"healthy","supabase":"healthy","system":"warning"}}
{"timestamp":"2025-09-20T15:37:28.529Z","type":"health_check","status":"warning","details":{"database":"healthy","supabase":"healthy","system":"warning"}}
{"timestamp":"2025-09-20T15:37:42.719Z","type":"health_check","status":"warning","details":{"database":"healthy","supabase":"healthy","system":"warning"}}
{"timestamp":"2025-09-20T15:38:13.890Z","type":"health_check","status":"warning","details":{"database":"healthy","supabase":"healthy","system":"warning"}}
{"timestamp":"2025-09-20T15:38:43.048Z","type":"health_check","status":"warning","details":{"database":"healthy","supabase":"healthy","system":"warning"}}
{"timestamp":"2025-09-20T15:38:59.309Z","type":"health_check","status":"warning","details":{"database":"healthy","supabase":"healthy","system":"warning"}}
{"timestamp":"2025-09-20T15:39:43.528Z","type":"health_check","status":"healthy","details":{"database":"healthy","supabase":"healthy","system":"healthy"}}
{"timestamp":"2025-09-20T15:39:59.896Z","type":"health_check","status":"warning","details":{"database":"healthy","supabase":"healthy","system":"warning"}}
{"timestamp":"2025-09-20T15:40:28.938Z","type":"health_check","status":"warning","details":{"database":"healthy","supabase":"healthy","system":"warning"}}
{"timestamp":"2025-09-20T15:40:45.299Z","type":"health_check","status":"warning","details":{"database":"healthy","supabase":"healthy","system":"warning"}}
{"timestamp":"2025-09-20T15:41:14.252Z","type":"health_check","status":"warning","details":{"database":"healthy","supabase":"healthy","system":"warning"}}
{"timestamp":"2025-09-20T15:41:30.877Z","type":"health_check","status":"healthy","details":{"database":"healthy","supabase":"healthy","system":"healthy"}}
{"timestamp":"2025-09-20T15:42:14.613Z","type":"health_check","status":"warning","details":{"database":"healthy","supabase":"healthy","system":"warning"}}
{"timestamp":"2025-09-20T15:42:16.258Z","type":"health_check","status":"warning","details":{"database":"healthy","supabase":"healthy","system":"warning"}}
{"timestamp":"2025-09-20T15:43:00.287Z","type":"health_check","status":"warning","details":{"database":"healthy","supabase":"healthy","system":"warning"}}
{"timestamp":"2025-09-20T15:43:01.403Z","type":"health_check","status":"warning","details":{"database":"healthy","supabase":"healthy","system":"warning"}}
{"timestamp":"2025-09-20T15:43:46.015Z","type":"health_check","status":"healthy","details":{"database":"healthy","supabase":"healthy","system":"healthy"}}
{"timestamp":"2025-09-20T15:44:01.558Z","type":"health_check","status":"warning","details":{"database":"healthy","supabase":"healthy","system":"warning"}}
{"timestamp":"2025-09-20T15:44:31.176Z","type":"health_check","status":"warning","details":{"database":"healthy","supabase":"healthy","system":"warning"}}
{"timestamp":"2025-09-20T15:45:01.938Z","type":"health_check","status":"warning","details":{"database":"healthy","supabase":"healthy","system":"warning"}}
{"timestamp":"2025-09-20T15:45:31.513Z","type":"health_check","status":"warning","details":{"database":"healthy","supabase":"healthy","system":"warning"}}
{"timestamp":"2025-09-20T15:46:02.300Z","type":"health_check","status":"warning","details":{"database":"healthy","supabase":"healthy","system":"warning"}}
{"timestamp":"2025-09-20T15:46:31.819Z","type":"health_check","status":"warning","details":{"database":"healthy","supabase":"healthy","system":"warning"}}
{"timestamp":"2025-09-20T15:47:02.674Z","type":"health_check","status":"warning","details":{"database":"healthy","supabase":"healthy","system":"warning"}}
{"timestamp":"2025-09-20T15:47:32.122Z","type":"health_check","status":"warning","details":{"database":"healthy","supabase":"healthy","system":"warning"}}
{"timestamp":"2025-09-20T15:48:02.962Z","type":"health_check","status":"warning","details":{"database":"healthy","supabase":"healthy","system":"warning"}}
{"timestamp":"2025-09-20T15:48:32.433Z","type":"health_check","status":"warning","details":{"database":"healthy","supabase":"healthy","system":"warning"}}
{"timestamp":"2025-09-20T15:49:03.424Z","type":"health_check","status":"warning","details":{"database":"healthy","supabase":"healthy","system":"warning"}}
{"timestamp":"2025-09-20T15:49:32.786Z","type":"health_check","status":"warning","details":{"database":"healthy","supabase":"healthy","system":"warning"}}
{"timestamp":"2025-09-20T15:50:04.037Z","type":"health_check","status":"warning","details":{"database":"healthy","supabase":"healthy","system":"warning"}}
{"timestamp":"2025-09-20T15:50:33.123Z","type":"health_check","status":"warning","details":{"database":"healthy","supabase":"healthy","system":"warning"}}
{"timestamp":"2025-09-20T15:51:04.374Z","type":"health_check","status":"warning","details":{"database":"healthy","supabase":"healthy","system":"warning"}}
{"timestamp":"2025-09-20T15:51:18.477Z","type":"health_check","status":"warning","details":{"database":"healthy","supabase":"healthy","system":"warning"}}
{"timestamp":"2025-09-20T15:52:05.353Z","type":"health_check","status":"warning","details":{"database":"healthy","supabase":"healthy","system":"warning"}}
{"timestamp":"2025-09-20T15:52:18.851Z","type":"health_check","status":"warning","details":{"database":"healthy","supabase":"healthy","system":"warning"}}
{"timestamp":"2025-09-20T15:52:50.735Z","type":"health_check","status":"warning","details":{"database":"healthy","supabase":"healthy","system":"warning"}}
{"timestamp":"2025-09-20T15:53:19.170Z","type":"health_check","status":"warning","details":{"database":"healthy","supabase":"healthy","system":"warning"}}
{"timestamp":"2025-09-20T15:53:51.411Z","type":"health_check","status":"warning","details":{"database":"healthy","supabase":"healthy","system":"warning"}}
{"timestamp":"2025-09-20T15:54:19.524Z","type":"health_check","status":"warning","details":{"database":"healthy","supabase":"healthy","system":"warning"}}
{"timestamp":"2025-09-20T15:54:51.722Z","type":"health_check","status":"warning","details":{"database":"healthy","supabase":"healthy","system":"warning"}}
{"timestamp":"2025-09-20T15:55:19.904Z","type":"health_check","status":"warning","details":{"database":"healthy","supabase":"healthy","system":"warning"}}
{"timestamp":"2025-09-20T15:55:52.495Z","type":"health_check","status":"warning","details":{"database":"healthy","supabase":"healthy","system":"warning"}}
{"timestamp":"2025-09-20T15:56:20.291Z","type":"health_check","status":"warning","details":{"database":"healthy","supabase":"healthy","system":"warning"}}
{"timestamp":"2025-09-20T15:56:38.721Z","type":"health_check","status":"warning","details":{"database":"healthy","supabase":"healthy","system":"warning"}}
{"timestamp":"2025-09-20T15:57:20.664Z","type":"health_check","status":"warning","details":{"database":"healthy","supabase":"healthy","system":"warning"}}
{"timestamp":"2025-09-20T15:57:39.305Z","type":"health_check","status":"warning","details":{"database":"healthy","supabase":"healthy","system":"warning"}}
{"timestamp":"2025-09-20T15:58:21.049Z","type":"health_check","status":"warning","details":{"database":"healthy","supabase":"healthy","system":"warning"}}
{"timestamp":"2025-09-20T15:58:39.622Z","type":"health_check","status":"warning","details":{"database":"healthy","supabase":"healthy","system":"warning"}}
{"timestamp":"2025-09-20T15:59:21.393Z","type":"health_check","status":"warning","details":{"database":"healthy","supabase":"healthy","system":"warning"}}
{"timestamp":"2025-09-20T15:59:40.291Z","type":"health_check","status":"warning","details":{"database":"healthy","supabase":"healthy","system":"warning"}}
{"timestamp":"2025-09-20T16:00:21.881Z","type":"health_check","status":"warning","details":{"database":"healthy","supabase":"healthy","system":"warning"}}
{"timestamp":"2025-09-20T16:00:40.686Z","type":"health_check","status":"warning","details":{"database":"healthy","supabase":"healthy","system":"warning"}}
{"timestamp":"2025-09-20T16:01:22.239Z","type":"health_check","status":"warning","details":{"database":"healthy","supabase":"healthy","system":"warning"}}
{"timestamp":"2025-09-20T16:01:41.308Z","type":"health_check","status":"warning","details":{"database":"healthy","supabase":"healthy","system":"warning"}}
{"timestamp":"2025-09-20T16:02:22.996Z","type":"health_check","status":"warning","details":{"database":"healthy","supabase":"healthy","system":"warning"}}
{"timestamp":"2025-09-20T16:02:26.700Z","type":"health_check","status":"warning","details":{"database":"healthy","supabase":"healthy","system":"warning"}}
{"timestamp":"2025-09-20T16:03:23.365Z","type":"health_check","status":"warning","details":{"database":"healthy","supabase":"healthy","system":"warning"}}
{"timestamp":"2025-09-20T16:03:27.149Z","type":"health_check","status":"warning","details":{"database":"healthy","supabase":"healthy","system":"warning"}}
{"timestamp":"2025-09-20T16:04:23.741Z","type":"health_check","status":"warning","details":{"database":"healthy","supabase":"healthy","system":"warning"}}
{"timestamp":"2025-09-20T16:04:27.318Z","type":"health_check","status":"warning","details":{"database":"healthy","supabase":"healthy","system":"warning"}}
{"timestamp":"2025-09-20T16:05:24.498Z","type":"health_check","status":"warning","details":{"database":"healthy","supabase":"healthy","system":"warning"}}
{"timestamp":"2025-09-20T16:05:27.475Z","type":"health_check","status":"error","details":{"database":"healthy","supabase":"healthy","system":"error"}}
{"timestamp":"2025-09-20T16:06:24.873Z","type":"health_check","status":"warning","details":{"database":"healthy","supabase":"healthy","system":"warning"}}
{"timestamp":"2025-09-20T16:06:27.626Z","type":"health_check","status":"warning","details":{"database":"healthy","supabase":"healthy","system":"warning"}}
{"timestamp":"2025-09-20T16:07:12.774Z","type":"health_check","status":"warning","details":{"database":"healthy","supabase":"healthy","system":"warning"}}
{"timestamp":"2025-09-20T16:07:25.271Z","type":"health_check","status":"warning","details":{"database":"healthy","supabase":"healthy","system":"warning"}}
{"timestamp":"2025-09-20T16:08:13.108Z","type":"health_check","status":"warning","details":{"database":"healthy","supabase":"healthy","system":"warning"}}
{"timestamp":"2025-09-20T16:08:25.568Z","type":"health_check","status":"warning","details":{"database":"healthy","supabase":"healthy","system":"warning"}}
{"timestamp":"2025-09-20T16:09:13.747Z","type":"health_check","status":"warning","details":{"database":"healthy","supabase":"healthy","system":"warning"}}
{"timestamp":"2025-09-20T16:09:25.886Z","type":"health_check","status":"warning","details":{"database":"healthy","supabase":"healthy","system":"warning"}}
{"timestamp":"2025-09-20T16:10:14.149Z","type":"health_check","status":"warning","details":{"database":"healthy","supabase":"healthy","system":"warning"}}
{"timestamp":"2025-09-20T16:10:26.191Z","type":"health_check","status":"warning","details":{"database":"healthy","supabase":"healthy","system":"warning"}}
{"timestamp":"2025-09-20T16:11:14.973Z","type":"health_check","status":"warning","details":{"database":"healthy","supabase":"healthy","system":"warning"}}
{"timestamp":"2025-09-20T16:11:26.532Z","type":"health_check","status":"warning","details":{"database":"healthy","supabase":"healthy","system":"warning"}}
{"timestamp":"2025-09-20T16:12:15.327Z","type":"health_check","status":"warning","details":{"database":"healthy","supabase":"healthy","system":"warning"}}
{"timestamp":"2025-09-20T16:12:26.876Z","type":"health_check","status":"error","details":{"database":"healthy","supabase":"healthy","system":"error"}}
{"timestamp":"2025-09-20T16:13:15.993Z","type":"health_check","status":"warning","details":{"database":"healthy","supabase":"healthy","system":"warning"}}
{"timestamp":"2025-09-20T16:13:27.207Z","type":"health_check","status":"warning","details":{"database":"healthy","supabase":"healthy","system":"warning"}}
{"timestamp":"2025-09-20T16:14:16.444Z","type":"health_check","status":"warning","details":{"database":"healthy","supabase":"healthy","system":"warning"}}
{"timestamp":"2025-09-20T16:14:27.567Z","type":"health_check","status":"warning","details":{"database":"healthy","supabase":"healthy","system":"warning"}}
{"timestamp":"2025-09-20T16:15:16.891Z","type":"health_check","status":"warning","details":{"database":"healthy","supabase":"healthy","system":"warning"}}
{"timestamp":"2025-09-20T16:15:27.912Z","type":"health_check","status":"warning","details":{"database":"healthy","supabase":"healthy","system":"warning"}}
{"timestamp":"2025-09-20T16:16:17.243Z","type":"health_check","status":"warning","details":{"database":"healthy","supabase":"healthy","system":"warning"}}
{"timestamp":"2025-09-20T16:16:28.186Z","type":"health_check","status":"warning","details":{"database":"healthy","supabase":"healthy","system":"warning"}}
{"timestamp":"2025-09-20T16:17:13.513Z","type":"health_check","status":"warning","details":{"database":"healthy","supabase":"healthy","system":"warning"}}
{"timestamp":"2025-09-20T16:17:17.606Z","type":"health_check","status":"warning","details":{"database":"healthy","supabase":"healthy","system":"warning"}}
{"timestamp":"2025-09-20T16:18:02.750Z","type":"health_check","status":"warning","details":{"database":"healthy","supabase":"healthy","system":"warning"}}
{"timestamp":"2025-09-20T16:18:13.849Z","type":"health_check","status":"warning","details":{"database":"healthy","supabase":"healthy","system":"warning"}}
{"timestamp":"2025-09-20T16:19:03.432Z","type":"health_check","status":"warning","details":{"database":"healthy","supabase":"healthy","system":"warning"}}
{"timestamp":"2025-09-20T16:19:14.230Z","type":"health_check","status":"warning","details":{"database":"healthy","supabase":"healthy","system":"warning"}}
{"timestamp":"2025-09-20T16:20:03.783Z","type":"health_check","status":"healthy","details":{"database":"healthy","supabase":"healthy","system":"healthy"}}
{"timestamp":"2025-09-20T16:20:14.524Z","type":"health_check","status":"warning","details":{"database":"healthy","supabase":"healthy","system":"warning"}}
{"timestamp":"2025-09-20T16:20:49.326Z","type":"health_check","status":"warning","details":{"database":"healthy","supabase":"healthy","system":"warning"}}
{"timestamp":"2025-09-20T16:21:14.898Z","type":"health_check","status":"warning","details":{"database":"healthy","supabase":"healthy","system":"warning"}}
{"timestamp":"2025-09-20T16:21:49.732Z","type":"health_check","status":"warning","details":{"database":"healthy","supabase":"healthy","system":"warning"}}
{"timestamp":"2025-09-20T16:22:15.264Z","type":"health_check","status":"warning","details":{"database":"healthy","supabase":"healthy","system":"warning"}}
{"timestamp":"2025-09-20T16:22:35.385Z","type":"health_check","status":"warning","details":{"database":"healthy","supabase":"healthy","system":"warning"}}
{"timestamp":"2025-09-20T16:23:15.622Z","type":"health_check","status":"warning","details":{"database":"healthy","supabase":"healthy","system":"warning"}}
{"timestamp":"2025-09-20T16:23:35.786Z","type":"health_check","status":"warning","details":{"database":"healthy","supabase":"healthy","system":"warning"}}
{"timestamp":"2025-09-20T16:24:36.330Z","type":"health_check","status":"warning","details":{"database":"healthy","supabase":"healthy","system":"warning"}}
{"timestamp":"2025-09-20T16:24:15.992Z","type":"health_check","status":"error","details":{"database":"healthy","supabase":"warning","system":"error"}}
{"timestamp":"2025-09-20T16:25:36.740Z","type":"health_check","status":"error","details":{"database":"healthy","supabase":"healthy","system":"error"}}
{"timestamp":"2025-09-20T16:26:16.630Z","type":"health_check","status":"warning","details":{"database":"healthy","supabase":"healthy","system":"warning"}}
{"timestamp":"2025-09-20T16:26:37.415Z","type":"health_check","status":"warning","details":{"database":"healthy","supabase":"healthy","system":"warning"}}
{"timestamp":"2025-09-20T16:27:17.063Z","type":"health_check","status":"warning","details":{"database":"healthy","supabase":"healthy","system":"warning"}}
{"timestamp":"2025-09-20T16:27:37.832Z","type":"health_check","status":"warning","details":{"database":"healthy","supabase":"healthy","system":"warning"}}
{"timestamp":"2025-09-20T16:28:17.509Z","type":"health_check","status":"warning","details":{"database":"healthy","supabase":"healthy","system":"warning"}}
{"timestamp":"2025-09-20T16:28:23.262Z","type":"health_check","status":"warning","details":{"database":"healthy","supabase":"healthy","system":"warning"}}
{"timestamp":"2025-09-20T16:29:02.891Z","type":"health_check","status":"warning","details":{"database":"healthy","supabase":"healthy","system":"warning"}}
{"timestamp":"2025-09-20T16:29:08.601Z","type":"health_check","status":"warning","details":{"database":"healthy","supabase":"healthy","system":"warning"}}
{"timestamp":"2025-09-20T16:30:03.277Z","type":"health_check","status":"warning","details":{"database":"healthy","supabase":"healthy","system":"warning"}}
{"timestamp":"2025-09-20T16:30:09.277Z","type":"health_check","status":"warning","details":{"database":"healthy","supabase":"healthy","system":"warning"}}
{"timestamp":"2025-09-20T16:30:54.624Z","type":"health_check","status":"warning","details":{"database":"healthy","supabase":"healthy","system":"warning"}}
{"timestamp":"2025-09-20T16:31:03.599Z","type":"health_check","status":"warning","details":{"database":"healthy","supabase":"healthy","system":"warning"}}
{"timestamp":"2025-09-20T16:31:55.294Z","type":"health_check","status":"warning","details":{"database":"healthy","supabase":"healthy","system":"warning"}}
{"timestamp":"2025-09-20T16:32:03.925Z","type":"health_check","status":"warning","details":{"database":"healthy","supabase":"healthy","system":"warning"}}
{"timestamp":"2025-09-20T16:32:55.613Z","type":"health_check","status":"warning","details":{"database":"healthy","supabase":"healthy","system":"warning"}}
{"timestamp":"2025-09-20T16:33:04.293Z","type":"health_check","status":"warning","details":{"database":"healthy","supabase":"healthy","system":"warning"}}
{"timestamp":"2025-09-20T16:33:56.352Z","type":"health_check","status":"warning","details":{"database":"healthy","supabase":"healthy","system":"warning"}}
{"timestamp":"2025-09-20T16:34:04.649Z","type":"health_check","status":"warning","details":{"database":"healthy","supabase":"healthy","system":"warning"}}
{"timestamp":"2025-09-20T16:34:56.725Z","type":"health_check","status":"warning","details":{"database":"healthy","supabase":"healthy","system":"warning"}}
{"timestamp":"2025-09-20T16:35:04.922Z","type":"health_check","status":"warning","details":{"database":"healthy","supabase":"healthy","system":"warning"}}
{"timestamp":"2025-09-20T16:35:57.345Z","type":"health_check","status":"warning","details":{"database":"healthy","supabase":"healthy","system":"warning"}}
{"timestamp":"2025-09-20T16:36:05.297Z","type":"health_check","status":"warning","details":{"database":"healthy","supabase":"healthy","system":"warning"}}
{"timestamp":"2025-09-20T16:36:50.616Z","type":"health_check","status":"warning","details":{"database":"healthy","supabase":"healthy","system":"warning"}}
{"timestamp":"2025-09-20T16:36:57.680Z","type":"health_check","status":"warning","details":{"database":"healthy","supabase":"healthy","system":"warning"}}
{"timestamp":"2025-09-20T16:37:36.254Z","type":"health_check","status":"warning","details":{"database":"healthy","supabase":"healthy","system":"warning"}}
{"timestamp":"2025-09-20T16:37:57.983Z","type":"health_check","status":"warning","details":{"database":"healthy","supabase":"healthy","system":"warning"}}
{"timestamp":"2025-09-20T16:38:21.588Z","type":"health_check","status":"warning","details":{"database":"healthy","supabase":"healthy","system":"warning"}}
{"timestamp":"2025-09-20T16:38:43.245Z","type":"health_check","status":"warning","details":{"database":"healthy","supabase":"healthy","system":"warning"}}
{"timestamp":"2025-09-20T16:39:21.875Z","type":"health_check","status":"warning","details":{"database":"healthy","supabase":"healthy","system":"warning"}}
{"timestamp":"2025-09-20T16:39:43.776Z","type":"health_check","status":"warning","details":{"database":"healthy","supabase":"healthy","system":"warning"}}
{"timestamp":"2025-09-20T16:40:22.172Z","type":"health_check","status":"warning","details":{"database":"healthy","supabase":"healthy","system":"warning"}}
{"timestamp":"2025-09-20T16:40:44.118Z","type":"health_check","status":"warning","details":{"database":"healthy","supabase":"healthy","system":"warning"}}
{"timestamp":"2025-09-20T16:41:07.586Z","type":"health_check","status":"warning","details":{"database":"healthy","supabase":"healthy","system":"warning"}}
{"timestamp":"2025-09-20T16:41:29.403Z","type":"health_check","status":"warning","details":{"database":"healthy","supabase":"healthy","system":"warning"}}
{"timestamp":"2025-09-20T16:42:07.885Z","type":"health_check","status":"warning","details":{"database":"healthy","supabase":"healthy","system":"warning"}}
{"timestamp":"2025-09-20T16:42:29.767Z","type":"health_check","status":"warning","details":{"database":"healthy","supabase":"healthy","system":"warning"}}
{"timestamp":"2025-09-20T16:43:08.552Z","type":"health_check","status":"warning","details":{"database":"healthy","supabase":"healthy","system":"warning"}}
{"timestamp":"2025-09-20T16:43:30.333Z","type":"health_check","status":"warning","details":{"database":"healthy","supabase":"healthy","system":"warning"}}
{"timestamp":"2025-09-20T16:44:08.999Z","type":"health_check","status":"warning","details":{"database":"healthy","supabase":"healthy","system":"warning"}}
{"timestamp":"2025-09-20T16:44:30.682Z","type":"health_check","status":"warning","details":{"database":"healthy","supabase":"healthy","system":"warning"}}
{"timestamp":"2025-09-20T16:45:09.333Z","type":"health_check","status":"warning","details":{"database":"healthy","supabase":"healthy","system":"warning"}}
{"timestamp":"2025-09-20T16:45:31.292Z","type":"health_check","status":"warning","details":{"database":"healthy","supabase":"healthy","system":"warning"}}
{"timestamp":"2025-09-20T16:46:09.716Z","type":"health_check","status":"warning","details":{"database":"healthy","supabase":"healthy","system":"warning"}}
{"timestamp":"2025-09-20T16:46:31.699Z","type":"health_check","status":"warning","details":{"database":"healthy","supabase":"healthy","system":"warning"}}
{"timestamp":"2025-09-20T16:47:10.144Z","type":"health_check","status":"warning","details":{"database":"healthy","supabase":"healthy","system":"warning"}}
{"timestamp":"2025-09-20T16:47:32.308Z","type":"health_check","status":"warning","details":{"database":"healthy","supabase":"healthy","system":"warning"}}
{"timestamp":"2025-09-20T16:48:10.518Z","type":"health_check","status":"warning","details":{"database":"healthy","supabase":"healthy","system":"warning"}}
{"timestamp":"2025-09-20T16:48:32.621Z","type":"health_check","status":"warning","details":{"database":"healthy","supabase":"healthy","system":"warning"}}
{"timestamp":"2025-09-20T16:49:10.848Z","type":"health_check","status":"warning","details":{"database":"healthy","supabase":"healthy","system":"warning"}}
{"timestamp":"2025-09-20T16:49:33.187Z","type":"health_check","status":"warning","details":{"database":"healthy","supabase":"healthy","system":"warning"}}
{"timestamp":"2025-09-20T16:50:11.205Z","type":"health_check","status":"warning","details":{"database":"healthy","supabase":"healthy","system":"warning"}}
{"timestamp":"2025-09-20T16:50:33.488Z","type":"health_check","status":"warning","details":{"database":"healthy","supabase":"healthy","system":"warning"}}
{"timestamp":"2025-09-20T16:51:11.585Z","type":"health_check","status":"warning","details":{"database":"healthy","supabase":"healthy","system":"warning"}}
{"timestamp":"2025-09-20T16:51:33.799Z","type":"health_check","status":"warning","details":{"database":"healthy","supabase":"healthy","system":"warning"}}
{"timestamp":"2025-09-20T16:52:12.446Z","type":"health_check","status":"warning","details":{"database":"healthy","supabase":"healthy","system":"warning"}}
{"timestamp":"2025-09-20T16:52:34.174Z","type":"health_check","status":"warning","details":{"database":"healthy","supabase":"healthy","system":"warning"}}
{"timestamp":"2025-09-20T16:53:13.060Z","type":"health_check","status":"warning","details":{"database":"healthy","supabase":"healthy","system":"warning"}}
{"timestamp":"2025-09-20T16:53:34.506Z","type":"health_check","status":"warning","details":{"database":"healthy","supabase":"healthy","system":"warning"}}
{"timestamp":"2025-09-20T16:54:13.416Z","type":"health_check","status":"healthy","details":{"database":"healthy","supabase":"healthy","system":"healthy"}}
{"timestamp":"2025-09-20T16:54:34.849Z","type":"health_check","status":"warning","details":{"database":"healthy","supabase":"healthy","system":"warning"}}
{"timestamp":"2025-09-20T16:54:43.737Z","type":"health_check","status":"warning","details":{"database":"healthy","supabase":"healthy","system":"warning"}}
{"timestamp":"2025-09-20T16:55:35.236Z","type":"health_check","status":"warning","details":{"database":"healthy","supabase":"healthy","system":"warning"}}
{"timestamp":"2025-09-20T16:55:44.108Z","type":"health_check","status":"warning","details":{"database":"healthy","supabase":"healthy","system":"warning"}}
{"timestamp":"2025-09-20T16:56:35.591Z","type":"health_check","status":"warning","details":{"database":"healthy","supabase":"healthy","system":"warning"}}
{"timestamp":"2025-09-20T16:56:44.544Z","type":"health_check","status":"warning","details":{"database":"healthy","supabase":"healthy","system":"warning"}}
{"timestamp":"2025-09-20T16:57:35.824Z","type":"health_check","status":"warning","details":{"database":"healthy","supabase":"healthy","system":"warning"}}
{"timestamp":"2025-09-20T16:57:44.877Z","type":"health_check","status":"error","details":{"database":"healthy","supabase":"healthy","system":"error"}}
{"timestamp":"2025-09-20T16:58:36.249Z","type":"health_check","status":"error","details":{"database":"healthy","supabase":"healthy","system":"error"}}
{"timestamp":"2025-09-20T16:58:45.144Z","type":"health_check","status":"warning","details":{"database":"healthy","supabase":"healthy","system":"warning"}}
{"timestamp":"2025-09-20T16:59:36.854Z","type":"health_check","status":"warning","details":{"database":"healthy","supabase":"healthy","system":"warning"}}
{"timestamp":"2025-09-20T16:59:45.446Z","type":"health_check","status":"warning","details":{"database":"healthy","supabase":"healthy","system":"warning"}}
{"timestamp":"2025-09-20T17:00:37.264Z","type":"health_check","status":"error","details":{"database":"healthy","supabase":"healthy","system":"error"}}
{"timestamp":"2025-09-20T17:00:45.755Z","type":"health_check","status":"error","details":{"database":"healthy","supabase":"healthy","system":"error"}}
{"timestamp":"2025-09-20T17:01:37.895Z","type":"health_check","status":"error","details":{"database":"healthy","supabase":"healthy","system":"error"}}
{"timestamp":"2025-09-20T17:01:46.156Z","type":"health_check","status":"warning","details":{"database":"healthy","supabase":"healthy","system":"warning"}}
{"timestamp":"2025-09-20T17:02:38.261Z","type":"health_check","status":"error","details":{"database":"healthy","supabase":"healthy","system":"error"}}
{"timestamp":"2025-09-20T17:02:46.486Z","type":"health_check","status":"error","details":{"database":"healthy","supabase":"healthy","system":"error"}}
{"timestamp":"2025-09-20T17:03:38.816Z","type":"health_check","status":"error","details":{"database":"healthy","supabase":"healthy","system":"error"}}
{"timestamp":"2025-09-20T17:03:46.748Z","type":"health_check","status":"error","details":{"database":"healthy","supabase":"healthy","system":"error"}}
{"timestamp":"2025-09-20T17:04:39.171Z","type":"health_check","status":"warning","details":{"database":"healthy","supabase":"healthy","system":"warning"}}
{"timestamp":"2025-09-20T17:04:47.019Z","type":"health_check","status":"warning","details":{"database":"healthy","supabase":"healthy","system":"warning"}}
{"timestamp":"2025-09-20T17:05:39.541Z","type":"health_check","status":"warning","details":{"database":"healthy","supabase":"healthy","system":"warning"}}
{"timestamp":"2025-09-20T17:05:47.404Z","type":"health_check","status":"error","details":{"database":"healthy","supabase":"healthy","system":"error"}}
{"timestamp":"2025-09-20T17:06:39.883Z","type":"health_check","status":"warning","details":{"database":"healthy","supabase":"healthy","system":"warning"}}
{"timestamp":"2025-09-20T17:07:40.677Z","type":"health_check","status":"warning","details":{"database":"healthy","supabase":"healthy","system":"warning"}}
{"timestamp":"2025-09-20T17:06:47.762Z","type":"health_check","status":"warning","details":{"database":"healthy","supabase":"warning","system":"warning"}}
{"timestamp":"2025-09-20T17:08:41.026Z","type":"health_check","status":"error","details":{"database":"healthy","supabase":"healthy","system":"error"}}
{"timestamp":"2025-09-20T17:08:48.058Z","type":"health_check","status":"error","details":{"database":"healthy","supabase":"healthy","system":"error"}}
{"timestamp":"2025-09-20T17:09:41.740Z","type":"health_check","status":"error","details":{"database":"healthy","supabase":"healthy","system":"error"}}
{"timestamp":"2025-09-20T17:09:48.411Z","type":"health_check","status":"warning","details":{"database":"healthy","supabase":"healthy","system":"warning"}}
{"timestamp":"2025-09-20T17:10:42.080Z","type":"health_check","status":"error","details":{"database":"healthy","supabase":"healthy","system":"error"}}
{"timestamp":"2025-09-20T17:10:48.688Z","type":"health_check","status":"error","details":{"database":"healthy","supabase":"healthy","system":"error"}}
{"timestamp":"2025-09-20T17:11:42.726Z","type":"health_check","status":"error","details":{"database":"healthy","supabase":"healthy","system":"error"}}
{"timestamp":"2025-09-20T17:11:49.021Z","type":"health_check","status":"warning","details":{"database":"healthy","supabase":"healthy","system":"warning"}}
{"timestamp":"2025-09-20T17:12:43.045Z","type":"health_check","status":"error","details":{"database":"healthy","supabase":"healthy","system":"error"}}
{"timestamp":"2025-09-20T17:12:49.307Z","type":"health_check","status":"error","details":{"database":"healthy","supabase":"healthy","system":"error"}}
{"timestamp":"2025-09-20T17:13:43.321Z","type":"health_check","status":"warning","details":{"database":"healthy","supabase":"healthy","system":"warning"}}
{"timestamp":"2025-09-20T17:13:49.584Z","type":"health_check","status":"warning","details":{"database":"healthy","supabase":"healthy","system":"warning"}}
{"timestamp":"2025-09-20T17:14:28.841Z","type":"health_check","status":"warning","details":{"database":"healthy","supabase":"healthy","system":"warning"}}
{"timestamp":"2025-09-20T17:14:49.916Z","type":"health_check","status":"warning","details":{"database":"healthy","supabase":"healthy","system":"warning"}}
{"timestamp":"2025-09-20T17:15:29.482Z","type":"health_check","status":"warning","details":{"database":"healthy","supabase":"healthy","system":"warning"}}
{"timestamp":"2025-09-20T17:15:50.223Z","type":"health_check","status":"warning","details":{"database":"healthy","supabase":"healthy","system":"warning"}}
{"timestamp":"2025-09-20T17:16:29.766Z","type":"health_check","status":"warning","details":{"database":"healthy","supabase":"healthy","system":"warning"}}
{"timestamp":"2025-09-20T17:16:50.529Z","type":"health_check","status":"warning","details":{"database":"healthy","supabase":"healthy","system":"warning"}}
{"timestamp":"2025-09-20T17:17:30.363Z","type":"health_check","status":"warning","details":{"database":"healthy","supabase":"healthy","system":"warning"}}
{"timestamp":"2025-09-20T17:17:50.808Z","type":"health_check","status":"warning","details":{"database":"healthy","supabase":"healthy","system":"warning"}}
{"timestamp":"2025-09-20T17:18:30.675Z","type":"health_check","status":"warning","details":{"database":"healthy","supabase":"healthy","system":"warning"}}
{"timestamp":"2025-09-20T17:18:51.131Z","type":"health_check","status":"warning","details":{"database":"healthy","supabase":"healthy","system":"warning"}}
{"timestamp":"2025-09-20T17:19:31.302Z","type":"health_check","status":"warning","details":{"database":"healthy","supabase":"healthy","system":"warning"}}
{"timestamp":"2025-09-20T17:19:51.518Z","type":"health_check","status":"warning","details":{"database":"healthy","supabase":"healthy","system":"warning"}}
{"timestamp":"2025-09-20T17:20:31.609Z","type":"health_check","status":"warning","details":{"database":"healthy","supabase":"healthy","system":"warning"}}
{"timestamp":"2025-09-20T17:20:51.858Z","type":"health_check","status":"warning","details":{"database":"healthy","supabase":"healthy","system":"warning"}}
{"timestamp":"2025-09-20T17:21:32.254Z","type":"health_check","status":"warning","details":{"database":"healthy","supabase":"healthy","system":"warning"}}
{"timestamp":"2025-09-20T17:21:52.173Z","type":"health_check","status":"warning","details":{"database":"healthy","supabase":"healthy","system":"warning"}}
{"timestamp":"2025-09-20T17:22:32.574Z","type":"health_check","status":"warning","details":{"database":"healthy","supabase":"healthy","system":"warning"}}
{"timestamp":"2025-09-20T17:22:52.485Z","type":"health_check","status":"warning","details":{"database":"healthy","supabase":"healthy","system":"warning"}}
{"timestamp":"2025-09-20T17:23:33.268Z","type":"health_check","status":"warning","details":{"database":"healthy","supabase":"healthy","system":"warning"}}
{"timestamp":"2025-09-20T17:23:52.768Z","type":"health_check","status":"warning","details":{"database":"healthy","supabase":"healthy","system":"warning"}}
{"timestamp":"2025-09-20T17:24:33.696Z","type":"health_check","status":"warning","details":{"database":"healthy","supabase":"healthy","system":"warning"}}
{"timestamp":"2025-09-20T17:24:53.066Z","type":"health_check","status":"warning","details":{"database":"healthy","supabase":"healthy","system":"warning"}}
{"timestamp":"2025-09-20T17:25:34.312Z","type":"health_check","status":"warning","details":{"database":"healthy","supabase":"healthy","system":"warning"}}
{"timestamp":"2025-09-20T17:25:53.363Z","type":"health_check","status":"warning","details":{"database":"healthy","supabase":"healthy","system":"warning"}}
{"timestamp":"2025-09-20T17:26:34.663Z","type":"health_check","status":"warning","details":{"database":"healthy","supabase":"healthy","system":"warning"}}
{"timestamp":"2025-09-20T17:26:53.731Z","type":"health_check","status":"warning","details":{"database":"healthy","supabase":"healthy","system":"warning"}}
{"timestamp":"2025-09-20T17:27:35.270Z","type":"health_check","status":"warning","details":{"database":"healthy","supabase":"healthy","system":"warning"}}
{"timestamp":"2025-09-20T17:28:20.606Z","type":"health_check","status":"warning","details":{"database":"healthy","supabase":"healthy","system":"warning"}}
{"timestamp":"2025-09-20T17:27:54.055Z","type":"health_check","status":"warning","details":{"database":"healthy","supabase":"warning","system":"warning"}}
{"timestamp":"2025-09-20T17:29:21.242Z","type":"health_check","status":"error","details":{"database":"healthy","supabase":"healthy","system":"error"}}
{"timestamp":"2025-09-20T17:29:53.888Z","type":"health_check","status":"error","details":{"database":"healthy","supabase":"healthy","system":"error"}}
{"timestamp":"2025-09-20T17:30:21.588Z","type":"health_check","status":"error","details":{"database":"healthy","supabase":"healthy","system":"error"}}
{"timestamp":"2025-09-20T17:30:54.242Z","type":"health_check","status":"warning","details":{"database":"healthy","supabase":"healthy","system":"warning"}}
{"timestamp":"2025-09-20T17:31:22.163Z","type":"health_check","status":"error","details":{"database":"healthy","supabase":"healthy","system":"error"}}
{"timestamp":"2025-09-20T17:31:54.582Z","type":"health_check","status":"warning","details":{"database":"healthy","supabase":"healthy","system":"warning"}}
{"timestamp":"2025-09-20T17:32:22.461Z","type":"health_check","status":"error","details":{"database":"healthy","supabase":"healthy","system":"error"}}
{"timestamp":"2025-09-20T17:32:54.945Z","type":"health_check","status":"error","details":{"database":"healthy","supabase":"healthy","system":"error"}}
{"timestamp":"2025-09-20T17:33:23.047Z","type":"health_check","status":"error","details":{"database":"healthy","supabase":"healthy","system":"error"}}
{"timestamp":"2025-09-20T17:33:55.312Z","type":"health_check","status":"warning","details":{"database":"healthy","supabase":"healthy","system":"warning"}}
{"timestamp":"2025-09-20T17:34:23.363Z","type":"health_check","status":"warning","details":{"database":"healthy","supabase":"healthy","system":"warning"}}
{"timestamp":"2025-09-21T06:44:26.053Z","type":"health_check","status":"warning","details":{"database":"healthy","supabase":"healthy","system":"warning"}}
{"timestamp":"2025-09-21T06:44:26.028Z","type":"health_check","status":"warning","details":{"database":"healthy","supabase":"healthy","system":"warning"}}
{"timestamp":"2025-09-21T06:44:56.063Z","type":"health_check","status":"healthy","details":{"database":"healthy","supabase":"healthy","system":"healthy"}}
{"timestamp":"2025-09-21T06:44:56.033Z","type":"health_check","status":"healthy","details":{"database":"healthy","supabase":"healthy","system":"healthy"}}
{"timestamp":"2025-09-21T06:45:26.467Z","type":"health_check","status":"warning","details":{"database":"healthy","supabase":"healthy","system":"warning"}}
{"timestamp":"2025-09-21T06:45:26.374Z","type":"health_check","status":"warning","details":{"database":"healthy","supabase":"healthy","system":"warning"}}
{"timestamp":"2025-09-21T06:46:26.697Z","type":"health_check","status":"warning","details":{"database":"healthy","supabase":"healthy","system":"warning"}}
{"timestamp":"2025-09-21T06:46:26.678Z","type":"health_check","status":"warning","details":{"database":"healthy","supabase":"healthy","system":"warning"}}
{"timestamp":"2025-09-21T06:47:27.040Z","type":"health_check","status":"warning","details":{"database":"healthy","supabase":"healthy","system":"warning"}}
{"timestamp":"2025-09-21T06:47:27.181Z","type":"health_check","status":"warning","details":{"database":"healthy","supabase":"healthy","system":"warning"}}
{"timestamp":"2025-09-21T06:48:27.426Z","type":"health_check","status":"warning","details":{"database":"healthy","supabase":"healthy","system":"warning"}}
{"timestamp":"2025-09-21T06:48:27.442Z","type":"health_check","status":"warning","details":{"database":"healthy","supabase":"healthy","system":"warning"}}
{"timestamp":"2025-09-21T06:49:28.124Z","type":"health_check","status":"warning","details":{"database":"healthy","supabase":"healthy","system":"warning"}}
{"timestamp":"2025-09-21T06:49:28.031Z","type":"health_check","status":"warning","details":{"database":"healthy","supabase":"healthy","system":"warning"}}
{"timestamp":"2025-09-21T06:50:28.378Z","type":"health_check","status":"warning","details":{"database":"healthy","supabase":"healthy","system":"warning"}}
{"timestamp":"2025-09-21T06:50:28.381Z","type":"health_check","status":"warning","details":{"database":"healthy","supabase":"healthy","system":"warning"}}
{"timestamp":"2025-09-21T06:51:28.923Z","type":"health_check","status":"warning","details":{"database":"healthy","supabase":"healthy","system":"warning"}}
{"timestamp":"2025-09-21T06:51:28.785Z","type":"health_check","status":"error","details":{"database":"healthy","supabase":"healthy","system":"error"}}
{"timestamp":"2025-09-21T06:52:29.160Z","type":"health_check","status":"error","details":{"database":"healthy","supabase":"healthy","system":"error"}}
{"timestamp":"2025-09-21T06:52:29.176Z","type":"health_check","status":"warning","details":{"database":"healthy","supabase":"healthy","system":"warning"}}
{"timestamp":"2025-09-21T06:53:29.579Z","type":"health_check","status":"warning","details":{"database":"healthy","supabase":"healthy","system":"warning"}}
{"timestamp":"2025-09-21T06:53:29.720Z","type":"health_check","status":"warning","details":{"database":"healthy","supabase":"healthy","system":"warning"}}
{"timestamp":"2025-09-21T06:54:30.069Z","type":"health_check","status":"error","details":{"database":"healthy","supabase":"healthy","system":"error"}}
{"timestamp":"2025-09-21T06:54:30.022Z","type":"health_check","status":"error","details":{"database":"healthy","supabase":"healthy","system":"error"}}
{"timestamp":"2025-09-21T06:55:30.682Z","type":"health_check","status":"warning","details":{"database":"healthy","supabase":"healthy","system":"warning"}}
{"timestamp":"2025-09-21T06:55:30.712Z","type":"health_check","status":"warning","details":{"database":"healthy","supabase":"healthy","system":"warning"}}
{"timestamp":"2025-09-21T06:56:31.087Z","type":"health_check","status":"warning","details":{"database":"healthy","supabase":"healthy","system":"warning"}}
{"timestamp":"2025-09-21T06:56:30.994Z","type":"health_check","status":"warning","details":{"database":"healthy","supabase":"healthy","system":"warning"}}
{"timestamp":"2025-09-21T06:57:31.539Z","type":"health_check","status":"warning","details":{"database":"healthy","supabase":"healthy","system":"warning"}}
{"timestamp":"2025-09-21T06:57:31.555Z","type":"health_check","status":"warning","details":{"database":"healthy","supabase":"healthy","system":"warning"}}
{"timestamp":"2025-09-21T06:58:31.868Z","type":"health_check","status":"error","details":{"database":"healthy","supabase":"healthy","system":"error"}}
{"timestamp":"2025-09-21T06:58:31.852Z","type":"health_check","status":"error","details":{"database":"healthy","supabase":"healthy","system":"error"}}
{"timestamp":"2025-09-21T06:59:32.447Z","type":"health_check","status":"warning","details":{"database":"healthy","supabase":"healthy","system":"warning"}}
{"timestamp":"2025-09-21T06:59:32.453Z","type":"health_check","status":"warning","details":{"database":"healthy","supabase":"healthy","system":"warning"}}
{"timestamp":"2025-09-21T07:00:32.792Z","type":"health_check","status":"error","details":{"database":"healthy","supabase":"healthy","system":"error"}}
{"timestamp":"2025-09-21T07:00:32.797Z","type":"health_check","status":"warning","details":{"database":"healthy","supabase":"healthy","system":"warning"}}
{"timestamp":"2025-09-21T07:01:33.474Z","type":"health_check","status":"warning","details":{"database":"healthy","supabase":"healthy","system":"warning"}}
{"timestamp":"2025-09-21T07:01:33.478Z","type":"health_check","status":"warning","details":{"database":"healthy","supabase":"healthy","system":"warning"}}
{"timestamp":"2025-09-21T07:02:33.861Z","type":"health_check","status":"warning","details":{"database":"healthy","supabase":"healthy","system":"warning"}}
{"timestamp":"2025-09-21T07:02:33.865Z","type":"health_check","status":"warning","details":{"database":"healthy","supabase":"healthy","system":"warning"}}
{"timestamp":"2025-09-21T07:03:34.590Z","type":"health_check","status":"error","details":{"database":"healthy","supabase":"healthy","system":"error"}}
{"timestamp":"2025-09-21T07:03:34.594Z","type":"health_check","status":"healthy","details":{"database":"healthy","supabase":"healthy","system":"healthy"}}
{"timestamp":"2025-09-21T07:04:19.975Z","type":"health_check","status":"healthy","details":{"database":"healthy","supabase":"healthy","system":"healthy"}}
{"timestamp":"2025-09-21T07:04:34.965Z","type":"health_check","status":"healthy","details":{"database":"healthy","supabase":"healthy","system":"healthy"}}
{"timestamp":"2025-09-21T07:05:05.698Z","type":"health_check","status":"healthy","details":{"database":"healthy","supabase":"healthy","system":"healthy"}}
{"timestamp":"2025-09-21T07:05:20.330Z","type":"health_check","status":"healthy","details":{"database":"healthy","supabase":"healthy","system":"healthy"}}
{"timestamp":"2025-09-21T07:05:51.171Z","type":"health_check","status":"healthy","details":{"database":"healthy","supabase":"healthy","system":"healthy"}}
{"timestamp":"2025-09-21T07:06:05.653Z","type":"health_check","status":"warning","details":{"database":"healthy","supabase":"healthy","system":"warning"}}
{"timestamp":"2025-09-21T07:06:36.538Z","type":"health_check","status":"healthy","details":{"database":"healthy","supabase":"healthy","system":"healthy"}}
{"timestamp":"2025-09-21T07:06:51.296Z","type":"health_check","status":"warning","details":{"database":"healthy","supabase":"healthy","system":"warning"}}
{"timestamp":"2025-09-21T07:07:21.905Z","type":"health_check","status":"warning","details":{"database":"healthy","supabase":"healthy","system":"warning"}}
{"timestamp":"2025-09-21T07:07:36.639Z","type":"health_check","status":"warning","details":{"database":"healthy","supabase":"healthy","system":"warning"}}
{"timestamp":"2025-09-21T07:08:07.319Z","type":"health_check","status":"healthy","details":{"database":"healthy","supabase":"healthy","system":"healthy"}}
{"timestamp":"2025-09-21T07:08:21.981Z","type":"health_check","status":"warning","details":{"database":"healthy","supabase":"healthy","system":"warning"}}
{"timestamp":"2025-09-21T07:08:52.758Z","type":"health_check","status":"warning","details":{"database":"healthy","supabase":"healthy","system":"warning"}}
{"timestamp":"2025-09-21T07:09:07.506Z","type":"health_check","status":"warning","details":{"database":"healthy","supabase":"healthy","system":"warning"}}
{"timestamp":"2025-09-21T07:09:38.110Z","type":"health_check","status":"warning","details":{"database":"healthy","supabase":"healthy","system":"warning"}}
{"timestamp":"2025-09-21T07:09:52.810Z","type":"health_check","status":"warning","details":{"database":"healthy","supabase":"healthy","system":"warning"}}
{"timestamp":"2025-09-21T07:10:23.701Z","type":"health_check","status":"warning","details":{"database":"healthy","supabase":"healthy","system":"warning"}}
{"timestamp":"2025-09-21T07:10:38.230Z","type":"health_check","status":"warning","details":{"database":"healthy","supabase":"healthy","system":"warning"}}
{"timestamp":"2025-09-21T07:11:09.034Z","type":"health_check","status":"warning","details":{"database":"healthy","supabase":"healthy","system":"warning"}}
{"timestamp":"2025-09-21T07:11:23.580Z","type":"health_check","status":"warning","details":{"database":"healthy","supabase":"healthy","system":"warning"}}
{"timestamp":"2025-09-21T07:11:54.431Z","type":"health_check","status":"warning","details":{"database":"healthy","supabase":"healthy","system":"warning"}}
{"timestamp":"2025-09-21T07:12:09.174Z","type":"health_check","status":"warning","details":{"database":"healthy","supabase":"healthy","system":"warning"}}
{"timestamp":"2025-09-21T07:12:39.759Z","type":"health_check","status":"warning","details":{"database":"healthy","supabase":"healthy","system":"warning"}}
{"timestamp":"2025-09-21T07:12:54.538Z","type":"health_check","status":"warning","details":{"database":"healthy","supabase":"healthy","system":"warning"}}
{"timestamp":"2025-09-21T07:13:40.265Z","type":"health_check","status":"warning","details":{"database":"healthy","supabase":"healthy","system":"warning"}}
{"timestamp":"2025-09-21T07:13:54.923Z","type":"health_check","status":"warning","details":{"database":"healthy","supabase":"healthy","system":"warning"}}
{"timestamp":"2025-09-21T07:14:40.329Z","type":"health_check","status":"warning","details":{"database":"healthy","supabase":"healthy","system":"warning"}}
{"timestamp":"2025-09-21T07:14:40.859Z","type":"health_check","status":"warning","details":{"database":"healthy","supabase":"healthy","system":"warning"}}
{"timestamp":"2025-09-21T07:15:41.008Z","type":"health_check","status":"warning","details":{"database":"healthy","supabase":"healthy","system":"warning"}}
{"timestamp":"2025-09-21T07:15:40.678Z","type":"health_check","status":"warning","details":{"database":"healthy","supabase":"healthy","system":"warning"}}
{"timestamp":"2025-09-21T07:16:41.253Z","type":"health_check","status":"warning","details":{"database":"healthy","supabase":"healthy","system":"warning"}}
{"timestamp":"2025-09-21T07:16:41.248Z","type":"health_check","status":"warning","details":{"database":"healthy","supabase":"healthy","system":"warning"}}
{"timestamp":"2025-09-21T07:17:41.553Z","type":"health_check","status":"warning","details":{"database":"healthy","supabase":"healthy","system":"warning"}}
{"timestamp":"2025-09-21T07:17:41.568Z","type":"health_check","status":"warning","details":{"database":"healthy","supabase":"healthy","system":"warning"}}
{"timestamp":"2025-09-21T07:18:42.150Z","type":"health_check","status":"warning","details":{"database":"healthy","supabase":"healthy","system":"warning"}}
{"timestamp":"2025-09-21T07:18:42.165Z","type":"health_check","status":"warning","details":{"database":"healthy","supabase":"healthy","system":"warning"}}
{"timestamp":"2025-09-21T07:19:42.509Z","type":"health_check","status":"warning","details":{"database":"healthy","supabase":"healthy","system":"warning"}}
{"timestamp":"2025-09-21T07:19:42.447Z","type":"health_check","status":"healthy","details":{"database":"healthy","supabase":"healthy","system":"healthy"}}
{"timestamp":"2025-09-21T07:20:28.108Z","type":"health_check","status":"healthy","details":{"database":"healthy","supabase":"healthy","system":"healthy"}}
{"timestamp":"2025-09-21T07:20:43.075Z","type":"health_check","status":"healthy","details":{"database":"healthy","supabase":"healthy","system":"healthy"}}
{"timestamp":"2025-09-21T07:21:13.463Z","type":"health_check","status":"healthy","details":{"database":"healthy","supabase":"healthy","system":"healthy"}}
{"timestamp":"2025-09-21T07:21:28.433Z","type":"health_check","status":"healthy","details":{"database":"healthy","supabase":"healthy","system":"healthy"}}
{"timestamp":"2025-09-21T07:21:58.821Z","type":"health_check","status":"healthy","details":{"database":"healthy","supabase":"healthy","system":"healthy"}}
{"timestamp":"2025-09-21T07:22:14.020Z","type":"health_check","status":"warning","details":{"database":"healthy","supabase":"healthy","system":"warning"}}
{"timestamp":"2025-09-21T07:22:44.735Z","type":"health_check","status":"healthy","details":{"database":"healthy","supabase":"healthy","system":"healthy"}}
{"timestamp":"2025-09-21T07:22:59.424Z","type":"health_check","status":"warning","details":{"database":"healthy","supabase":"healthy","system":"warning"}}
{"timestamp":"2025-09-21T07:23:30.053Z","type":"health_check","status":"warning","details":{"database":"healthy","supabase":"healthy","system":"warning"}}
{"timestamp":"2025-09-21T07:23:44.771Z","type":"health_check","status":"warning","details":{"database":"healthy","supabase":"healthy","system":"warning"}}
{"timestamp":"2025-09-21T07:24:15.668Z","type":"health_check","status":"healthy","details":{"database":"healthy","supabase":"healthy","system":"healthy"}}
{"timestamp":"2025-09-21T07:24:30.082Z","type":"health_check","status":"warning","details":{"database":"healthy","supabase":"healthy","system":"warning"}}
{"timestamp":"2025-09-21T07:25:01.076Z","type":"health_check","status":"warning","details":{"database":"healthy","supabase":"healthy","system":"warning"}}
{"timestamp":"2025-09-21T07:25:15.442Z","type":"health_check","status":"warning","details":{"database":"healthy","supabase":"healthy","system":"warning"}}
{"timestamp":"2025-09-21T07:25:46.476Z","type":"health_check","status":"warning","details":{"database":"healthy","supabase":"healthy","system":"warning"}}
{"timestamp":"2025-09-21T07:26:01.071Z","type":"health_check","status":"warning","details":{"database":"healthy","supabase":"healthy","system":"warning"}}
{"timestamp":"2025-09-21T07:26:31.814Z","type":"health_check","status":"warning","details":{"database":"healthy","supabase":"healthy","system":"warning"}}
{"timestamp":"2025-09-21T07:26:46.495Z","type":"health_check","status":"warning","details":{"database":"healthy","supabase":"healthy","system":"warning"}}
{"timestamp":"2025-09-21T07:27:17.169Z","type":"health_check","status":"warning","details":{"database":"healthy","supabase":"healthy","system":"warning"}}
{"timestamp":"2025-09-21T07:27:31.814Z","type":"health_check","status":"warning","details":{"database":"healthy","supabase":"healthy","system":"warning"}}
{"timestamp":"2025-09-21T07:28:02.781Z","type":"health_check","status":"warning","details":{"database":"healthy","supabase":"healthy","system":"warning"}}
{"timestamp":"2025-09-21T07:28:17.285Z","type":"health_check","status":"warning","details":{"database":"healthy","supabase":"healthy","system":"warning"}}
{"timestamp":"2025-09-21T07:28:48.191Z","type":"health_check","status":"warning","details":{"database":"healthy","supabase":"healthy","system":"warning"}}
{"timestamp":"2025-09-21T07:29:02.652Z","type":"health_check","status":"warning","details":{"database":"healthy","supabase":"healthy","system":"warning"}}
{"timestamp":"2025-09-21T07:29:48.577Z","type":"health_check","status":"warning","details":{"database":"healthy","supabase":"healthy","system":"warning"}}
{"timestamp":"2025-09-21T07:30:03.184Z","type":"health_check","status":"warning","details":{"database":"healthy","supabase":"healthy","system":"warning"}}
{"timestamp":"2025-09-21T07:30:48.535Z","type":"health_check","status":"warning","details":{"database":"healthy","supabase":"healthy","system":"warning"}}
{"timestamp":"2025-09-21T07:30:48.915Z","type":"health_check","status":"warning","details":{"database":"healthy","supabase":"healthy","system":"warning"}}
{"timestamp":"2025-09-21T07:31:49.135Z","type":"health_check","status":"warning","details":{"database":"healthy","supabase":"healthy","system":"warning"}}
{"timestamp":"2025-09-21T07:31:49.150Z","type":"health_check","status":"warning","details":{"database":"healthy","supabase":"healthy","system":"warning"}}
{"timestamp":"2025-09-21T07:32:49.600Z","type":"health_check","status":"warning","details":{"database":"healthy","supabase":"healthy","system":"warning"}}
{"timestamp":"2025-09-21T07:32:49.595Z","type":"health_check","status":"warning","details":{"database":"healthy","supabase":"healthy","system":"warning"}}
{"timestamp":"2025-09-21T07:33:50.295Z","type":"health_check","status":"warning","details":{"database":"healthy","supabase":"healthy","system":"warning"}}
{"timestamp":"2025-09-21T07:33:50.291Z","type":"health_check","status":"warning","details":{"database":"healthy","supabase":"healthy","system":"warning"}}
{"timestamp":"2025-09-21T07:34:50.605Z","type":"health_check","status":"warning","details":{"database":"healthy","supabase":"healthy","system":"warning"}}
{"timestamp":"2025-09-21T07:34:50.651Z","type":"health_check","status":"error","details":{"database":"healthy","supabase":"healthy","system":"error"}}
{"timestamp":"2025-09-21T07:35:51.227Z","type":"health_check","status":"error","details":{"database":"healthy","supabase":"healthy","system":"error"}}
{"timestamp":"2025-09-21T07:35:51.211Z","type":"health_check","status":"warning","details":{"database":"healthy","supabase":"healthy","system":"warning"}}
{"timestamp":"2025-09-21T07:36:51.614Z","type":"health_check","status":"healthy","details":{"database":"healthy","supabase":"healthy","system":"healthy"}}
{"timestamp":"2025-09-21T07:36:51.521Z","type":"health_check","status":"healthy","details":{"database":"healthy","supabase":"healthy","system":"healthy"}}
{"timestamp":"2025-09-21T07:55:51.467Z","type":"health_check","status":"healthy","details":{"database":"healthy","supabase":"healthy","system":"healthy"}}
{"timestamp":"2025-09-21T07:55:51.474Z","type":"health_check","status":"healthy","details":{"database":"healthy","supabase":"healthy","system":"healthy"}}
{"timestamp":"2025-09-21T07:56:37.634Z","type":"health_check","status":"healthy","details":{"database":"healthy","supabase":"healthy","system":"healthy"}}
{"timestamp":"2025-09-21T07:56:37.638Z","type":"health_check","status":"healthy","details":{"database":"healthy","supabase":"healthy","system":"healthy"}}
{"timestamp":"2025-09-21T07:57:22.952Z","type":"health_check","status":"healthy","details":{"database":"healthy","supabase":"healthy","system":"healthy"}}
{"timestamp":"2025-09-21T07:57:22.978Z","type":"health_check","status":"warning","details":{"database":"healthy","supabase":"healthy","system":"warning"}}
{"timestamp":"2025-09-21T07:58:08.277Z","type":"health_check","status":"warning","details":{"database":"healthy","supabase":"healthy","system":"warning"}}
{"timestamp":"2025-09-21T07:58:08.309Z","type":"health_check","status":"warning","details":{"database":"healthy","supabase":"healthy","system":"warning"}}
{"timestamp":"2025-09-21T07:58:53.941Z","type":"health_check","status":"warning","details":{"database":"healthy","supabase":"healthy","system":"warning"}}
{"timestamp":"2025-09-21T07:58:53.909Z","type":"health_check","status":"warning","details":{"database":"healthy","supabase":"healthy","system":"warning"}}
{"timestamp":"2025-09-21T07:59:39.313Z","type":"health_check","status":"healthy","details":{"database":"healthy","supabase":"healthy","system":"healthy"}}
{"timestamp":"2025-09-21T07:59:39.297Z","type":"health_check","status":"healthy","details":{"database":"healthy","supabase":"healthy","system":"healthy"}}
{"timestamp":"2025-09-21T08:00:24.635Z","type":"health_check","status":"warning","details":{"database":"healthy","supabase":"healthy","system":"warning"}}
{"timestamp":"2025-09-21T08:00:24.639Z","type":"health_check","status":"warning","details":{"database":"healthy","supabase":"healthy","system":"warning"}}
{"timestamp":"2025-09-21T08:01:10.236Z","type":"health_check","status":"warning","details":{"database":"healthy","supabase":"healthy","system":"warning"}}
{"timestamp":"2025-09-21T08:01:10.232Z","type":"health_check","status":"warning","details":{"database":"healthy","supabase":"healthy","system":"warning"}}
{"timestamp":"2025-09-21T08:01:55.501Z","type":"health_check","status":"warning","details":{"database":"healthy","supabase":"healthy","system":"warning"}}
{"timestamp":"2025-09-21T08:01:55.608Z","type":"health_check","status":"warning","details":{"database":"healthy","supabase":"healthy","system":"warning"}}
{"timestamp":"2025-09-21T08:02:40.937Z","type":"health_check","status":"warning","details":{"database":"healthy","supabase":"healthy","system":"warning"}}
{"timestamp":"2025-09-21T08:02:40.985Z","type":"health_check","status":"warning","details":{"database":"healthy","supabase":"healthy","system":"warning"}}
{"timestamp":"2025-09-21T08:03:26.562Z","type":"health_check","status":"warning","details":{"database":"healthy","supabase":"healthy","system":"warning"}}
{"timestamp":"2025-09-27T09:19:49.224Z","type":"health_check","status":"warning","details":{"database":"healthy","supabase":"healthy","system":"warning"}}
{"timestamp":"2025-09-27T09:19:49.262Z","type":"health_check","status":"warning","details":{"database":"healthy","supabase":"healthy","system":"warning"}}
{"timestamp":"2025-09-27T09:20:19.266Z","type":"health_check","status":"healthy","details":{"database":"healthy","supabase":"healthy","system":"healthy"}}
{"timestamp":"2025-09-27T09:20:19.233Z","type":"health_check","status":"healthy","details":{"database":"healthy","supabase":"healthy","system":"healthy"}}
{"timestamp":"2025-09-27T09:20:49.654Z","type":"health_check","status":"warning","details":{"database":"healthy","supabase":"healthy","system":"warning"}}
{"timestamp":"2025-09-27T09:20:49.638Z","type":"health_check","status":"warning","details":{"database":"healthy","supabase":"healthy","system":"warning"}}
{"timestamp":"2025-09-27T09:21:50.083Z","type":"health_check","status":"error","details":{"database":"healthy","supabase":"healthy","system":"error"}}
{"timestamp":"2025-09-27T09:21:50.099Z","type":"health_check","status":"warning","details":{"database":"healthy","supabase":"healthy","system":"warning"}}
{"timestamp":"2025-09-27T09:22:50.617Z","type":"health_check","status":"error","details":{"database":"healthy","supabase":"healthy","system":"error"}}
{"timestamp":"2025-09-27T09:22:50.446Z","type":"health_check","status":"error","details":{"database":"healthy","supabase":"healthy","system":"error"}}
{"timestamp":"2025-09-27T09:23:51.147Z","type":"health_check","status":"error","details":{"database":"healthy","supabase":"healthy","system":"error"}}
{"timestamp":"2025-09-27T09:23:51.085Z","type":"health_check","status":"error","details":{"database":"healthy","supabase":"healthy","system":"error"}}
{"timestamp":"2025-09-27T09:24:51.681Z","type":"health_check","status":"error","details":{"database":"healthy","supabase":"healthy","system":"error"}}
{"timestamp":"2025-09-27T09:24:51.556Z","type":"health_check","status":"error","details":{"database":"healthy","supabase":"healthy","system":"error"}}
{"timestamp":"2025-09-27T09:25:52.826Z","type":"health_check","status":"error","details":{"database":"healthy","supabase":"healthy","system":"error"}}
{"timestamp":"2025-09-27T09:25:52.748Z","type":"health_check","status":"error","details":{"database":"healthy","supabase":"healthy","system":"error"}}
{"timestamp":"2025-09-27T09:26:53.496Z","type":"health_check","status":"error","details":{"database":"healthy","supabase":"healthy","system":"error"}}
{"timestamp":"2025-09-27T09:26:53.469Z","type":"health_check","status":"error","details":{"database":"healthy","supabase":"healthy","system":"error"}}
{"timestamp":"2025-09-27T09:27:53.888Z","type":"health_check","status":"error","details":{"database":"healthy","supabase":"healthy","system":"error"}}
{"timestamp":"2025-09-27T09:27:53.882Z","type":"health_check","status":"error","details":{"database":"healthy","supabase":"healthy","system":"error"}}
{"timestamp":"2025-09-27T09:33:00.207Z","type":"health_check","status":"warning","details":{"database":"healthy","supabase":"healthy","system":"warning"}}
{"timestamp":"2025-09-27T09:33:00.233Z","type":"health_check","status":"warning","details":{"database":"healthy","supabase":"healthy","system":"warning"}}
{"timestamp":"2025-09-27T09:34:01.207Z","type":"health_check","status":"error","details":{"database":"healthy","supabase":"healthy","system":"error"}}
{"timestamp":"2025-09-27T09:34:01.472Z","type":"health_check","status":"error","details":{"database":"healthy","supabase":"healthy","system":"error"}}
{"timestamp":"2025-09-27T09:35:01.632Z","type":"health_check","status":"error","details":{"database":"healthy","supabase":"healthy","system":"error"}}
{"timestamp":"2025-09-27T09:35:01.725Z","type":"health_check","status":"error","details":{"database":"healthy","supabase":"healthy","system":"error"}}
{"timestamp":"2025-09-27T09:36:02.293Z","type":"health_check","status":"error","details":{"database":"healthy","supabase":"healthy","system":"error"}}
{"timestamp":"2025-09-27T09:36:02.414Z","type":"health_check","status":"error","details":{"database":"healthy","supabase":"healthy","system":"error"}}
{"timestamp":"2025-09-27T09:37:02.668Z","type":"health_check","status":"error","details":{"database":"healthy","supabase":"healthy","system":"error"}}
{"timestamp":"2025-09-27T09:37:02.699Z","type":"health_check","status":"error","details":{"database":"healthy","supabase":"healthy","system":"error"}}
{"timestamp":"2025-09-27T09:38:03.332Z","type":"health_check","status":"error","details":{"database":"healthy","supabase":"healthy","system":"error"}}
{"timestamp":"2025-09-27T09:38:03.426Z","type":"health_check","status":"error","details":{"database":"healthy","supabase":"healthy","system":"error"}}
{"timestamp":"2025-09-27T09:39:03.771Z","type":"health_check","status":"error","details":{"database":"healthy","supabase":"healthy","system":"error"}}
{"timestamp":"2025-09-27T09:39:03.741Z","type":"health_check","status":"error","details":{"database":"healthy","supabase":"healthy","system":"error"}}
{"timestamp":"2025-09-27T09:40:04.505Z","type":"health_check","status":"warning","details":{"database":"healthy","supabase":"healthy","system":"warning"}}
{"timestamp":"2025-09-27T09:40:04.396Z","type":"health_check","status":"warning","details":{"database":"healthy","supabase":"healthy","system":"warning"}}
{"timestamp":"2025-09-27T09:41:05.155Z","type":"health_check","status":"error","details":{"database":"healthy","supabase":"healthy","system":"error"}}
{"timestamp":"2025-09-27T09:41:05.233Z","type":"health_check","status":"error","details":{"database":"healthy","supabase":"healthy","system":"error"}}
{"timestamp":"2025-09-27T09:52:47.017Z","type":"health_check","status":"error","details":{"database":"healthy","supabase":"healthy","system":"error"}}
{"timestamp":"2025-09-27T09:52:46.993Z","type":"health_check","status":"error","details":{"database":"healthy","supabase":"healthy","system":"error"}}
{"timestamp":"2025-09-27T09:53:47.753Z","type":"health_check","status":"healthy","details":{"database":"healthy","supabase":"healthy","system":"healthy"}}
{"timestamp":"2025-09-27T09:53:47.862Z","type":"health_check","status":"warning","details":{"database":"healthy","supabase":"healthy","system":"warning"}}
{"timestamp":"2025-09-27T09:54:33.146Z","type":"health_check","status":"warning","details":{"database":"healthy","supabase":"healthy","system":"warning"}}
{"timestamp":"2025-09-27T09:54:33.161Z","type":"health_check","status":"warning","details":{"database":"healthy","supabase":"healthy","system":"warning"}}
{"timestamp":"2025-09-27T09:55:18.772Z","type":"health_check","status":"warning","details":{"database":"healthy","supabase":"healthy","system":"warning"}}
{"timestamp":"2025-09-27T09:55:33.537Z","type":"health_check","status":"warning","details":{"database":"healthy","supabase":"healthy","system":"warning"}}
{"timestamp":"2025-09-27T09:56:56.544Z","type":"health_check","status":"warning","details":{"database":"healthy","supabase":"healthy","system":"warning"}}
{"timestamp":"2025-09-27T09:56:56.565Z","type":"health_check","status":"warning","details":{"database":"healthy","supabase":"healthy","system":"warning"}}
{"timestamp":"2025-09-27T09:57:26.552Z","type":"health_check","status":"healthy","details":{"database":"healthy","supabase":"healthy","system":"healthy"}}
{"timestamp":"2025-09-27T09:57:26.567Z","type":"health_check","status":"healthy","details":{"database":"healthy","supabase":"healthy","system":"healthy"}}
{"timestamp":"2025-09-27T09:57:57.508Z","type":"health_check","status":"healthy","details":{"database":"healthy","supabase":"healthy","system":"healthy"}}
{"timestamp":"2025-09-27T09:57:57.506Z","type":"health_check","status":"healthy","details":{"database":"healthy","supabase":"healthy","system":"healthy"}}
{"timestamp":"2025-09-27T09:58:43.056Z","type":"health_check","status":"error","details":{"database":"healthy","supabase":"healthy","system":"error"}}
{"timestamp":"2025-09-27T09:58:42.884Z","type":"health_check","status":"error","details":{"database":"healthy","supabase":"healthy","system":"error"}}
{"timestamp":"2025-09-27T09:59:43.798Z","type":"health_check","status":"error","details":{"database":"healthy","supabase":"healthy","system":"error"}}
{"timestamp":"2025-09-27T09:59:43.751Z","type":"health_check","status":"error","details":{"database":"healthy","supabase":"healthy","system":"error"}}
{"timestamp":"2025-09-27T10:00:44.384Z","type":"health_check","status":"error","details":{"database":"healthy","supabase":"healthy","system":"error"}}
{"timestamp":"2025-09-27T10:00:44.354Z","type":"health_check","status":"error","details":{"database":"healthy","supabase":"healthy","system":"error"}}
{"timestamp":"2025-09-27T10:01:45.038Z","type":"health_check","status":"error","details":{"database":"healthy","supabase":"healthy","system":"error"}}
{"timestamp":"2025-09-27T10:01:44.991Z","type":"health_check","status":"error","details":{"database":"healthy","supabase":"healthy","system":"error"}}
{"timestamp":"2025-09-27T10:02:45.317Z","type":"health_check","status":"error","details":{"database":"warning","supabase":"healthy","system":"error"}}
{"timestamp":"2025-09-27T10:02:45.409Z","type":"health_check","status":"error","details":{"database":"warning","supabase":"healthy","system":"error"}}
{"timestamp":"2025-09-27T10:03:46.791Z","type":"health_check","status":"error","details":{"database":"healthy","supabase":"healthy","system":"error"}}
{"timestamp":"2025-09-27T10:03:46.758Z","type":"health_check","status":"error","details":{"database":"healthy","supabase":"healthy","system":"error"}}
{"timestamp":"2025-09-27T10:04:47.467Z","type":"health_check","status":"warning","details":{"database":"healthy","supabase":"healthy","system":"warning"}}
{"timestamp":"2025-09-27T10:04:47.512Z","type":"health_check","status":"warning","details":{"database":"healthy","supabase":"healthy","system":"warning"}}
{"timestamp":"2025-09-27T10:05:33.055Z","type":"health_check","status":"error","details":{"database":"healthy","supabase":"healthy","system":"error"}}
{"timestamp":"2025-09-27T10:05:33.059Z","type":"health_check","status":"error","details":{"database":"healthy","supabase":"healthy","system":"error"}}
{"timestamp":"2025-09-27T10:06:33.396Z","type":"health_check","status":"error","details":{"database":"healthy","supabase":"healthy","system":"error"}}
{"timestamp":"2025-09-27T10:06:33.491Z","type":"health_check","status":"error","details":{"database":"healthy","supabase":"healthy","system":"error"}}
{"timestamp":"2025-09-27T10:07:34.064Z","type":"health_check","status":"error","details":{"database":"healthy","supabase":"healthy","system":"error"}}
{"timestamp":"2025-09-27T10:07:34.035Z","type":"health_check","status":"error","details":{"database":"healthy","supabase":"healthy","system":"error"}}
{"timestamp":"2025-09-27T10:08:34.382Z","type":"health_check","status":"error","details":{"database":"healthy","supabase":"healthy","system":"error"}}
{"timestamp":"2025-09-27T10:08:34.414Z","type":"health_check","status":"error","details":{"database":"healthy","supabase":"healthy","system":"error"}}
{"timestamp":"2025-09-27T10:09:34.966Z","type":"health_check","status":"error","details":{"database":"healthy","supabase":"healthy","system":"error"}}
{"timestamp":"2025-09-27T10:09:34.950Z","type":"health_check","status":"error","details":{"database":"healthy","supabase":"healthy","system":"error"}}
{"timestamp":"2025-09-27T10:10:35.480Z","type":"health_check","status":"error","details":{"database":"healthy","supabase":"healthy","system":"error"}}
{"timestamp":"2025-09-27T10:10:35.496Z","type":"health_check","status":"error","details":{"database":"healthy","supabase":"healthy","system":"error"}}
{"timestamp":"2025-09-27T10:11:36.608Z","type":"health_check","status":"error","details":{"database":"warning","supabase":"healthy","system":"error"}}
{"timestamp":"2025-09-27T10:11:36.603Z","type":"health_check","status":"error","details":{"database":"warning","supabase":"healthy","system":"error"}}
{"timestamp":"2025-09-27T10:12:38.322Z","type":"health_check","status":"error","details":{"database":"healthy","supabase":"healthy","system":"error"}}
{"timestamp":"2025-09-27T10:12:38.318Z","type":"health_check","status":"error","details":{"database":"healthy","supabase":"healthy","system":"error"}}
{"timestamp":"2025-09-27T10:13:39.339Z","type":"health_check","status":"error","details":{"database":"warning","supabase":"healthy","system":"error"}}
{"timestamp":"2025-09-27T10:13:39.341Z","type":"health_check","status":"error","details":{"database":"warning","supabase":"healthy","system":"error"}}
{"timestamp":"2025-09-27T10:14:40.835Z","type":"health_check","status":"error","details":{"database":"healthy","supabase":"healthy","system":"error"}}
{"timestamp":"2025-09-27T10:14:40.840Z","type":"health_check","status":"error","details":{"database":"healthy","supabase":"healthy","system":"error"}}
{"timestamp":"2025-09-27T10:15:41.952Z","type":"health_check","status":"error","details":{"database":"healthy","supabase":"healthy","system":"error"}}
{"timestamp":"2025-09-27T10:15:42.037Z","type":"health_check","status":"error","details":{"database":"healthy","supabase":"healthy","system":"error"}}
{"timestamp":"2025-09-27T10:16:42.402Z","type":"health_check","status":"error","details":{"database":"healthy","supabase":"healthy","system":"error"}}
{"timestamp":"2025-09-27T10:16:42.386Z","type":"health_check","status":"error","details":{"database":"healthy","supabase":"healthy","system":"error"}}
{"timestamp":"2025-09-27T10:17:43.032Z","type":"health_check","status":"error","details":{"database":"healthy","supabase":"healthy","system":"error"}}
{"timestamp":"2025-09-27T10:17:43.156Z","type":"health_check","status":"error","details":{"database":"healthy","supabase":"healthy","system":"error"}}
{"timestamp":"2025-09-27T10:18:43.313Z","type":"health_check","status":"error","details":{"database":"healthy","supabase":"healthy","system":"error"}}
{"timestamp":"2025-09-27T10:18:43.360Z","type":"health_check","status":"error","details":{"database":"healthy","supabase":"healthy","system":"error"}}
{"timestamp":"2025-09-29T12:37:37.284Z","type":"health_check","status":"warning","details":{"database":"warning","supabase":"healthy","system":"warning"}}
{"timestamp":"2025-09-29T12:37:37.248Z","type":"health_check","status":"warning","details":{"database":"warning","supabase":"healthy","system":"warning"}}
{"timestamp":"2025-09-29T12:38:07.264Z","type":"health_check","status":"warning","details":{"database":"healthy","supabase":"healthy","system":"warning"}}
{"timestamp":"2025-09-29T12:38:07.295Z","type":"health_check","status":"warning","details":{"database":"healthy","supabase":"healthy","system":"warning"}}
{"timestamp":"2025-09-29T12:38:52.560Z","type":"health_check","status":"warning","details":{"database":"healthy","supabase":"healthy","system":"warning"}}
{"timestamp":"2025-09-29T12:39:07.779Z","type":"health_check","status":"warning","details":{"database":"healthy","supabase":"healthy","system":"warning"}}
{"timestamp":"2025-09-29T12:39:37.840Z","type":"health_check","status":"warning","details":{"database":"healthy","supabase":"healthy","system":"warning"}}
{"timestamp":"2025-09-29T12:40:08.045Z","type":"health_check","status":"warning","details":{"database":"healthy","supabase":"healthy","system":"warning"}}
{"timestamp":"2025-09-29T12:40:38.515Z","type":"health_check","status":"warning","details":{"database":"healthy","supabase":"healthy","system":"warning"}}
{"timestamp":"2025-09-29T12:40:52.425Z","type":"health_check","status":"warning","details":{"database":"healthy","supabase":"healthy","system":"warning"}}
{"timestamp":"2025-09-29T12:40:52.450Z","type":"health_check","status":"warning","details":{"database":"healthy","supabase":"healthy","system":"warning"}}
{"timestamp":"2025-09-29T12:41:22.428Z","type":"health_check","status":"healthy","details":{"database":"healthy","supabase":"healthy","system":"healthy"}}
{"timestamp":"2025-09-29T12:41:22.459Z","type":"health_check","status":"healthy","details":{"database":"healthy","supabase":"healthy","system":"healthy"}}
{"timestamp":"2025-09-29T12:42:07.863Z","type":"health_check","status":"error","details":{"database":"healthy","supabase":"healthy","system":"error"}}
{"timestamp":"2025-09-29T12:42:08.850Z","type":"health_check","status":"error","details":{"database":"healthy","supabase":"healthy","system":"error"}}
{"timestamp":"2025-09-29T12:43:09.141Z","type":"health_check","status":"error","details":{"database":"healthy","supabase":"healthy","system":"error"}}
{"timestamp":"2025-09-29T12:43:08.502Z","type":"health_check","status":"error","details":{"database":"healthy","supabase":"healthy","system":"error"}}
{"timestamp":"2025-09-29T12:44:09.630Z","type":"health_check","status":"error","details":{"database":"healthy","supabase":"healthy","system":"error"}}
{"timestamp":"2025-09-29T12:44:09.634Z","type":"health_check","status":"error","details":{"database":"healthy","supabase":"healthy","system":"error"}}
{"timestamp":"2025-09-29T12:45:09.953Z","type":"health_check","status":"error","details":{"database":"healthy","supabase":"healthy","system":"error"}}
{"timestamp":"2025-09-29T12:45:09.955Z","type":"health_check","status":"error","details":{"database":"healthy","supabase":"healthy","system":"error"}}
{"timestamp":"2025-09-29T12:46:10.788Z","type":"health_check","status":"error","details":{"database":"healthy","supabase":"healthy","system":"error"}}
{"timestamp":"2025-09-29T12:46:10.834Z","type":"health_check","status":"error","details":{"database":"healthy","supabase":"healthy","system":"error"}}
{"timestamp":"2025-09-29T12:47:11.331Z","type":"health_check","status":"error","details":{"database":"healthy","supabase":"healthy","system":"error"}}
{"timestamp":"2025-09-29T12:47:11.533Z","type":"health_check","status":"error","details":{"database":"healthy","supabase":"healthy","system":"error"}}
{"timestamp":"2025-09-29T12:48:12.842Z","type":"health_check","status":"error","details":{"database":"healthy","supabase":"healthy","system":"error"}}
{"timestamp":"2025-09-29T12:48:12.997Z","type":"health_check","status":"error","details":{"database":"healthy","supabase":"healthy","system":"error"}}
{"timestamp":"2025-09-29T12:49:13.230Z","type":"health_check","status":"error","details":{"database":"healthy","supabase":"healthy","system":"error"}}
{"timestamp":"2025-09-29T12:49:13.158Z","type":"health_check","status":"error","details":{"database":"healthy","supabase":"healthy","system":"error"}}
{"timestamp":"2025-09-29T12:50:13.793Z","type":"health_check","status":"error","details":{"database":"healthy","supabase":"healthy","system":"error"}}
{"timestamp":"2025-09-29T12:50:14.002Z","type":"health_check","status":"error","details":{"database":"healthy","supabase":"healthy","system":"error"}}
{"timestamp":"2025-09-29T12:51:14.127Z","type":"health_check","status":"error","details":{"database":"healthy","supabase":"healthy","system":"error"}}
{"timestamp":"2025-09-29T12:51:14.325Z","type":"health_check","status":"error","details":{"database":"healthy","supabase":"healthy","system":"error"}}
{"timestamp":"2025-09-29T12:52:14.652Z","type":"health_check","status":"error","details":{"database":"healthy","supabase":"healthy","system":"error"}}
{"timestamp":"2025-09-29T12:52:14.803Z","type":"health_check","status":"error","details":{"database":"healthy","supabase":"healthy","system":"error"}}
{"timestamp":"2025-09-29T12:53:15.056Z","type":"health_check","status":"error","details":{"database":"healthy","supabase":"healthy","system":"error"}}
{"timestamp":"2025-09-29T12:53:14.970Z","type":"health_check","status":"error","details":{"database":"healthy","supabase":"healthy","system":"error"}}
{"timestamp":"2025-09-29T12:54:16.171Z","type":"health_check","status":"error","details":{"database":"healthy","supabase":"healthy","system":"error"}}
{"timestamp":"2025-09-29T12:54:16.173Z","type":"health_check","status":"error","details":{"database":"healthy","supabase":"healthy","system":"error"}}
{"timestamp":"2025-09-29T12:55:00.245Z","type":"health_check","status":"warning","details":{"database":"healthy","supabase":"healthy","system":"warning"}}
{"timestamp":"2025-09-29T12:55:00.219Z","type":"health_check","status":"warning","details":{"database":"healthy","supabase":"healthy","system":"warning"}}
{"timestamp":"2025-09-29T12:55:30.221Z","type":"health_check","status":"healthy","details":{"database":"healthy","supabase":"healthy","system":"healthy"}}
{"timestamp":"2025-09-29T12:55:30.245Z","type":"health_check","status":"healthy","details":{"database":"healthy","supabase":"healthy","system":"healthy"}}
{"timestamp":"2025-09-29T12:56:00.775Z","type":"health_check","status":"healthy","details":{"database":"healthy","supabase":"healthy","system":"healthy"}}
{"timestamp":"2025-09-29T12:56:00.962Z","type":"health_check","status":"healthy","details":{"database":"healthy","supabase":"healthy","system":"healthy"}}
{"timestamp":"2025-09-29T12:56:46.624Z","type":"health_check","status":"error","details":{"database":"healthy","supabase":"healthy","system":"error"}}
{"timestamp":"2025-09-29T12:56:46.597Z","type":"health_check","status":"error","details":{"database":"healthy","supabase":"healthy","system":"error"}}
{"timestamp":"2025-09-29T12:57:46.939Z","type":"health_check","status":"error","details":{"database":"healthy","supabase":"healthy","system":"error"}}
{"timestamp":"2025-09-29T12:57:47.049Z","type":"health_check","status":"error","details":{"database":"healthy","supabase":"healthy","system":"error"}}
{"timestamp":"2025-09-29T12:58:47.388Z","type":"health_check","status":"error","details":{"database":"healthy","supabase":"healthy","system":"error"}}
{"timestamp":"2025-09-29T12:58:47.311Z","type":"health_check","status":"error","details":{"database":"healthy","supabase":"healthy","system":"error"}}
{"timestamp":"2025-09-29T12:59:48.051Z","type":"health_check","status":"error","details":{"database":"healthy","supabase":"healthy","system":"error"}}
{"timestamp":"2025-09-29T12:59:47.996Z","type":"health_check","status":"error","details":{"database":"healthy","supabase":"healthy","system":"error"}}
{"timestamp":"2025-09-29T13:00:48.706Z","type":"health_check","status":"error","details":{"database":"healthy","supabase":"healthy","system":"error"}}
{"timestamp":"2025-09-29T13:00:48.754Z","type":"health_check","status":"error","details":{"database":"healthy","supabase":"healthy","system":"error"}}
{"timestamp":"2025-09-29T13:01:49.370Z","type":"health_check","status":"error","details":{"database":"healthy","supabase":"healthy","system":"error"}}
{"timestamp":"2025-09-29T13:01:49.338Z","type":"health_check","status":"error","details":{"database":"healthy","supabase":"healthy","system":"error"}}
{"timestamp":"2025-09-29T13:02:49.980Z","type":"health_check","status":"error","details":{"database":"healthy","supabase":"healthy","system":"error"}}
{"timestamp":"2025-09-29T13:02:49.955Z","type":"health_check","status":"error","details":{"database":"healthy","supabase":"healthy","system":"error"}}
{"timestamp":"2025-09-29T13:03:50.623Z","type":"health_check","status":"error","details":{"database":"warning","supabase":"healthy","system":"error"}}
{"timestamp":"2025-09-29T13:03:50.643Z","type":"health_check","status":"error","details":{"database":"warning","supabase":"healthy","system":"error"}}
{"timestamp":"2025-09-29T13:04:52.249Z","type":"health_check","status":"error","details":{"database":"healthy","supabase":"healthy","system":"error"}}
{"timestamp":"2025-09-29T13:04:52.345Z","type":"health_check","status":"error","details":{"database":"healthy","supabase":"healthy","system":"error"}}
{"timestamp":"2025-09-29T13:05:53.537Z","type":"health_check","status":"error","details":{"database":"healthy","supabase":"healthy","system":"error"}}
{"timestamp":"2025-09-29T13:05:53.550Z","type":"health_check","status":"error","details":{"database":"healthy","supabase":"healthy","system":"error"}}
{"timestamp":"2025-09-29T13:06:54.363Z","type":"health_check","status":"error","details":{"database":"healthy","supabase":"healthy","system":"error"}}
{"timestamp":"2025-09-29T13:06:54.441Z","type":"health_check","status":"error","details":{"database":"healthy","supabase":"healthy","system":"error"}}
{"timestamp":"2025-09-29T13:07:55.432Z","type":"health_check","status":"warning","details":{"database":"healthy","supabase":"healthy","system":"warning"}}
{"timestamp":"2025-09-29T13:07:55.433Z","type":"health_check","status":"warning","details":{"database":"healthy","supabase":"healthy","system":"warning"}}
{"timestamp":"2025-09-29T13:08:56.131Z","type":"health_check","status":"error","details":{"database":"healthy","supabase":"healthy","system":"error"}}
{"timestamp":"2025-09-29T13:08:56.133Z","type":"health_check","status":"error","details":{"database":"healthy","supabase":"healthy","system":"error"}}
{"timestamp":"2025-09-29T13:09:56.940Z","type":"health_check","status":"error","details":{"database":"healthy","supabase":"healthy","system":"error"}}
{"timestamp":"2025-09-29T13:09:56.900Z","type":"health_check","status":"error","details":{"database":"healthy","supabase":"healthy","system":"error"}}
{"timestamp":"2025-09-29T13:10:57.453Z","type":"health_check","status":"error","details":{"database":"warning","supabase":"healthy","system":"error"}}
{"timestamp":"2025-09-29T13:10:57.479Z","type":"health_check","status":"error","details":{"database":"warning","supabase":"healthy","system":"error"}}
{"timestamp":"2025-09-29T13:11:58.749Z","type":"health_check","status":"error","details":{"database":"healthy","supabase":"healthy","system":"error"}}
{"timestamp":"2025-09-29T13:11:58.818Z","type":"health_check","status":"error","details":{"database":"healthy","supabase":"healthy","system":"error"}}
{"timestamp":"2025-09-29T13:12:59.102Z","type":"health_check","status":"error","details":{"database":"healthy","supabase":"healthy","system":"error"}}
{"timestamp":"2025-09-29T13:12:59.134Z","type":"health_check","status":"error","details":{"database":"healthy","supabase":"healthy","system":"error"}}
{"timestamp":"2025-09-29T13:13:59.756Z","type":"health_check","status":"warning","details":{"database":"healthy","supabase":"healthy","system":"warning"}}
{"timestamp":"2025-09-29T13:13:59.818Z","type":"health_check","status":"warning","details":{"database":"healthy","supabase":"healthy","system":"warning"}}
{"timestamp":"2025-09-29T13:15:00.581Z","type":"health_check","status":"error","details":{"database":"healthy","supabase":"healthy","system":"error"}}
{"timestamp":"2025-09-29T13:15:00.214Z","type":"health_check","status":"error","details":{"database":"healthy","supabase":"healthy","system":"error"}}
{"timestamp":"2025-09-29T13:16:01.582Z","type":"health_check","status":"warning","details":{"database":"healthy","supabase":"healthy","system":"warning"}}
{"timestamp":"2025-09-29T13:16:01.580Z","type":"health_check","status":"warning","details":{"database":"healthy","supabase":"healthy","system":"warning"}}
{"timestamp":"2025-09-29T13:17:02.275Z","type":"health_check","status":"error","details":{"database":"warning","supabase":"healthy","system":"error"}}
{"timestamp":"2025-09-29T13:17:02.291Z","type":"health_check","status":"error","details":{"database":"warning","supabase":"healthy","system":"error"}}
{"timestamp":"2025-09-29T13:18:03.623Z","type":"health_check","status":"error","details":{"database":"healthy","supabase":"healthy","system":"error"}}
{"timestamp":"2025-09-29T13:18:03.692Z","type":"health_check","status":"error","details":{"database":"healthy","supabase":"healthy","system":"error"}}
{"timestamp":"2025-09-29T13:19:04.001Z","type":"health_check","status":"warning","details":{"database":"healthy","supabase":"healthy","system":"warning"}}
{"timestamp":"2025-09-29T13:19:04.037Z","type":"health_check","status":"warning","details":{"database":"healthy","supabase":"healthy","system":"warning"}}
{"timestamp":"2025-09-29T13:20:04.776Z","type":"health_check","status":"error","details":{"database":"healthy","supabase":"healthy","system":"error"}}
{"timestamp":"2025-09-29T13:20:04.778Z","type":"health_check","status":"error","details":{"database":"healthy","supabase":"healthy","system":"error"}}
{"timestamp":"2025-09-29T13:20:22.405Z","type":"health_check","status":"warning","details":{"database":"healthy","supabase":"healthy","system":"warning"}}
{"timestamp":"2025-09-29T13:20:22.428Z","type":"health_check","status":"warning","details":{"database":"healthy","supabase":"healthy","system":"warning"}}
{"timestamp":"2025-09-29T13:20:52.411Z","type":"health_check","status":"healthy","details":{"database":"healthy","supabase":"healthy","system":"healthy"}}
{"timestamp":"2025-09-29T13:20:52.429Z","type":"health_check","status":"healthy","details":{"database":"healthy","supabase":"healthy","system":"healthy"}}
{"timestamp":"2025-09-29T13:21:22.852Z","type":"health_check","status":"warning","details":{"database":"healthy","supabase":"healthy","system":"warning"}}
{"timestamp":"2025-09-29T13:21:22.884Z","type":"health_check","status":"warning","details":{"database":"healthy","supabase":"healthy","system":"warning"}}
{"timestamp":"2025-09-29T13:22:23.149Z","type":"health_check","status":"healthy","details":{"database":"healthy","supabase":"healthy","system":"healthy"}}
{"timestamp":"2025-09-29T13:22:23.182Z","type":"health_check","status":"healthy","details":{"database":"healthy","supabase":"healthy","system":"healthy"}}
{"timestamp":"2025-09-29T13:23:08.930Z","type":"health_check","status":"warning","details":{"database":"warning","supabase":"healthy","system":"warning"}}
{"timestamp":"2025-09-29T13:23:08.883Z","type":"health_check","status":"warning","details":{"database":"warning","supabase":"healthy","system":"warning"}}
{"timestamp":"2025-09-29T13:23:55.603Z","type":"health_check","status":"error","details":{"database":"healthy","supabase":"healthy","system":"error"}}
{"timestamp":"2025-09-29T13:23:55.730Z","type":"health_check","status":"error","details":{"database":"healthy","supabase":"healthy","system":"error"}}
{"timestamp":"2025-09-29T13:24:55.894Z","type":"health_check","status":"error","details":{"database":"healthy","supabase":"healthy","system":"error"}}
{"timestamp":"2025-09-29T13:24:55.945Z","type":"health_check","status":"error","details":{"database":"healthy","supabase":"warning","system":"error"}}
{"timestamp":"2025-09-29T13:25:56.799Z","type":"health_check","status":"error","details":{"database":"healthy","supabase":"healthy","system":"error"}}
{"timestamp":"2025-09-29T13:26:56.817Z","type":"health_check","status":"warning","details":{"database":"healthy","supabase":"healthy","system":"warning"}}
{"timestamp":"2025-09-29T13:26:57.159Z","type":"health_check","status":"warning","details":{"database":"healthy","supabase":"healthy","system":"warning"}}
{"timestamp":"2025-09-29T13:27:57.597Z","type":"health_check","status":"error","details":{"database":"healthy","supabase":"healthy","system":"error"}}
{"timestamp":"2025-09-29T13:27:57.596Z","type":"health_check","status":"error","details":{"database":"healthy","supabase":"healthy","system":"error"}}
{"timestamp":"2025-09-29T13:28:57.880Z","type":"health_check","status":"error","details":{"database":"healthy","supabase":"healthy","system":"error"}}
{"timestamp":"2025-09-29T13:28:58.055Z","type":"health_check","status":"error","details":{"database":"healthy","supabase":"healthy","system":"error"}}
{"timestamp":"2025-09-29T13:29:51.466Z","type":"health_check","status":"warning","details":{"database":"healthy","supabase":"healthy","system":"warning"}}
{"timestamp":"2025-09-29T13:29:51.487Z","type":"health_check","status":"warning","details":{"database":"healthy","supabase":"healthy","system":"warning"}}
{"timestamp":"2025-09-29T13:30:21.471Z","type":"health_check","status":"healthy","details":{"database":"healthy","supabase":"healthy","system":"healthy"}}
{"timestamp":"2025-09-29T13:30:21.488Z","type":"health_check","status":"healthy","details":{"database":"healthy","supabase":"healthy","system":"healthy"}}
{"timestamp":"2025-09-29T13:31:06.957Z","type":"health_check","status":"healthy","details":{"database":"healthy","supabase":"healthy","system":"healthy"}}
{"timestamp":"2025-09-29T13:31:06.946Z","type":"health_check","status":"healthy","details":{"database":"healthy","supabase":"healthy","system":"healthy"}}
{"timestamp":"2025-09-29T13:31:52.507Z","type":"health_check","status":"error","details":{"database":"healthy","supabase":"healthy","system":"error"}}
{"timestamp":"2025-09-29T13:31:52.512Z","type":"health_check","status":"error","details":{"database":"healthy","supabase":"healthy","system":"error"}}
{"timestamp":"2025-09-29T13:32:53.709Z","type":"health_check","status":"healthy","details":{"database":"healthy","supabase":"healthy","system":"healthy"}}
{"timestamp":"2025-09-29T13:32:53.881Z","type":"health_check","status":"healthy","details":{"database":"healthy","supabase":"healthy","system":"healthy"}}
{"timestamp":"2025-09-29T13:32:58.876Z","type":"health_check","status":"warning","details":{"database":"healthy","supabase":"healthy","system":"warning"}}
{"timestamp":"2025-09-29T13:32:58.861Z","type":"health_check","status":"warning","details":{"database":"healthy","supabase":"healthy","system":"warning"}}
{"timestamp":"2025-09-29T13:33:28.865Z","type":"health_check","status":"healthy","details":{"database":"healthy","supabase":"healthy","system":"healthy"}}
{"timestamp":"2025-09-29T13:33:28.880Z","type":"health_check","status":"healthy","details":{"database":"healthy","supabase":"healthy","system":"healthy"}}
{"timestamp":"2025-09-29T13:33:59.380Z","type":"health_check","status":"error","details":{"database":"healthy","supabase":"healthy","system":"error"}}
{"timestamp":"2025-09-29T13:34:00.909Z","type":"health_check","status":"error","details":{"database":"healthy","supabase":"healthy","system":"error"}}
{"timestamp":"2025-09-29T13:35:00.092Z","type":"health_check","status":"error","details":{"database":"healthy","supabase":"healthy","system":"error"}}
{"timestamp":"2025-09-29T13:35:01.107Z","type":"health_check","status":"error","details":{"database":"healthy","supabase":"healthy","system":"error"}}
{"timestamp":"2025-09-29T13:36:01.422Z","type":"health_check","status":"error","details":{"database":"healthy","supabase":"healthy","system":"error"}}
{"timestamp":"2025-09-29T13:36:00.790Z","type":"health_check","status":"warning","details":{"database":"healthy","supabase":"healthy","system":"warning"}}
{"timestamp":"2025-09-29T13:37:01.929Z","type":"health_check","status":"warning","details":{"database":"healthy","supabase":"healthy","system":"warning"}}
{"timestamp":"2025-09-29T13:37:02.535Z","type":"health_check","status":"warning","details":{"database":"healthy","supabase":"healthy","system":"warning"}}
{"timestamp":"2025-09-29T13:37:47.719Z","type":"health_check","status":"error","details":{"database":"healthy","supabase":"healthy","system":"error"}}
{"timestamp":"2025-09-29T13:37:47.620Z","type":"health_check","status":"error","details":{"database":"healthy","supabase":"healthy","system":"error"}}
{"timestamp":"2025-09-29T13:38:48.085Z","type":"health_check","status":"warning","details":{"database":"healthy","supabase":"healthy","system":"warning"}}
{"timestamp":"2025-09-29T13:38:48.156Z","type":"health_check","status":"warning","details":{"database":"healthy","supabase":"healthy","system":"warning"}}
{"timestamp":"2025-09-29T13:39:48.553Z","type":"health_check","status":"warning","details":{"database":"healthy","supabase":"healthy","system":"warning"}}
{"timestamp":"2025-09-29T13:39:48.583Z","type":"health_check","status":"warning","details":{"database":"healthy","supabase":"healthy","system":"warning"}}
{"timestamp":"2025-09-29T13:40:49.095Z","type":"health_check","status":"error","details":{"database":"healthy","supabase":"healthy","system":"error"}}
{"timestamp":"2025-09-29T13:40:49.079Z","type":"health_check","status":"error","details":{"database":"healthy","supabase":"healthy","system":"error"}}
{"timestamp":"2025-09-29T13:41:49.468Z","type":"health_check","status":"error","details":{"database":"healthy","supabase":"healthy","system":"error"}}
{"timestamp":"2025-09-29T13:41:49.482Z","type":"health_check","status":"error","details":{"database":"healthy","supabase":"healthy","system":"error"}}
{"timestamp":"2025-09-29T13:50:43.170Z","type":"health_check","status":"warning","details":{"database":"healthy","supabase":"healthy","system":"warning"}}
{"timestamp":"2025-09-29T13:50:43.187Z","type":"health_check","status":"warning","details":{"database":"healthy","supabase":"healthy","system":"warning"}}
{"timestamp":"2025-09-29T13:51:13.173Z","type":"health_check","status":"error","details":{"database":"healthy","supabase":"healthy","system":"error"}}
{"timestamp":"2025-09-29T13:51:13.188Z","type":"health_check","status":"error","details":{"database":"healthy","supabase":"healthy","system":"error"}}
{"timestamp":"2025-09-29T13:52:14.042Z","type":"health_check","status":"error","details":{"database":"healthy","supabase":"healthy","system":"error"}}
{"timestamp":"2025-09-29T13:52:13.836Z","type":"health_check","status":"error","details":{"database":"healthy","supabase":"healthy","system":"error"}}
{"timestamp":"2025-09-29T13:53:14.434Z","type":"health_check","status":"error","details":{"database":"healthy","supabase":"healthy","system":"error"}}
{"timestamp":"2025-09-29T13:53:14.465Z","type":"health_check","status":"error","details":{"database":"healthy","supabase":"healthy","system":"error"}}
{"timestamp":"2025-09-29T13:54:15.099Z","type":"health_check","status":"warning","details":{"database":"healthy","supabase":"healthy","system":"warning"}}
{"timestamp":"2025-09-29T13:54:15.037Z","type":"health_check","status":"error","details":{"database":"healthy","supabase":"warning","system":"error"}}
{"timestamp":"2025-09-29T13:55:15.539Z","type":"health_check","status":"error","details":{"database":"warning","supabase":"healthy","system":"error"}}
{"timestamp":"2025-09-29T13:56:15.349Z","type":"health_check","status":"error","details":{"database":"healthy","supabase":"healthy","system":"error"}}
{"timestamp":"2025-09-29T13:56:17.394Z","type":"health_check","status":"error","details":{"database":"healthy","supabase":"healthy","system":"error"}}
{"timestamp":"2025-09-29T13:57:15.863Z","type":"health_check","status":"error","details":{"database":"healthy","supabase":"healthy","system":"error"}}
{"timestamp":"2025-09-29T13:57:17.632Z","type":"health_check","status":"error","details":{"database":"healthy","supabase":"healthy","system":"error"}}
{"timestamp":"2025-09-29T13:58:16.465Z","type":"health_check","status":"error","details":{"database":"healthy","supabase":"healthy","system":"error"}}
{"timestamp":"2025-09-29T13:58:17.847Z","type":"health_check","status":"error","details":{"database":"healthy","supabase":"healthy","system":"error"}}
{"timestamp":"2025-09-29T13:59:16.777Z","type":"health_check","status":"error","details":{"database":"healthy","supabase":"healthy","system":"error"}}
{"timestamp":"2025-09-29T13:59:18.144Z","type":"health_check","status":"error","details":{"database":"healthy","supabase":"healthy","system":"error"}}
{"timestamp":"2025-09-29T14:00:17.609Z","type":"health_check","status":"error","details":{"database":"healthy","supabase":"healthy","system":"error"}}
{"timestamp":"2025-09-29T14:00:18.325Z","type":"health_check","status":"error","details":{"database":"healthy","supabase":"healthy","system":"error"}}
{"timestamp":"2025-09-29T14:01:18.238Z","type":"health_check","status":"error","details":{"database":"healthy","supabase":"healthy","system":"error"}}
{"timestamp":"2025-09-29T14:01:18.562Z","type":"health_check","status":"error","details":{"database":"healthy","supabase":"healthy","system":"error"}}
{"timestamp":"2025-09-29T14:02:18.740Z","type":"health_check","status":"error","details":{"database":"healthy","supabase":"healthy","system":"error"}}
{"timestamp":"2025-09-29T14:02:18.616Z","type":"health_check","status":"error","details":{"database":"healthy","supabase":"healthy","system":"error"}}
{"timestamp":"2025-09-29T14:03:19.668Z","type":"health_check","status":"error","details":{"database":"healthy","supabase":"healthy","system":"error"}}
{"timestamp":"2025-09-29T14:03:19.670Z","type":"health_check","status":"error","details":{"database":"healthy","supabase":"healthy","system":"error"}}
{"timestamp":"2025-09-29T14:04:20.238Z","type":"health_check","status":"error","details":{"database":"healthy","supabase":"healthy","system":"error"}}
{"timestamp":"2025-09-29T14:04:20.237Z","type":"health_check","status":"error","details":{"database":"healthy","supabase":"healthy","system":"error"}}
{"timestamp":"2025-09-29T14:05:20.539Z","type":"health_check","status":"healthy","details":{"database":"healthy","supabase":"healthy","system":"healthy"}}
{"timestamp":"2025-09-29T14:05:20.571Z","type":"health_check","status":"healthy","details":{"database":"healthy","supabase":"healthy","system":"healthy"}}
{"timestamp":"2025-09-29T14:06:05.840Z","type":"health_check","status":"error","details":{"database":"healthy","supabase":"healthy","system":"error"}}
{"timestamp":"2025-09-29T14:06:05.812Z","type":"health_check","status":"error","details":{"database":"healthy","supabase":"healthy","system":"error"}}
{"timestamp":"2025-09-29T14:07:06.113Z","type":"health_check","status":"error","details":{"database":"healthy","supabase":"healthy","system":"error"}}
{"timestamp":"2025-09-29T14:07:06.128Z","type":"health_check","status":"error","details":{"database":"healthy","supabase":"healthy","system":"error"}}
{"timestamp":"2025-09-29T14:08:06.396Z","type":"health_check","status":"error","details":{"database":"healthy","supabase":"healthy","system":"error"}}
{"timestamp":"2025-09-29T14:08:06.780Z","type":"health_check","status":"error","details":{"database":"healthy","supabase":"healthy","system":"error"}}
{"timestamp":"2025-09-29T14:09:06.863Z","type":"health_check","status":"error","details":{"database":"healthy","supabase":"healthy","system":"error"}}
{"timestamp":"2025-09-29T14:09:07.079Z","type":"health_check","status":"error","details":{"database":"healthy","supabase":"healthy","system":"error"}}
{"timestamp":"2025-09-29T14:10:07.564Z","type":"health_check","status":"healthy","details":{"database":"healthy","supabase":"healthy","system":"healthy"}}
{"timestamp":"2025-09-29T14:10:07.486Z","type":"health_check","status":"healthy","details":{"database":"healthy","supabase":"healthy","system":"healthy"}}
{"timestamp":"2025-09-29T14:10:53.007Z","type":"health_check","status":"error","details":{"database":"healthy","supabase":"healthy","system":"error"}}
{"timestamp":"2025-09-29T14:10:52.971Z","type":"health_check","status":"error","details":{"database":"healthy","supabase":"healthy","system":"error"}}
{"timestamp":"2025-09-29T14:11:53.258Z","type":"health_check","status":"error","details":{"database":"warning","supabase":"healthy","system":"error"}}
{"timestamp":"2025-09-29T14:11:53.460Z","type":"health_check","status":"error","details":{"database":"healthy","supabase":"healthy","system":"error"}}
{"timestamp":"2025-09-29T14:12:54.696Z","type":"health_check","status":"error","details":{"database":"healthy","supabase":"healthy","system":"error"}}
{"timestamp":"2025-09-29T14:12:54.884Z","type":"health_check","status":"error","details":{"database":"healthy","supabase":"healthy","system":"error"}}
{"timestamp":"2025-09-29T14:13:55.431Z","type":"health_check","status":"healthy","details":{"database":"healthy","supabase":"healthy","system":"healthy"}}
{"timestamp":"2025-09-29T14:13:55.962Z","type":"health_check","status":"healthy","details":{"database":"healthy","supabase":"healthy","system":"healthy"}}
{"timestamp":"2025-09-29T14:14:41.493Z","type":"health_check","status":"error","details":{"database":"healthy","supabase":"healthy","system":"error"}}
{"timestamp":"2025-09-29T14:14:41.563Z","type":"health_check","status":"error","details":{"database":"healthy","supabase":"healthy","system":"error"}}
{"timestamp":"2025-09-29T14:15:42.076Z","type":"health_check","status":"error","details":{"database":"healthy","supabase":"healthy","system":"error"}}
{"timestamp":"2025-09-29T14:15:42.092Z","type":"health_check","status":"error","details":{"database":"healthy","supabase":"healthy","system":"error"}}
{"timestamp":"2025-09-29T14:16:42.391Z","type":"health_check","status":"error","details":{"database":"healthy","supabase":"healthy","system":"error"}}
{"timestamp":"2025-09-29T14:16:42.387Z","type":"health_check","status":"error","details":{"database":"healthy","supabase":"healthy","system":"error"}}
{"timestamp":"2025-09-29T14:17:42.935Z","type":"health_check","status":"error","details":{"database":"healthy","supabase":"warning","system":"error"}}
{"timestamp":"2025-09-29T14:17:43.063Z","type":"health_check","status":"error","details":{"database":"healthy","supabase":"warning","system":"error"}}
{"timestamp":"2025-09-29T14:19:43.337Z","type":"health_check","status":"error","details":{"database":"healthy","supabase":"healthy","system":"error"}}
{"timestamp":"2025-09-29T14:19:43.388Z","type":"health_check","status":"error","details":{"database":"healthy","supabase":"healthy","system":"error"}}
{"timestamp":"2025-09-29T14:20:43.903Z","type":"health_check","status":"error","details":{"database":"healthy","supabase":"healthy","system":"error"}}
{"timestamp":"2025-09-29T14:20:43.909Z","type":"health_check","status":"error","details":{"database":"healthy","supabase":"healthy","system":"error"}}
{"timestamp":"2025-09-29T14:21:44.223Z","type":"health_check","status":"warning","details":{"database":"healthy","supabase":"healthy","system":"warning"}}
{"timestamp":"2025-09-29T14:21:44.286Z","type":"health_check","status":"warning","details":{"database":"healthy","supabase":"healthy","system":"warning"}}
{"timestamp":"2025-09-29T14:22:29.499Z","type":"health_check","status":"error","details":{"database":"healthy","supabase":"healthy","system":"error"}}
{"timestamp":"2025-09-29T14:22:29.632Z","type":"health_check","status":"error","details":{"database":"healthy","supabase":"healthy","system":"error"}}
{"timestamp":"2025-09-29T14:23:29.990Z","type":"health_check","status":"error","details":{"database":"healthy","supabase":"healthy","system":"error"}}
{"timestamp":"2025-09-29T14:23:30.117Z","type":"health_check","status":"error","details":{"database":"healthy","supabase":"healthy","system":"error"}}
{"timestamp":"2025-09-29T14:24:30.685Z","type":"health_check","status":"error","details":{"database":"healthy","supabase":"healthy","system":"error"}}
{"timestamp":"2025-09-29T14:24:30.682Z","type":"health_check","status":"error","details":{"database":"healthy","supabase":"healthy","system":"error"}}
{"timestamp":"2025-09-29T14:25:30.949Z","type":"health_check","status":"error","details":{"database":"healthy","supabase":"healthy","system":"error"}}
{"timestamp":"2025-09-29T14:25:30.887Z","type":"health_check","status":"error","details":{"database":"healthy","supabase":"healthy","system":"error"}}
{"timestamp":"2025-09-29T14:26:31.654Z","type":"health_check","status":"error","details":{"database":"healthy","supabase":"healthy","system":"error"}}
{"timestamp":"2025-09-29T14:26:31.659Z","type":"health_check","status":"error","details":{"database":"healthy","supabase":"healthy","system":"error"}}
{"timestamp":"2025-09-30T06:34:41.147Z","type":"health_check","status":"error","details":{"database":"error","supabase":"healthy","system":"warning"}}
{"timestamp":"2025-09-30T06:34:41.112Z","type":"health_check","status":"error","details":{"database":"error","supabase":"healthy","system":"warning"}}
{"timestamp":"2025-09-30T06:35:11.150Z","type":"health_check","status":"warning","details":{"database":"slow","supabase":"healthy","system":"warning"}}
{"timestamp":"2025-09-30T06:35:11.127Z","type":"health_check","status":"warning","details":{"database":"slow","supabase":"healthy","system":"warning"}}
{"timestamp":"2025-09-30T06:36:26.208Z","type":"health_check","status":"warning","details":{"database":"warning","supabase":"healthy","system":"warning"}}
{"timestamp":"2025-09-30T06:36:38.572Z","type":"health_check","status":"warning","details":{"database":"healthy","supabase":"healthy","system":"warning"}}
{"timestamp":"2025-09-30T06:37:13.214Z","type":"health_check","status":"warning","details":{"database":"healthy","supabase":"healthy","system":"warning"}}
{"timestamp":"2025-09-30T06:37:39.587Z","type":"health_check","status":"warning","details":{"database":"healthy","supabase":"healthy","system":"warning"}}
{"timestamp":"2025-09-30T06:37:59.188Z","type":"health_check","status":"warning","details":{"database":"healthy","supabase":"healthy","system":"warning"}}
{"timestamp":"2025-09-30T06:38:25.141Z","type":"health_check","status":"warning","details":{"database":"healthy","supabase":"healthy","system":"warning"}}
{"timestamp":"2025-09-30T06:38:59.549Z","type":"health_check","status":"healthy","details":{"database":"healthy","supabase":"healthy","system":"healthy"}}
{"timestamp":"2025-09-30T06:39:25.668Z","type":"health_check","status":"warning","details":{"database":"healthy","supabase":"healthy","system":"warning"}}
{"timestamp":"2025-09-30T06:39:30.162Z","type":"health_check","status":"warning","details":{"database":"healthy","supabase":"healthy","system":"warning"}}
{"timestamp":"2025-09-30T06:40:28.190Z","type":"health_check","status":"error","details":{"database":"healthy","supabase":"healthy","system":"error"}}
{"timestamp":"2025-09-30T06:40:30.665Z","type":"health_check","status":"error","details":{"database":"healthy","supabase":"healthy","system":"error"}}
{"timestamp":"2025-09-30T06:40:49.327Z","type":"health_check","status":"warning","details":{"database":"healthy","supabase":"healthy","system":"warning"}}
{"timestamp":"2025-09-30T06:40:49.292Z","type":"health_check","status":"warning","details":{"database":"healthy","supabase":"healthy","system":"warning"}}
{"timestamp":"2025-09-30T06:41:19.297Z","type":"health_check","status":"warning","details":{"database":"healthy","supabase":"healthy","system":"warning"}}
{"timestamp":"2025-09-30T06:41:19.328Z","type":"health_check","status":"warning","details":{"database":"healthy","supabase":"healthy","system":"warning"}}
{"timestamp":"2025-09-30T06:42:05.664Z","type":"health_check","status":"warning","details":{"database":"healthy","supabase":"healthy","system":"warning"}}
{"timestamp":"2025-09-30T06:42:05.851Z","type":"health_check","status":"warning","details":{"database":"healthy","supabase":"healthy","system":"warning"}}
{"timestamp":"2025-09-30T06:42:51.427Z","type":"health_check","status":"warning","details":{"database":"healthy","supabase":"healthy","system":"warning"}}
{"timestamp":"2025-09-30T06:43:07.066Z","type":"health_check","status":"error","details":{"database":"healthy","supabase":"healthy","system":"error"}}
{"timestamp":"2025-09-30T06:43:52.798Z","type":"health_check","status":"warning","details":{"database":"healthy","supabase":"healthy","system":"warning"}}
{"timestamp":"2025-09-30T06:44:07.778Z","type":"health_check","status":"error","details":{"database":"healthy","supabase":"healthy","system":"error"}}
{"timestamp":"2025-09-30T06:44:53.221Z","type":"health_check","status":"error","details":{"database":"healthy","supabase":"healthy","system":"error"}}
{"timestamp":"2025-09-30T06:45:08.500Z","type":"health_check","status":"error","details":{"database":"healthy","supabase":"healthy","system":"error"}}
{"timestamp":"2025-09-30T06:45:54.319Z","type":"health_check","status":"warning","details":{"database":"slow","supabase":"healthy","system":"warning"}}
{"timestamp":"2025-09-30T06:46:08.878Z","type":"health_check","status":"error","details":{"database":"slow","supabase":"healthy","system":"error"}}
{"timestamp":"2025-09-30T06:47:03.383Z","type":"health_check","status":"error","details":{"database":"healthy","supabase":"healthy","system":"error"}}
{"timestamp":"2025-09-30T06:47:12.661Z","type":"health_check","status":"error","details":{"database":"healthy","supabase":"healthy","system":"error"}}
{"timestamp":"2025-09-30T06:48:06.125Z","type":"health_check","status":"warning","details":{"database":"healthy","supabase":"healthy","system":"warning"}}
{"timestamp":"2025-09-30T06:48:06.150Z","type":"health_check","status":"warning","details":{"database":"healthy","supabase":"healthy","system":"warning"}}
{"timestamp":"2025-09-30T06:48:36.128Z","type":"health_check","status":"warning","details":{"database":"warning","supabase":"healthy","system":"warning"}}
{"timestamp":"2025-09-30T06:48:36.154Z","type":"health_check","status":"warning","details":{"database":"warning","supabase":"healthy","system":"warning"}}
{"timestamp":"2025-09-30T06:49:37.764Z","type":"health_check","status":"error","details":{"database":"healthy","supabase":"healthy","system":"error"}}
{"timestamp":"2025-09-30T06:49:37.913Z","type":"health_check","status":"error","details":{"database":"healthy","supabase":"healthy","system":"error"}}
{"timestamp":"2025-09-30T06:50:38.851Z","type":"health_check","status":"warning","details":{"database":"healthy","supabase":"healthy","system":"warning"}}
{"timestamp":"2025-09-30T06:50:38.810Z","type":"health_check","status":"error","details":{"database":"healthy","supabase":"healthy","system":"error"}}
{"timestamp":"2025-09-30T06:51:40.179Z","type":"health_check","status":"error","details":{"database":"healthy","supabase":"healthy","system":"error"}}
{"timestamp":"2025-09-30T06:51:40.225Z","type":"health_check","status":"error","details":{"database":"healthy","supabase":"healthy","system":"error"}}
{"timestamp":"2025-09-30T06:52:40.740Z","type":"health_check","status":"error","details":{"database":"healthy","supabase":"healthy","system":"error"}}
{"timestamp":"2025-09-30T06:52:40.722Z","type":"health_check","status":"error","details":{"database":"healthy","supabase":"healthy","system":"error"}}
{"timestamp":"2025-09-30T06:53:43.666Z","type":"health_check","status":"error","details":{"database":"healthy","supabase":"healthy","system":"error"}}
{"timestamp":"2025-09-30T06:53:44.162Z","type":"health_check","status":"error","details":{"database":"healthy","supabase":"healthy","system":"error"}}
{"timestamp":"2025-09-30T06:54:44.584Z","type":"health_check","status":"error","details":{"database":"healthy","supabase":"healthy","system":"error"}}
{"timestamp":"2025-09-30T06:54:44.703Z","type":"health_check","status":"error","details":{"database":"healthy","supabase":"healthy","system":"error"}}
{"timestamp":"2025-09-30T06:55:45.303Z","type":"health_check","status":"error","details":{"database":"healthy","supabase":"healthy","system":"error"}}
{"timestamp":"2025-09-30T06:55:45.349Z","type":"health_check","status":"error","details":{"database":"healthy","supabase":"healthy","system":"error"}}
{"timestamp":"2025-09-30T06:56:45.770Z","type":"health_check","status":"error","details":{"database":"healthy","supabase":"healthy","system":"error"}}
{"timestamp":"2025-09-30T06:56:45.775Z","type":"health_check","status":"error","details":{"database":"healthy","supabase":"healthy","system":"error"}}
{"timestamp":"2025-09-30T06:57:46.439Z","type":"health_check","status":"error","details":{"database":"healthy","supabase":"healthy","system":"error"}}
{"timestamp":"2025-09-30T06:57:46.517Z","type":"health_check","status":"error","details":{"database":"healthy","supabase":"healthy","system":"error"}}
{"timestamp":"2025-09-30T06:58:46.786Z","type":"health_check","status":"error","details":{"database":"healthy","supabase":"healthy","system":"error"}}
{"timestamp":"2025-09-30T06:58:46.804Z","type":"health_check","status":"error","details":{"database":"healthy","supabase":"healthy","system":"error"}}
{"timestamp":"2025-09-30T06:59:47.379Z","type":"health_check","status":"error","details":{"database":"healthy","supabase":"healthy","system":"error"}}
{"timestamp":"2025-09-30T06:59:47.551Z","type":"health_check","status":"error","details":{"database":"healthy","supabase":"healthy","system":"error"}}
{"timestamp":"2025-09-30T07:00:47.739Z","type":"health_check","status":"error","details":{"database":"healthy","supabase":"healthy","system":"error"}}
{"timestamp":"2025-09-30T07:00:48.053Z","type":"health_check","status":"error","details":{"database":"healthy","supabase":"healthy","system":"error"}}
{"timestamp":"2025-09-30T07:01:49.986Z","type":"health_check","status":"healthy","details":{"database":"healthy","supabase":"healthy","system":"healthy"}}
{"timestamp":"2025-09-30T07:01:50.591Z","type":"health_check","status":"healthy","details":{"database":"healthy","supabase":"healthy","system":"healthy"}}
{"timestamp":"2025-09-30T07:02:32.316Z","type":"health_check","status":"error","details":{"database":"error","supabase":"warning","system":"warning"}}
{"timestamp":"2025-09-30T07:02:32.340Z","type":"health_check","status":"error","details":{"database":"error","supabase":"warning","system":"warning"}}
{"timestamp":"2025-09-30T07:03:02.326Z","type":"health_check","status":"error","details":{"database":"error","supabase":"warning","system":"warning"}}
{"timestamp":"2025-09-30T07:03:02.344Z","type":"health_check","status":"error","details":{"database":"error","supabase":"warning","system":"warning"}}
{"timestamp":"2025-09-30T07:03:59.762Z","type":"health_check","status":"error","details":{"database":"error","supabase":"warning","system":"warning"}}
{"timestamp":"2025-09-30T07:03:59.743Z","type":"health_check","status":"error","details":{"database":"error","supabase":"warning","system":"warning"}}
{"timestamp":"2025-09-30T07:04:29.759Z","type":"health_check","status":"error","details":{"database":"error","supabase":"warning","system":"healthy"}}
{"timestamp":"2025-09-30T07:04:29.767Z","type":"health_check","status":"error","details":{"database":"error","supabase":"warning","system":"warning"}}
{"timestamp":"2025-09-30T07:05:18.028Z","type":"health_check","status":"error","details":{"database":"error","supabase":"warning","system":"warning"}}
{"timestamp":"2025-09-30T07:05:18.131Z","type":"health_check","status":"error","details":{"database":"error","supabase":"warning","system":"warning"}}
{"timestamp":"2025-09-30T07:06:04.162Z","type":"health_check","status":"error","details":{"database":"error","supabase":"warning","system":"warning"}}
{"timestamp":"2025-09-30T07:06:19.281Z","type":"health_check","status":"error","details":{"database":"error","supabase":"warning","system":"warning"}}
{"timestamp":"2025-09-30T07:06:25.778Z","type":"health_check","status":"warning","details":{"database":"healthy","supabase":"healthy","system":"warning"}}
{"timestamp":"2025-09-30T07:06:25.802Z","type":"health_check","status":"warning","details":{"database":"healthy","supabase":"healthy","system":"warning"}}
{"timestamp":"2025-09-30T07:06:55.812Z","type":"health_check","status":"warning","details":{"database":"healthy","supabase":"healthy","system":"warning"}}
{"timestamp":"2025-09-30T07:06:55.780Z","type":"health_check","status":"warning","details":{"database":"healthy","supabase":"healthy","system":"warning"}}
{"timestamp":"2025-09-30T07:07:57.231Z","type":"health_check","status":"healthy","details":{"database":"healthy","supabase":"healthy","system":"healthy"}}
{"timestamp":"2025-09-30T07:07:57.246Z","type":"health_check","status":"healthy","details":{"database":"healthy","supabase":"healthy","system":"healthy"}}
{"timestamp":"2025-09-30T07:08:28.660Z","type":"health_check","status":"warning","details":{"database":"healthy","supabase":"healthy","system":"warning"}}
{"timestamp":"2025-09-30T07:08:28.740Z","type":"health_check","status":"warning","details":{"database":"healthy","supabase":"healthy","system":"warning"}}
{"timestamp":"2025-09-30T07:09:30.091Z","type":"health_check","status":"warning","details":{"database":"healthy","supabase":"healthy","system":"warning"}}
{"timestamp":"2025-09-30T07:09:30.005Z","type":"health_check","status":"warning","details":{"database":"healthy","supabase":"healthy","system":"warning"}}
{"timestamp":"2025-09-30T07:10:31.314Z","type":"health_check","status":"error","details":{"database":"warning","supabase":"healthy","system":"error"}}
{"timestamp":"2025-09-30T07:10:31.322Z","type":"health_check","status":"warning","details":{"database":"warning","supabase":"healthy","system":"warning"}}
{"timestamp":"2025-09-30T07:11:33.152Z","type":"health_check","status":"error","details":{"database":"healthy","supabase":"healthy","system":"error"}}
{"timestamp":"2025-09-30T07:11:33.169Z","type":"health_check","status":"error","details":{"database":"healthy","supabase":"healthy","system":"error"}}
{"timestamp":"2025-09-30T07:12:33.536Z","type":"health_check","status":"error","details":{"database":"healthy","supabase":"healthy","system":"error"}}
{"timestamp":"2025-09-30T07:12:33.541Z","type":"health_check","status":"error","details":{"database":"healthy","supabase":"healthy","system":"error"}}
{"timestamp":"2025-09-30T07:13:34.171Z","type":"health_check","status":"error","details":{"database":"healthy","supabase":"healthy","system":"error"}}
{"timestamp":"2025-09-30T07:13:34.251Z","type":"health_check","status":"error","details":{"database":"healthy","supabase":"healthy","system":"error"}}
{"timestamp":"2025-09-30T07:14:34.849Z","type":"health_check","status":"error","details":{"database":"healthy","supabase":"healthy","system":"error"}}
{"timestamp":"2025-09-30T07:14:34.851Z","type":"health_check","status":"error","details":{"database":"healthy","supabase":"healthy","system":"error"}}
{"timestamp":"2025-09-30T07:15:35.530Z","type":"health_check","status":"warning","details":{"database":"healthy","supabase":"healthy","system":"warning"}}
{"timestamp":"2025-09-30T07:15:35.527Z","type":"health_check","status":"warning","details":{"database":"healthy","supabase":"healthy","system":"warning"}}
{"timestamp":"2025-09-30T07:36:51.981Z","type":"health_check","status":"warning","details":{"database":"healthy","supabase":"healthy","system":"warning"}}
{"timestamp":"2025-09-30T07:36:52.032Z","type":"health_check","status":"warning","details":{"database":"healthy","supabase":"healthy","system":"warning"}}
{"timestamp":"2025-09-30T07:37:22.394Z","type":"health_check","status":"warning","details":{"database":"healthy","supabase":"healthy","system":"warning"}}
{"timestamp":"2025-09-30T07:37:22.240Z","type":"health_check","status":"warning","details":{"database":"healthy","supabase":"healthy","system":"warning"}}
{"timestamp":"2025-09-30T07:38:08.101Z","type":"health_check","status":"error","details":{"database":"healthy","supabase":"healthy","system":"error"}}
{"timestamp":"2025-09-30T07:38:08.178Z","type":"health_check","status":"error","details":{"database":"healthy","supabase":"healthy","system":"error"}}
{"timestamp":"2025-09-30T07:39:08.476Z","type":"health_check","status":"error","details":{"database":"healthy","supabase":"healthy","system":"error"}}
{"timestamp":"2025-09-30T07:39:08.532Z","type":"health_check","status":"error","details":{"database":"healthy","supabase":"healthy","system":"error"}}
{"timestamp":"2025-09-30T07:40:08.907Z","type":"health_check","status":"warning","details":{"database":"healthy","supabase":"healthy","system":"warning"}}
{"timestamp":"2025-09-30T07:40:08.998Z","type":"health_check","status":"warning","details":{"database":"healthy","supabase":"healthy","system":"warning"}}
{"timestamp":"2025-09-30T07:41:09.246Z","type":"health_check","status":"error","details":{"database":"healthy","supabase":"healthy","system":"error"}}
{"timestamp":"2025-09-30T07:41:09.430Z","type":"health_check","status":"error","details":{"database":"healthy","supabase":"healthy","system":"error"}}
{"timestamp":"2025-09-30T07:42:09.895Z","type":"health_check","status":"error","details":{"database":"healthy","supabase":"healthy","system":"error"}}
{"timestamp":"2025-09-30T07:42:09.978Z","type":"health_check","status":"error","details":{"database":"healthy","supabase":"healthy","system":"error"}}
{"timestamp":"2025-09-30T07:43:10.294Z","type":"health_check","status":"error","details":{"database":"healthy","supabase":"healthy","system":"error"}}
{"timestamp":"2025-09-30T07:43:10.665Z","type":"health_check","status":"error","details":{"database":"healthy","supabase":"healthy","system":"error"}}
{"timestamp":"2025-09-30T07:44:10.957Z","type":"health_check","status":"healthy","details":{"database":"healthy","supabase":"healthy","system":"healthy"}}
{"timestamp":"2025-09-30T07:44:10.964Z","type":"health_check","status":"healthy","details":{"database":"healthy","supabase":"healthy","system":"healthy"}}
{"timestamp":"2025-09-30T07:44:56.445Z","type":"health_check","status":"error","details":{"database":"error","supabase":"warning","system":"warning"}}
{"timestamp":"2025-09-30T07:44:56.418Z","type":"health_check","status":"error","details":{"database":"error","supabase":"warning","system":"warning"}}
{"timestamp":"2025-09-30T07:45:57.115Z","type":"health_check","status":"warning","details":{"database":"healthy","supabase":"healthy","system":"warning"}}
{"timestamp":"2025-09-30T07:46:00.197Z","type":"health_check","status":"warning","details":{"database":"healthy","supabase":"healthy","system":"warning"}}
{"timestamp":"2025-09-30T07:46:57.949Z","type":"health_check","status":"error","details":{"database":"healthy","supabase":"healthy","system":"error"}}
{"timestamp":"2025-09-30T07:47:00.814Z","type":"health_check","status":"warning","details":{"database":"healthy","supabase":"healthy","system":"warning"}}
{"timestamp":"2025-09-30T07:47:58.934Z","type":"health_check","status":"error","details":{"database":"warning","supabase":"healthy","system":"error"}}
{"timestamp":"2025-09-30T07:48:01.312Z","type":"health_check","status":"error","details":{"database":"healthy","supabase":"healthy","system":"error"}}
{"timestamp":"2025-09-30T07:49:01.012Z","type":"health_check","status":"healthy","details":{"database":"healthy","supabase":"healthy","system":"healthy"}}
{"timestamp":"2025-09-30T07:49:01.976Z","type":"health_check","status":"healthy","details":{"database":"healthy","supabase":"healthy","system":"healthy"}}
{"timestamp":"2025-09-30T07:49:31.379Z","type":"health_check","status":"error","details":{"database":"healthy","supabase":"healthy","system":"error"}}
{"timestamp":"2025-09-30T07:49:32.171Z","type":"health_check","status":"warning","details":{"database":"healthy","supabase":"healthy","system":"warning"}}
{"timestamp":"2025-09-30T07:49:56.349Z","type":"health_check","status":"warning","details":{"database":"healthy","supabase":"healthy","system":"warning"}}
{"timestamp":"2025-09-30T07:49:56.300Z","type":"health_check","status":"warning","details":{"database":"healthy","supabase":"healthy","system":"warning"}}
{"timestamp":"2025-09-30T07:50:26.356Z","type":"health_check","status":"warning","details":{"database":"slow","supabase":"healthy","system":"warning"}}
{"timestamp":"2025-09-30T07:50:26.316Z","type":"health_check","status":"warning","details":{"database":"slow","supabase":"healthy","system":"warning"}}
{"timestamp":"2025-09-30T07:51:29.028Z","type":"health_check","status":"warning","details":{"database":"healthy","supabase":"healthy","system":"warning"}}
{"timestamp":"2025-09-30T07:51:29.339Z","type":"health_check","status":"warning","details":{"database":"healthy","supabase":"healthy","system":"warning"}}
{"timestamp":"2025-09-30T07:52:29.758Z","type":"health_check","status":"error","details":{"database":"healthy","supabase":"healthy","system":"error"}}
{"timestamp":"2025-09-30T07:52:30.124Z","type":"health_check","status":"error","details":{"database":"healthy","supabase":"healthy","system":"error"}}
{"timestamp":"2025-09-30T07:53:30.637Z","type":"health_check","status":"warning","details":{"database":"healthy","supabase":"healthy","system":"warning"}}
{"timestamp":"2025-09-30T07:53:30.268Z","type":"health_check","status":"warning","details":{"database":"healthy","supabase":"healthy","system":"warning"}}
{"timestamp":"2025-09-30T07:54:30.909Z","type":"health_check","status":"error","details":{"database":"healthy","supabase":"healthy","system":"error"}}
{"timestamp":"2025-09-30T07:54:30.988Z","type":"health_check","status":"error","details":{"database":"healthy","supabase":"healthy","system":"error"}}
{"timestamp":"2025-09-30T07:55:31.427Z","type":"health_check","status":"healthy","details":{"database":"healthy","supabase":"healthy","system":"healthy"}}
{"timestamp":"2025-09-30T07:55:31.424Z","type":"health_check","status":"warning","details":{"database":"warning","supabase":"healthy","system":"healthy"}}
{"timestamp":"2025-09-30T07:56:02.299Z","type":"health_check","status":"warning","details":{"database":"healthy","supabase":"healthy","system":"warning"}}
{"timestamp":"2025-09-30T07:56:02.701Z","type":"health_check","status":"warning","details":{"database":"healthy","supabase":"healthy","system":"warning"}}
{"timestamp":"2025-09-30T07:56:47.611Z","type":"health_check","status":"warning","details":{"database":"healthy","supabase":"healthy","system":"warning"}}
{"timestamp":"2025-09-30T07:56:47.596Z","type":"health_check","status":"warning","details":{"database":"healthy","supabase":"healthy","system":"warning"}}
{"timestamp":"2025-09-30T07:57:17.611Z","type":"health_check","status":"error","details":{"database":"healthy","supabase":"healthy","system":"error"}}
{"timestamp":"2025-09-30T07:57:17.635Z","type":"health_check","status":"error","details":{"database":"healthy","supabase":"healthy","system":"error"}}
{"timestamp":"2025-09-30T07:58:17.985Z","type":"health_check","status":"error","details":{"database":"healthy","supabase":"healthy","system":"error"}}
{"timestamp":"2025-09-30T07:58:18.194Z","type":"health_check","status":"error","details":{"database":"healthy","supabase":"healthy","system":"error"}}
{"timestamp":"2025-09-30T07:59:18.397Z","type":"health_check","status":"error","details":{"database":"healthy","supabase":"healthy","system":"error"}}
{"timestamp":"2025-09-30T07:59:18.497Z","type":"health_check","status":"error","details":{"database":"healthy","supabase":"healthy","system":"error"}}
{"timestamp":"2025-09-30T08:00:19.045Z","type":"health_check","status":"error","details":{"database":"healthy","supabase":"healthy","system":"error"}}
{"timestamp":"2025-09-30T08:00:19.062Z","type":"health_check","status":"error","details":{"database":"healthy","supabase":"healthy","system":"error"}}
{"timestamp":"2025-09-30T08:01:19.290Z","type":"health_check","status":"error","details":{"database":"healthy","supabase":"healthy","system":"error"}}
{"timestamp":"2025-09-30T08:01:19.339Z","type":"health_check","status":"error","details":{"database":"healthy","supabase":"healthy","system":"error"}}
{"timestamp":"2025-09-30T08:02:19.900Z","type":"health_check","status":"error","details":{"database":"healthy","supabase":"healthy","system":"error"}}
{"timestamp":"2025-09-30T08:02:19.946Z","type":"health_check","status":"error","details":{"database":"healthy","supabase":"healthy","system":"error"}}
{"timestamp":"2025-09-30T08:02:33.984Z","type":"health_check","status":"warning","details":{"database":"healthy","supabase":"healthy","system":"warning"}}
{"timestamp":"2025-09-30T08:02:33.963Z","type":"health_check","status":"warning","details":{"database":"healthy","supabase":"healthy","system":"warning"}}
{"timestamp":"2025-09-30T08:03:03.995Z","type":"health_check","status":"error","details":{"database":"healthy","supabase":"healthy","system":"error"}}
{"timestamp":"2025-09-30T08:03:03.979Z","type":"health_check","status":"error","details":{"database":"healthy","supabase":"healthy","system":"error"}}
{"timestamp":"2025-09-30T08:04:04.602Z","type":"health_check","status":"error","details":{"database":"healthy","supabase":"healthy","system":"error"}}
{"timestamp":"2025-09-30T08:04:04.652Z","type":"health_check","status":"error","details":{"database":"healthy","supabase":"healthy","system":"error"}}
{"timestamp":"2025-09-30T08:05:04.933Z","type":"health_check","status":"error","details":{"database":"healthy","supabase":"healthy","system":"error"}}
{"timestamp":"2025-09-30T08:05:04.936Z","type":"health_check","status":"error","details":{"database":"healthy","supabase":"healthy","system":"error"}}
{"timestamp":"2025-09-30T08:06:05.448Z","type":"health_check","status":"error","details":{"database":"healthy","supabase":"healthy","system":"error"}}
{"timestamp":"2025-09-30T08:06:05.677Z","type":"health_check","status":"error","details":{"database":"healthy","supabase":"healthy","system":"error"}}
{"timestamp":"2025-09-30T08:07:05.848Z","type":"health_check","status":"error","details":{"database":"healthy","supabase":"healthy","system":"error"}}
{"timestamp":"2025-09-30T08:07:05.743Z","type":"health_check","status":"error","details":{"database":"healthy","supabase":"healthy","system":"error"}}
{"timestamp":"2025-09-30T08:07:11.794Z","type":"health_check","status":"warning","details":{"database":"healthy","supabase":"healthy","system":"warning"}}
{"timestamp":"2025-09-30T08:07:11.779Z","type":"health_check","status":"warning","details":{"database":"healthy","supabase":"healthy","system":"warning"}}
{"timestamp":"2025-09-30T08:07:41.783Z","type":"health_check","status":"warning","details":{"database":"healthy","supabase":"healthy","system":"warning"}}
{"timestamp":"2025-09-30T08:07:41.799Z","type":"health_check","status":"error","details":{"database":"healthy","supabase":"healthy","system":"error"}}
{"timestamp":"2025-09-30T08:08:42.273Z","type":"health_check","status":"error","details":{"database":"healthy","supabase":"healthy","system":"error"}}
{"timestamp":"2025-09-30T08:08:42.194Z","type":"health_check","status":"error","details":{"database":"healthy","supabase":"healthy","system":"error"}}
{"timestamp":"2025-09-30T08:09:42.612Z","type":"health_check","status":"error","details":{"database":"healthy","supabase":"healthy","system":"error"}}
{"timestamp":"2025-09-30T08:09:42.605Z","type":"health_check","status":"error","details":{"database":"healthy","supabase":"healthy","system":"error"}}
{"timestamp":"2025-09-30T08:10:43.275Z","type":"health_check","status":"error","details":{"database":"healthy","supabase":"healthy","system":"error"}}
{"timestamp":"2025-09-30T08:10:43.299Z","type":"health_check","status":"error","details":{"database":"healthy","supabase":"healthy","system":"error"}}
{"timestamp":"2025-09-30T08:11:43.604Z","type":"health_check","status":"error","details":{"database":"healthy","supabase":"healthy","system":"error"}}
{"timestamp":"2025-09-30T08:11:43.625Z","type":"health_check","status":"error","details":{"database":"healthy","supabase":"healthy","system":"error"}}
{"timestamp":"2025-09-30T08:12:44.201Z","type":"health_check","status":"error","details":{"database":"healthy","supabase":"healthy","system":"error"}}
{"timestamp":"2025-09-30T08:12:44.185Z","type":"health_check","status":"error","details":{"database":"healthy","supabase":"healthy","system":"error"}}
{"timestamp":"2025-09-30T08:13:44.481Z","type":"health_check","status":"error","details":{"database":"healthy","supabase":"healthy","system":"error"}}
{"timestamp":"2025-09-30T08:13:44.497Z","type":"health_check","status":"error","details":{"database":"healthy","supabase":"healthy","system":"error"}}
{"timestamp":"2025-09-30T08:14:23.297Z","type":"health_check","status":"warning","details":{"database":"healthy","supabase":"healthy","system":"warning"}}
{"timestamp":"2025-09-30T08:14:23.283Z","type":"health_check","status":"warning","details":{"database":"healthy","supabase":"healthy","system":"warning"}}
{"timestamp":"2025-09-30T08:14:53.292Z","type":"health_check","status":"healthy","details":{"database":"healthy","supabase":"healthy","system":"healthy"}}
{"timestamp":"2025-09-30T08:14:53.308Z","type":"health_check","status":"healthy","details":{"database":"healthy","supabase":"healthy","system":"healthy"}}
{"timestamp":"2025-09-30T08:15:38.693Z","type":"health_check","status":"warning","details":{"database":"healthy","supabase":"healthy","system":"warning"}}
{"timestamp":"2025-09-30T08:15:39.167Z","type":"health_check","status":"error","details":{"database":"healthy","supabase":"healthy","system":"error"}}
{"timestamp":"2025-09-30T08:16:39.362Z","type":"health_check","status":"error","details":{"database":"healthy","supabase":"healthy","system":"error"}}
{"timestamp":"2025-09-30T08:16:39.462Z","type":"health_check","status":"error","details":{"database":"healthy","supabase":"healthy","system":"error"}}
{"timestamp":"2025-09-30T08:17:39.710Z","type":"health_check","status":"error","details":{"database":"healthy","supabase":"healthy","system":"error"}}
{"timestamp":"2025-09-30T08:17:39.776Z","type":"health_check","status":"error","details":{"database":"healthy","supabase":"healthy","system":"error"}}
{"timestamp":"2025-09-30T08:18:23.790Z","type":"health_check","status":"warning","details":{"database":"healthy","supabase":"healthy","system":"warning"}}
{"timestamp":"2025-09-30T08:18:23.773Z","type":"health_check","status":"warning","details":{"database":"healthy","supabase":"healthy","system":"warning"}}
{"timestamp":"2025-09-30T08:18:53.787Z","type":"health_check","status":"warning","details":{"database":"healthy","supabase":"healthy","system":"warning"}}
{"timestamp":"2025-09-30T08:18:53.793Z","type":"health_check","status":"warning","details":{"database":"healthy","supabase":"healthy","system":"warning"}}
{"timestamp":"2025-09-30T08:19:54.019Z","type":"health_check","status":"error","details":{"database":"healthy","supabase":"healthy","system":"error"}}
{"timestamp":"2025-09-30T08:19:54.016Z","type":"health_check","status":"error","details":{"database":"healthy","supabase":"healthy","system":"error"}}
{"timestamp":"2025-09-30T08:20:54.632Z","type":"health_check","status":"error","details":{"database":"healthy","supabase":"healthy","system":"error"}}
{"timestamp":"2025-09-30T08:20:54.946Z","type":"health_check","status":"error","details":{"database":"healthy","supabase":"healthy","system":"error"}}
{"timestamp":"2025-09-30T08:21:55.141Z","type":"health_check","status":"error","details":{"database":"healthy","supabase":"healthy","system":"error"}}
{"timestamp":"2025-09-30T08:21:54.947Z","type":"health_check","status":"error","details":{"database":"healthy","supabase":"healthy","system":"error"}}
{"timestamp":"2025-09-30T08:22:55.875Z","type":"health_check","status":"error","details":{"database":"healthy","supabase":"healthy","system":"error"}}
{"timestamp":"2025-09-30T08:22:55.873Z","type":"health_check","status":"error","details":{"database":"healthy","supabase":"healthy","system":"error"}}
{"timestamp":"2025-09-30T08:23:41.643Z","type":"health_check","status":"warning","details":{"database":"healthy","supabase":"healthy","system":"warning"}}
{"timestamp":"2025-09-30T08:23:41.657Z","type":"health_check","status":"warning","details":{"database":"healthy","supabase":"healthy","system":"warning"}}
{"timestamp":"2025-09-30T08:24:11.662Z","type":"health_check","status":"error","details":{"database":"healthy","supabase":"healthy","system":"error"}}
{"timestamp":"2025-09-30T08:24:11.652Z","type":"health_check","status":"error","details":{"database":"healthy","supabase":"healthy","system":"error"}}
{"timestamp":"2025-09-30T08:25:12.394Z","type":"health_check","status":"error","details":{"database":"healthy","supabase":"healthy","system":"error"}}
{"timestamp":"2025-09-30T08:25:12.660Z","type":"health_check","status":"error","details":{"database":"healthy","supabase":"healthy","system":"error"}}
{"timestamp":"2025-09-30T08:26:12.724Z","type":"health_check","status":"error","details":{"database":"healthy","supabase":"healthy","system":"error"}}
{"timestamp":"2025-09-30T08:26:12.828Z","type":"health_check","status":"error","details":{"database":"healthy","supabase":"healthy","system":"error"}}
{"timestamp":"2025-09-30T08:27:13.356Z","type":"health_check","status":"error","details":{"database":"healthy","supabase":"healthy","system":"error"}}
{"timestamp":"2025-09-30T08:27:13.374Z","type":"health_check","status":"error","details":{"database":"healthy","supabase":"healthy","system":"error"}}
{"timestamp":"2025-09-30T08:28:13.706Z","type":"health_check","status":"error","details":{"database":"healthy","supabase":"healthy","system":"error"}}
{"timestamp":"2025-09-30T08:28:13.704Z","type":"health_check","status":"error","details":{"database":"healthy","supabase":"healthy","system":"error"}}
{"timestamp":"2025-09-30T08:29:14.337Z","type":"health_check","status":"error","details":{"database":"healthy","supabase":"healthy","system":"error"}}
{"timestamp":"2025-09-30T08:29:14.369Z","type":"health_check","status":"error","details":{"database":"healthy","supabase":"healthy","system":"error"}}
{"timestamp":"2025-09-30T08:30:14.650Z","type":"health_check","status":"error","details":{"database":"healthy","supabase":"healthy","system":"error"}}
{"timestamp":"2025-09-30T08:30:14.684Z","type":"health_check","status":"error","details":{"database":"healthy","supabase":"healthy","system":"error"}}
{"timestamp":"2025-09-30T08:31:15.332Z","type":"health_check","status":"error","details":{"database":"healthy","supabase":"healthy","system":"error"}}
{"timestamp":"2025-09-30T08:31:15.259Z","type":"health_check","status":"error","details":{"database":"warning","supabase":"healthy","system":"error"}}
{"timestamp":"2025-09-30T08:31:55.372Z","type":"health_check","status":"warning","details":{"database":"healthy","supabase":"healthy","system":"warning"}}
{"timestamp":"2025-09-30T08:31:55.388Z","type":"health_check","status":"warning","details":{"database":"healthy","supabase":"healthy","system":"warning"}}
{"timestamp":"2025-09-30T08:32:25.386Z","type":"health_check","status":"warning","details":{"database":"healthy","supabase":"healthy","system":"warning"}}
{"timestamp":"2025-09-30T08:32:25.395Z","type":"health_check","status":"warning","details":{"database":"healthy","supabase":"healthy","system":"warning"}}
{"timestamp":"2025-09-30T08:33:25.750Z","type":"health_check","status":"error","details":{"database":"healthy","supabase":"healthy","system":"error"}}
{"timestamp":"2025-09-30T08:33:25.742Z","type":"health_check","status":"error","details":{"database":"healthy","supabase":"healthy","system":"error"}}
{"timestamp":"2025-09-30T08:34:26.142Z","type":"health_check","status":"error","details":{"database":"healthy","supabase":"healthy","system":"error"}}
{"timestamp":"2025-09-30T08:34:26.151Z","type":"health_check","status":"error","details":{"database":"healthy","supabase":"healthy","system":"error"}}
{"timestamp":"2025-09-30T08:35:26.557Z","type":"health_check","status":"error","details":{"database":"healthy","supabase":"healthy","system":"error"}}
{"timestamp":"2025-09-30T08:35:26.562Z","type":"health_check","status":"error","details":{"database":"healthy","supabase":"healthy","system":"error"}}
{"timestamp":"2025-09-30T08:36:05.969Z","type":"health_check","status":"warning","details":{"database":"healthy","supabase":"healthy","system":"warning"}}
{"timestamp":"2025-09-30T08:36:05.956Z","type":"health_check","status":"warning","details":{"database":"healthy","supabase":"healthy","system":"warning"}}
{"timestamp":"2025-09-30T08:36:35.979Z","type":"health_check","status":"warning","details":{"database":"healthy","supabase":"healthy","system":"warning"}}
{"timestamp":"2025-09-30T08:36:35.964Z","type":"health_check","status":"warning","details":{"database":"healthy","supabase":"healthy","system":"warning"}}
{"timestamp":"2025-09-30T08:37:21.269Z","type":"health_check","status":"error","details":{"database":"healthy","supabase":"healthy","system":"error"}}
{"timestamp":"2025-09-30T08:37:21.348Z","type":"health_check","status":"error","details":{"database":"healthy","supabase":"healthy","system":"error"}}
{"timestamp":"2025-09-30T08:38:18.721Z","type":"health_check","status":"warning","details":{"database":"healthy","supabase":"healthy","system":"warning"}}
{"timestamp":"2025-09-30T08:38:18.704Z","type":"health_check","status":"warning","details":{"database":"healthy","supabase":"healthy","system":"warning"}}
{"timestamp":"2025-09-30T08:38:48.725Z","type":"health_check","status":"warning","details":{"database":"healthy","supabase":"healthy","system":"warning"}}
{"timestamp":"2025-09-30T08:39:00.603Z","type":"health_check","status":"warning","details":{"database":"healthy","supabase":"healthy","system":"warning"}}
{"timestamp":"2025-09-30T08:39:00.585Z","type":"health_check","status":"warning","details":{"database":"healthy","supabase":"healthy","system":"warning"}}
{"timestamp":"2025-09-30T08:39:30.603Z","type":"health_check","status":"warning","details":{"database":"healthy","supabase":"healthy","system":"warning"}}
{"timestamp":"2025-09-30T08:39:30.599Z","type":"health_check","status":"warning","details":{"database":"healthy","supabase":"healthy","system":"warning"}}
{"timestamp":"2025-09-30T08:40:15.970Z","type":"health_check","status":"healthy","details":{"database":"healthy","supabase":"healthy","system":"healthy"}}
{"timestamp":"2025-09-30T08:40:16.001Z","type":"health_check","status":"healthy","details":{"database":"healthy","supabase":"healthy","system":"healthy"}}
{"timestamp":"2025-09-30T08:40:46.533Z","type":"health_check","status":"error","details":{"database":"healthy","supabase":"healthy","system":"error"}}
{"timestamp":"2025-09-30T08:40:46.580Z","type":"health_check","status":"error","details":{"database":"healthy","supabase":"healthy","system":"error"}}
{"timestamp":"2025-09-30T08:41:46.894Z","type":"health_check","status":"error","details":{"database":"healthy","supabase":"healthy","system":"error"}}
{"timestamp":"2025-09-30T08:41:46.892Z","type":"health_check","status":"error","details":{"database":"healthy","supabase":"healthy","system":"error"}}
{"timestamp":"2025-09-30T08:42:47.214Z","type":"health_check","status":"error","details":{"database":"healthy","supabase":"healthy","system":"error"}}
{"timestamp":"2025-09-30T08:42:47.210Z","type":"health_check","status":"error","details":{"database":"healthy","supabase":"healthy","system":"error"}}
{"timestamp":"2025-09-30T08:43:47.877Z","type":"health_check","status":"error","details":{"database":"healthy","supabase":"healthy","system":"error"}}
{"timestamp":"2025-09-30T08:43:47.876Z","type":"health_check","status":"error","details":{"database":"healthy","supabase":"healthy","system":"error"}}
{"timestamp":"2025-09-30T08:44:48.473Z","type":"health_check","status":"error","details":{"database":"healthy","supabase":"healthy","system":"error"}}
{"timestamp":"2025-09-30T08:44:48.240Z","type":"health_check","status":"error","details":{"database":"healthy","supabase":"healthy","system":"error"}}
{"timestamp":"2025-09-30T08:45:48.820Z","type":"health_check","status":"error","details":{"database":"healthy","supabase":"healthy","system":"error"}}
{"timestamp":"2025-09-30T08:45:48.821Z","type":"health_check","status":"error","details":{"database":"healthy","supabase":"healthy","system":"error"}}
{"timestamp":"2025-09-30T08:46:49.185Z","type":"health_check","status":"error","details":{"database":"healthy","supabase":"healthy","system":"error"}}
{"timestamp":"2025-09-30T08:46:49.184Z","type":"health_check","status":"error","details":{"database":"healthy","supabase":"healthy","system":"error"}}
{"timestamp":"2025-09-30T08:47:49.817Z","type":"health_check","status":"error","details":{"database":"healthy","supabase":"healthy","system":"error"}}
{"timestamp":"2025-09-30T08:47:50.201Z","type":"health_check","status":"error","details":{"database":"healthy","supabase":"healthy","system":"error"}}
{"timestamp":"2025-09-30T08:48:50.167Z","type":"health_check","status":"error","details":{"database":"healthy","supabase":"healthy","system":"error"}}
{"timestamp":"2025-09-30T08:48:50.330Z","type":"health_check","status":"error","details":{"database":"healthy","supabase":"healthy","system":"error"}}
{"timestamp":"2025-09-30T08:49:50.789Z","type":"health_check","status":"error","details":{"database":"healthy","supabase":"healthy","system":"error"}}
{"timestamp":"2025-09-30T08:49:50.865Z","type":"health_check","status":"error","details":{"database":"warning","supabase":"healthy","system":"error"}}
{"timestamp":"2025-09-30T08:50:51.545Z","type":"health_check","status":"error","details":{"database":"healthy","supabase":"healthy","system":"error"}}
{"timestamp":"2025-09-30T08:50:52.175Z","type":"health_check","status":"error","details":{"database":"healthy","supabase":"healthy","system":"error"}}
{"timestamp":"2025-09-30T08:53:30.373Z","type":"health_check","status":"warning","details":{"database":"healthy","supabase":"healthy","system":"warning"}}
{"timestamp":"2025-09-30T08:53:30.356Z","type":"health_check","status":"warning","details":{"database":"healthy","supabase":"healthy","system":"warning"}}
{"timestamp":"2025-09-30T08:54:00.376Z","type":"health_check","status":"warning","details":{"database":"healthy","supabase":"healthy","system":"warning"}}
{"timestamp":"2025-09-30T08:54:00.372Z","type":"health_check","status":"warning","details":{"database":"healthy","supabase":"healthy","system":"warning"}}
{"timestamp":"2025-09-30T08:54:45.726Z","type":"health_check","status":"warning","details":{"database":"healthy","supabase":"healthy","system":"warning"}}
{"timestamp":"2025-09-30T08:54:45.695Z","type":"health_check","status":"warning","details":{"database":"healthy","supabase":"healthy","system":"warning"}}
{"timestamp":"2025-09-30T11:46:37.454Z","type":"health_check","status":"warning","details":{"database":"healthy","supabase":"healthy","system":"warning"}}
{"timestamp":"2025-09-30T11:46:37.491Z","type":"health_check","status":"warning","details":{"database":"healthy","supabase":"healthy","system":"warning"}}
{"timestamp":"2025-09-30T11:47:07.491Z","type":"health_check","status":"healthy","details":{"database":"healthy","supabase":"healthy","system":"healthy"}}
{"timestamp":"2025-09-30T11:47:07.460Z","type":"health_check","status":"healthy","details":{"database":"healthy","supabase":"healthy","system":"healthy"}}
{"timestamp":"2025-09-30T11:47:37.909Z","type":"health_check","status":"healthy","details":{"database":"healthy","supabase":"healthy","system":"healthy"}}
{"timestamp":"2025-09-30T11:47:37.751Z","type":"health_check","status":"healthy","details":{"database":"healthy","supabase":"healthy","system":"healthy"}}
{"timestamp":"2025-09-30T11:48:08.359Z","type":"health_check","status":"healthy","details":{"database":"healthy","supabase":"healthy","system":"healthy"}}
{"timestamp":"2025-09-30T11:48:08.777Z","type":"health_check","status":"healthy","details":{"database":"healthy","supabase":"healthy","system":"healthy"}}
{"timestamp":"2025-09-30T11:48:38.920Z","type":"health_check","status":"healthy","details":{"database":"healthy","supabase":"healthy","system":"healthy"}}
{"timestamp":"2025-09-30T11:48:38.609Z","type":"health_check","status":"healthy","details":{"database":"healthy","supabase":"healthy","system":"healthy"}}
